objid,map_type,map_name,hash_id,name,fieldarea,region,scale,equip,map_static,korok_id,korok_type,pos,drop.type,drop.value
4534,MainField,A-3,0x04a86dd745d5c6fa,Enemy_Bokoblin_Guard_Junior_Cliff,Surface42,Rospro Pass,0,['Weapon_Bow_004'],1,,,"[-4386.14, 219.01, -1939.15]",Table,['Arrow']
4536,MainField,A-3,0x98790531aba942ca,Enemy_Bokoblin_Guard_Junior,Surface42,Rospro Pass,0,"['Weapon_Bow_004', 'BokoblinPipe']",1,,,"[-4392.91, 224.66, -1937.05]",Table,['Arrow']
4539,MainField,A-3,0x70a0de32a7d91f01,Enemy_Bokoblin_Guard_Junior_Cliff,Surface42,Rospro Pass,0,['Weapon_Bow_004'],1,,,"[-4395.8, 220.96, -1938.66]",Table,['Arrow']
4581,MainField,A-3,0xbca9af14ed9e0a76,Enemy_Bokoblin_Guard_Junior,Surface3,Rospro Pass,0,"['Weapon_Bow_004', 'BokoblinPipe']",1,,,"[-4012.58, 364.04, -1968.27]",Table,['Arrow']
9320,MainField,A-6,0xf8da1b126496502d,Enemy_Bokoblin_Guard_Junior_Golem_Fort,Surface4,Gerudo Highlands,0,['BokoblinBasket_FireFruit'],1,,,"[-3980.92, 423.73, 1704.63]",Table,['Default']
9321,MainField,A-6,0x7c6ed3313ea01074,Enemy_Bokoblin_Guard_Junior_Golem_Fort,Surface4,Gerudo Highlands,0,['Weapon_Bow_004'],1,,,"[-3989.25, 424.64, 1695.77]",Table,['Default']
9323,MainField,A-6,0xbaefd7ef17f75f58,Enemy_Bokoblin_Guard_Junior_Golem_Fort,Surface4,Gerudo Highlands,0,['Weapon_Bow_003'],1,,,"[-3986.5, 429.34, 1702.77]",Table,['Default']
21228,MainField,B-2,0x97b7603988ce9eaf,Enemy_Bokoblin_Guard_Junior,Surface3,Rospro Pass,0,"['BokoblinPipe', 'BokoblinBasket_Ice']",1,,,"[-3247.47, 491.52, -2401.92]",Table,['Default']
21233,MainField,B-2,0xc0b58a5a47d7076f,Enemy_Bokoblin_Guard_Junior_Ambush,Surface3,Rospro Pass,0,['Weapon_Sword_103'],1,,,"[-3221.27, 548.6, -2963.82]",Table,['Default']
21266,MainField,B-2,0x6d57c5400a38707d,Enemy_Bokoblin_Guard_Junior,Surface3,Rospro Pass,0,"['Weapon_Bow_004', 'BokoblinPipe']",1,,,"[-3489.5, 285, -2080]",Table,['Arrow']
24132,MainField,B-3,0xea7ac0d05857c91e,Enemy_Bokoblin_Guard_Junior,Surface42,Lindor's Brow,0,"['Weapon_Bow_004', 'BokoblinPipe']",0,,,"[-3178.21, 329.11, -1082.93]",Table,['Arrow']
25591,MainField,B-3,0x7880a8fa97c15a93,Enemy_Bokoblin_Guard_Junior_Cliff,Surface42,Lindor's Brow,0,"['Weapon_Sword_103', 'Item_PlantGet_U']",1,,,"[-3111.16, 265.79, -1290.84]",Table,['Default']
25593,MainField,B-3,0xe46bc3bfabc0c079,Enemy_Bokoblin_Guard_Junior_Cliff,Surface42,Lindor's Brow,0,['Weapon_Bow_004'],1,,,"[-3103.66, 263.84, -1293.19]",Table,['Arrow']
25594,MainField,B-3,0x5dcfa55ba38d5602,Enemy_Bokoblin_Guard_Junior,Surface42,Lindor's Brow,0,"['Weapon_Bow_004', 'BokoblinPipe']",1,,,"[-3108.42, 269.49, -1288.99]",Table,['Arrow']
27599,MainField,B-4,0x0829a2fc5aa5c33b,Enemy_Bokoblin_Guard_Junior,Surface42,Lindor's Brow,0,"['Weapon_Bow_004', 'BokoblinPipe']",0,,,"[-3267.91, 261.75, -978.43]",Table,['Arrow']
27621,MainField,B-4,0x59c4ed6c58c512a9,Enemy_Bokoblin_Guard_Junior,Surface42,Lindor's Brow,0,"['Weapon_Bow_004', 'BokoblinPipe', 'ElectricalFruit', 'BokoblinBasket_ElectricalFruit']",0,,,"[-3921.75, 306.06, -425.02]",Table,['Thunder']
27627,MainField,B-4,0x8eaf340003db81a0,Enemy_Bokoblin_Guard_Junior,Surface42,Lindor's Brow,0,"['BokoblinPipe', 'ElectricalFruit', 'BokoblinBasket_ElectricalFruit']",0,,,"[-3625.52, 300.12, -860.02]",Table,['Default']
27628,MainField,B-4,0x383ba7a7daec1156,Enemy_Bokoblin_Guard_Junior,Surface42,Lindor's Brow,0,"['Weapon_Bow_004', 'BokoblinPipe']",0,,,"[-3632.87, 298.62, -872.83]",Table,['Arrow']
28929,MainField,B-4,0x37f4ef03ab43ea2a,Enemy_Bokoblin_Guard_Junior,Surface27,Gerudo Highlands,0,"['Weapon_Bow_004', 'BokoblinPipe']",1,,,"[-3933, 165.5, -67]",Table,['Arrow']
28954,MainField,B-4,0xa997d818c7cfda76,Enemy_Bokoblin_Guard_Junior,Surface27,Gerudo Highlands,0,"['Weapon_Bow_004', 'BokoblinPipe']",1,,,"[-3935, 163, -102]",Table,['Arrow']
29228,MainField,B-4,0x0a00818f92daf90f,Enemy_Bokoblin_Guard_Junior,Surface42,Lindor's Brow,0,"['Weapon_Bow_004', 'BokoblinPipe']",1,,,"[-3592.82, 280.61, -652.86]",Table,['Arrow']
52790,MainField,C-2,0xb7878dd8825200b8,Enemy_Bokoblin_Guard_Junior,Surface48,Pikida Stonegrove,0,"['Weapon_Bow_004', 'BokoblinPipe']",1,,,"[-2798, 423.39, -2035.76]",Table,['Arrow']
52817,MainField,C-2,0x8883cead1b80c95c,Enemy_Bokoblin_Guard_Junior,Surface48,Pikida Stonegrove,0,"['Weapon_Bow_004', 'BokoblinPipe']",1,,,"[-2791.93, 422.6, -2017.7]",Table,['Arrow']
52842,MainField,C-2,0x7ca6c883f8a7d704,Enemy_Bokoblin_Guard_Junior,Surface3,Rospro Pass,0,"['Weapon_Bow_004', 'BokoblinPipe']",1,,,"[-2846.68, 671.13, -2894.77]",Table,['Arrow']
56575,MainField,C-3,0x0e559dab1dc5704a,Enemy_Bokoblin_Guard_Junior,Surface81,Lindor's Brow,0,"['Weapon_Bow_004', 'BokoblinPipe']",1,,,"[-2130.68, 342.04, -1203.13]",Table,['Arrow']
56604,MainField,C-3,0x3a7fba135c4c1187,Enemy_Bokoblin_Guard_Junior,Surface42,Lindor's Brow,0,"['Weapon_Bow_004', 'BokoblinPipe']",1,,,"[-2958.23, 363.57, -1578.91]",Table,['Arrow']
58826,MainField,C-4,0xd3295c322883f3b0,Enemy_Bokoblin_Guard_Junior_TreeHouseTop,Surface63,Lindor's Brow,0,"['Weapon_Bow_004', 'BokoblinPipe']",0,,,"[-2683.32, 311.66, -107]",Table,['Arrow']
59042,MainField,C-4,0x7f4f1379e2d7af85,Enemy_Bokoblin_Guard_Junior,Surface80,Lindor's Brow,0,"['Weapon_Bow_004', 'BokoblinPipe']",0,,,"[-2844.5, 337.09, -394.23]",Table,['Arrow']
65128,MainField,C-5,0xdb2a7a5267e9ad1f,Enemy_Bokoblin_Guard_Junior_Golem_Fort,Surface80,Lindor's Brow,0,['BokoblinBasket_FireFruit'],1,,,"[-2553.41, 242.12, 116.95]",Table,['Default']
65129,MainField,C-5,0x4d56315383f4cafa,Enemy_Bokoblin_Guard_Junior_Golem_Fort,Surface80,Lindor's Brow,0,['Weapon_Bow_004'],1,,,"[-2542.39, 243.03, 111.79]",Table,['Default']
65131,MainField,C-5,0x17a73055b4b8f612,Enemy_Bokoblin_Guard_Junior_Golem_Fort,Surface80,Lindor's Brow,0,['Weapon_Bow_003'],1,,,"[-2549.9, 247.74, 112.22]",Table,['Default']
65191,MainField,C-5,0x43859af48df8fe89,Enemy_Bokoblin_Guard_Junior,Surface80,Gerudo Highlands,0,"['Weapon_Bow_004', 'BokoblinPipe']",1,,,"[-2931.66, 175.34, 290.23]",Table,['Arrow']
65193,MainField,C-5,0x4a669d0d32c13567,Enemy_Bokoblin_Guard_Junior,Surface80,Gerudo Highlands,0,"['Weapon_Bow_004', 'BokoblinPipe']",1,,,"[-2926.96, 175.15, 292.43]",Table,['Arrow']
79138,MainField,D-2,0x32ae4bb60e2b36f5,Enemy_Bokoblin_Guard_Junior,Surface60,Lindor's Brow,0,"['Weapon_Bow_004', 'BokoblinPipe']",0,,,"[-1016.18, 234.82, -2455.83]",Table,['Arrow']
81508,MainField,D-2,0x794ed965bc0f35bd,Enemy_Bokoblin_Guard_Junior_Ambush,Surface5,Pikida Stonegrove,0,['Weapon_Sword_103'],1,,,"[-1818.06, 355.87, -2241.65]",Table,['Default']
83820,MainField,D-3,0xe5a767a62f44fbff,Enemy_Bokoblin_Guard_Junior,Surface60,Lindor's Brow,0,"['Weapon_Bow_004', 'BokoblinPipe']",0,,,"[-1094.86, 214.81, -1789.98]",Table,['Arrow']
83849,MainField,D-3,0xc6f4b84394d28cf7,Enemy_Bokoblin_Guard_Junior,Surface26,Lindor's Brow,0,"['Weapon_Bow_004', 'BokoblinPipe']",0,,,"[-1099.38, 229.53, -1651.37]",Table,['Arrow']
85228,MainField,D-3,0x98262b662b5142b3,Enemy_Bokoblin_Guard_Junior,Surface26,Lindor's Brow,0,"['Weapon_Bow_004', 'BokoblinPipe']",1,,,"[-1503, 279, -1464]",Table,['Arrow']
85269,MainField,D-3,0x3d0ce190a874eaaa,Enemy_Bokoblin_Guard_Junior,Surface81,Lindor's Brow,0,"['Weapon_Bow_004', 'BokoblinPipe']",1,,,"[-1412.37, 243.8, -1277.24]",Table,['Arrow']
85270,MainField,D-3,0x6fff257dc0fac5af,Enemy_Bokoblin_Guard_Junior,Surface81,Lindor's Brow,0,['BokoblinPipe'],1,,,"[-1417.81, 243.84, -1279.2]",Table,['Default']
85480,MainField,D-3,0xd8a8125d090cbf70,Enemy_Bokoblin_Guard_Junior,Surface26,Lindor's Brow,0,"['Weapon_Bow_004', 'BokoblinPipe']",1,,,"[-1448.91, 250.28, -1026.7]",Table,['Arrow']
85481,MainField,D-3,0x89d0b0ec0f772cdd,Enemy_Bokoblin_Guard_Junior_Cliff,Surface26,Lindor's Brow,0,"['Weapon_Sword_103', 'Item_PlantGet_U']",1,,,"[-1450.92, 246.7, -1023.97]",Table,['Default']
85482,MainField,D-3,0x1f8803a07fd37dc0,Enemy_Bokoblin_Guard_Junior_Cliff,Surface26,Lindor's Brow,0,['Weapon_Bow_004'],1,,,"[-1450.01, 244.68, -1033]",Table,['Arrow']
87229,MainField,D-4,0x765d0b0575c1c02d,Enemy_Bokoblin_Guard_Junior,Surface63,Lindor's Brow,0,"['Weapon_Bow_004', 'BokoblinPipe']",0,,,"[-1624.02, 262.35, -780.01]",Table,['Arrow']
87238,MainField,D-4,0x24d10488f2d541d8,Enemy_Bokoblin_Guard_Junior,Surface63,Lindor's Brow,0,"['Weapon_Bow_004', 'BokoblinPipe']",0,,,"[-1750.51, 262.76, -936.15]",Table,['Arrow']
87241,MainField,D-4,0xaf1a6dfa68f976b1,Enemy_Bokoblin_Guard_Junior,Surface12,Lindor's Brow,0,"['Weapon_Bow_004', 'BokoblinPipe', 'FireFruit', 'BokoblinBasket_FireFruit']",0,,,"[-1230.54, 169.44, -236.03]",Table,['Fire']
87334,MainField,D-4,0xc27e9f8659cd22b6,Enemy_Bokoblin_Guard_Junior,Surface63,Lindor's Brow,0,"['Weapon_Bow_004', 'BokoblinPipe', 'ElectricalFruit', 'BokoblinBasket_ElectricalFruit']",0,,,"[-1845.88, 265.52, -696.69]",Table,['Thunder']
88729,MainField,D-4,0xb7b8fec31a7e9e40,Enemy_Bokoblin_Guard_Junior,Surface12,Lindor's Brow,0,"['Weapon_Bow_004', 'BokoblinPipe']",1,,,"[-1181.63, 174.5, -234.89]",Table,['Arrow']
88742,MainField,D-4,0x7f6fe7409ec36725,Enemy_Bokoblin_Guard_Junior,Surface80,Lindor's Brow,0,"['Weapon_Bow_004', 'BokoblinPipe']",1,,,"[-1957.09, 265.76, -35.62]",Table,['Arrow']
90623,MainField,D-5,0xd2ff5409698b7978,Enemy_Bokoblin_Guard_Junior,Surface6,Lookout Landing,0,"['Weapon_Bow_004', 'BokoblinPipe']",0,,,"[-1022.85, 209.67, 557.11]",Table,['Arrow']
92057,MainField,D-5,0xbee877bfaefe9d26,Enemy_Bokoblin_Guard_Junior,Surface6,Lookout Landing,0,"['Weapon_Bow_004', 'BokoblinPipe']",1,,,"[-1184.78, 150.38, 315.82]",Table,['Arrow']
92062,MainField,D-5,0x3ce9fd1871a61887,Enemy_Bokoblin_Guard_Junior,Surface6,Lookout Landing,0,"['Weapon_Bow_004', 'BokoblinPipe']",1,,,"[-1196.44, 150.27, 313.28]",Table,['Arrow']
92084,MainField,D-5,0xb246af6617071285,Enemy_Bokoblin_Guard_Junior,Surface77,Hyrule Field,0,"['Weapon_Bow_004', 'BokoblinPipe']",1,,,"[-1811.62, 203.9, 561.1]",Table,['Arrow']
105076,MainField,E-2,0x91008131fccd0aad,Enemy_Bokoblin_Guard_Junior,Surface15,Thyphlo Ruins,0,"['Weapon_Bow_004', 'BokoblinPipe', 'FireFruit', 'BokoblinBasket_FireFruit']",0,,,"[-814.17, 285.09, -2919.14]",Table,['Fire']
105408,MainField,E-2,0xc278158088de5853,Enemy_Bokoblin_Guard_Junior,Surface60,Thyphlo Ruins,0,"['Weapon_Bow_004', 'BokoblinPipe', 'FireFruit', 'BokoblinBasket_FireFruit']",0,,,"[-907.4, 265.62, -2307]",Table,['Fire']
107363,MainField,E-3,0x6ded7f057c6599e9,Enemy_Bokoblin_Guard_Junior,Surface26,Thyphlo Ruins,0,"['Weapon_Bow_004', 'BokoblinPipe', 'FireFruit', 'BokoblinBasket_FireFruit']",0,,,"[-718.49, 254.79, -1669.21]",Table,['Fire']
107364,MainField,E-3,0xc9c0a77e89363187,Enemy_Bokoblin_Guard_Junior,Surface26,Thyphlo Ruins,0,"['Weapon_Bow_004', 'BokoblinPipe', 'FireFruit', 'BokoblinBasket_FireFruit']",0,,,"[-723.65, 256.3, -1682.71]",Table,['Fire']
107376,MainField,E-3,0x402891cd23236961,Enemy_Bokoblin_Guard_Junior,Surface26,Lindor's Brow,0,"['Weapon_Bow_004', 'BokoblinPipe', 'ElectricalFruit', 'BokoblinBasket_ElectricalFruit']",0,,,"[-911.33, 223.76, -1518.83]",Table,['Thunder']
114074,MainField,E-4,0x4f106d7a58de06af,Enemy_Bokoblin_Guard_Junior_Cliff,Surface35,Lookout Landing,0,"['Weapon_Sword_103', 'Item_PlantGet_U']",1,,,"[-769.37, 156.38, -807.44]",Table,['Default']
114075,MainField,E-4,0x48e8dfb71af5c9b4,Enemy_Bokoblin_Guard_Junior_Cliff,Surface35,Lookout Landing,0,['BokoblinBasket_FireFruit'],1,,,"[-778.24, 154.43, -811.59]",Table,['Default']
114076,MainField,E-4,0x9cdff0d7c115af42,Enemy_Bokoblin_Guard_Junior,Surface35,Lookout Landing,0,"['Weapon_Bow_004', 'BokoblinPipe']",1,,,"[-771.07, 160.08, -810.27]",Table,['Arrow']
119031,MainField,E-5,0x50c9d02e88bf9988,Enemy_Bokoblin_Guard_Junior,Surface6,Hyrule Field,0,"['Weapon_Bow_004', 'BokoblinPipe', 'FireFruit', 'BokoblinBasket_FireFruit']",1,,,"[-88.98, 134.08, 502.36]",Table,['Fire']
119032,MainField,E-5,0xc965c77950853634,Enemy_Bokoblin_Guard_Junior,Surface6,Hyrule Field,0,"['Weapon_Bow_004', 'BokoblinPipe', 'FireFruit', 'BokoblinBasket_FireFruit']",1,,,"[-139.88, 127.87, 517.74]",Table,['Fire']
119038,MainField,E-5,0xacb28d2733a695ba,Enemy_Bokoblin_Guard_Junior,Surface6,Hyrule Field,0,"['Weapon_Bow_004', 'BokoblinPipe']",1,,,"[-97.74, 133.5, 552.18]",Table,['Arrow']
119064,MainField,E-5,0xa8ce9121f347e73a,Enemy_Bokoblin_Guard_Junior,Surface6,Lookout Landing,0,"['Weapon_Bow_004', 'BokoblinPipe']",1,,,"[-731, 128.33, 542]",Table,['Arrow']
119084,MainField,E-5,0xc49644b166904ff3,Enemy_Bokoblin_Guard_Junior,Surface6,Lookout Landing,0,"['Weapon_Bow_004', 'BokoblinPipe']",1,,,"[-733.89, 129.82, 567.58]",Table,['Arrow']
119088,MainField,E-5,0x7a91089437c9283d,Enemy_Bokoblin_Guard_Junior,Surface6,Lookout Landing,0,"['Weapon_Bow_004', 'BokoblinPipe']",1,,,"[-722.23, 129.71, 570.86]",Table,['Arrow']
119126,MainField,E-5,0x15dc71083fb94263,Enemy_Bokoblin_Guard_Junior_Cliff,Surface6,Hyrule Field,0,"['Weapon_Sword_103', 'Item_PlantGet_U']",1,,,"[-112.77, 144.79, 802.58]",Table,['Default']
119127,MainField,E-5,0x8efd3a407a9b1510,Enemy_Bokoblin_Guard_Junior_Cliff,Surface6,Hyrule Field,0,['BokoblinBasket_FireFruit'],1,,,"[-108.64, 142.84, 793.71]",Table,['Default']
119128,MainField,E-5,0xb62de4a57c0422ce,Enemy_Bokoblin_Guard_Junior,Surface6,Hyrule Field,0,"['Weapon_Bow_004', 'BokoblinPipe']",1,,,"[-109.94, 148.49, 800.88]",Table,['Arrow']
119317,MainField,E-5,0x46155d7a7a77be43,Enemy_Bokoblin_Guard_Junior_Ambush,Surface6,Lookout Landing,0,['Weapon_Sword_103'],1,,,"[-881.11, 189.13, 55.89]",Table,['Default']
119319,MainField,E-5,0x9094e7a2f795a226,Enemy_Bokoblin_Guard_Junior_TreeHouseTop,Surface6,Lookout Landing,0,"['Weapon_Bow_004', 'BokoblinPipe']",1,,,"[-882.39, 197.47, 56.62]",Table,['Arrow']
137286,MainField,F-2,0x0fa307c07c9636aa,Enemy_Bokoblin_Guard_Junior,Surface89,Thyphlo Ruins,0,"['Weapon_Bow_004', 'BokoblinPipe']",0,,,"[922.14, 350.89, -2913.34]",Table,['Arrow']
137300,MainField,F-2,0x9c85de6702f149c9,Enemy_Bokoblin_Guard_Junior,Surface16,Thyphlo Ruins,0,"['Weapon_Bow_004', 'BokoblinPipe']",0,,,"[326.2, 300.07, -2908.79]",Table,['Arrow']
141230,MainField,F-3,0x914cf4ef61f1e937,Enemy_Bokoblin_Guard_Junior_TreeHouseTop,Surface60,Eldin Canyon,0,"['Weapon_Bow_001', 'BokoblinPipe']",0,,,"[944.46, 273.66, -1622.3]",Table,['Arrow']
144715,MainField,F-4,0x5612fbf1b4920064,Enemy_Bokoblin_Guard_Junior,Surface6,Lookout Landing,0,"['Weapon_Bow_004', 'BokoblinPipe']",0,,,"[460.45, 147.67, -367.11]",Table,['Arrow']
146660,MainField,F-4,0x09aae7ca37804948,Enemy_Bokoblin_Guard_Junior,Surface6,Lookout Landing,0,"['Weapon_Bow_004', 'BokoblinPipe']",1,,,"[8.86, 133.59, -121.92]",Table,['Arrow']
146668,MainField,F-4,0xef22fe2a8c82c96d,Enemy_Bokoblin_Guard_Junior,Surface6,Lookout Landing,0,"['Weapon_Bow_004', 'BokoblinPipe']",1,,,"[449, 138.09, -95.5]",Table,['Arrow']
146943,MainField,F-4,0x4841062f410d6e55,Enemy_Bokoblin_Guard_Junior_Golem_Fort,Surface41,Sahasra Slope,0,['BokoblinBasket_FireFruit'],1,,,"[672.18, 142.55, -510.1]",Table,['Default']
146944,MainField,F-4,0xbc10c7c5a5d1ce74,Enemy_Bokoblin_Guard_Junior_Golem_Fort,Surface41,Sahasra Slope,0,['Weapon_Bow_004'],1,,,"[675.9, 143.46, -498.51]",Table,['Default']
146946,MainField,F-4,0x874724c0f21c2350,Enemy_Bokoblin_Guard_Junior_Golem_Fort,Surface41,Sahasra Slope,0,['Weapon_Bow_003'],1,,,"[676.43, 148.17, -506.02]",Table,['Default']
147053,MainField,F-4,0x6b97d0ae22cf566c,Enemy_Bokoblin_Guard_Junior,Surface76,Lookout Landing,0,"['Weapon_Bow_004', 'BokoblinPipe']",1,,,"[203.69, 140.85, -530.43]",Table,['Arrow']
147054,MainField,F-4,0x2c01490fc5b0c244,Enemy_Bokoblin_Guard_Junior_Cliff,Surface76,Lookout Landing,0,['Weapon_Bow_004'],1,,,"[205.75, 137.27, -532.87]",Table,['Arrow']
147055,MainField,F-4,0x7ad657e98d6a5cb2,Enemy_Bokoblin_Guard_Junior_Cliff,Surface76,Lookout Landing,0,['Weapon_Bow_004'],1,,,"[203.92, 135.25, -523.71]",Table,['Arrow']
147058,MainField,F-4,0xdfbeff2f9b208656,Enemy_Bokoblin_Guard_Junior_Cliff,Surface76,Lookout Landing,0,"['Weapon_Sword_103', 'Item_PlantGet_U']",1,,,"[207.68, 136.25, -535.79]",Table,['Default']
147059,MainField,F-4,0xdb265404db78a4b5,Enemy_Bokoblin_Guard_Junior_Cliff,Surface76,Lookout Landing,0,"['Weapon_Sword_103', 'Item_PlantGet_U']",1,,,"[205.39, 136.78, -526.96]",Table,['Default']
147095,MainField,F-4,0x5574e83b614e302a,Enemy_Bokoblin_Guard_Junior,Surface6,Lookout Landing,0,"['Weapon_Bow_004', 'BokoblinPipe']",1,,,"[475.89, 134.07, -96.66]",Table,['Arrow']
149721,MainField,F-5,0xc45505677dc79f31,Enemy_Bokoblin_Guard_Junior,Surface6,Lookout Landing,0,"['Weapon_Bow_004', 'BokoblinPipe']",0,,,"[221.36, 130.69, 121.33]",Table,['Arrow']
149744,MainField,F-5,0x577357bc3e37aa04,Enemy_Bokoblin_Guard_Junior,Surface6,Lookout Landing,0,"['Weapon_Bow_004', 'BokoblinPipe']",0,,,"[439.18, 166.23, 348.27]",Table,['Arrow']
151879,MainField,F-5,0x094d4731b9f4d3d9,Enemy_Bokoblin_Guard_Junior,Surface6,Lookout Landing,0,"['Weapon_Bow_004', 'BokoblinPipe']",1,,,"[546, 135.56, 151.55]",Table,['Arrow']
151911,MainField,F-5,0x240eb819e5692258,Enemy_Bokoblin_Guard_Junior,Surface6,Lookout Landing,0,"['Weapon_Bow_004', 'BokoblinPipe']",1,,,"[557.32, 134.42, 131.81]",Table,['Arrow']
151921,MainField,F-5,0x0b9e0c40a788e84f,Enemy_Bokoblin_Guard_Junior,Surface6,Lookout Landing,0,"['Weapon_Bow_004', 'BokoblinPipe']",1,,,"[569.73, 129.4, 852.86]",Table,['Arrow']
151926,MainField,F-5,0xa698ab87d4c2d42f,Enemy_Bokoblin_Guard_Junior,Surface6,Lookout Landing,0,"['Weapon_Bow_004', 'BokoblinPipe']",1,,,"[572.04, 129.29, 863.75]",Table,['Arrow']
152078,MainField,F-5,0xbea5be2956fbb021,Enemy_Bokoblin_Guard_Junior,Surface6,Lookout Landing,0,"['Weapon_Bow_004', 'BokoblinPipe']",1,,,"[220.81, 131.3, 304.93]",Table,['Arrow']
157586,MainField,F-6,0x0195e9ef5f39e5d8,Enemy_Bokoblin_Guard_Junior,Surface1,Popla Foothills,0,"['Weapon_Bow_004', 'BokoblinPipe']",1,,,"[770.66, 137.26, 1221.78]",Table,['Arrow']
157587,MainField,F-6,0xcd26b14ecd197de1,Enemy_Bokoblin_Guard_Junior_Cliff,Surface1,Popla Foothills,0,['Weapon_Bow_004'],1,,,"[768.29, 133.68, 1219.04]",Table,['Arrow']
157588,MainField,F-6,0x12564aae1a43f276,Enemy_Bokoblin_Guard_Junior_Cliff,Surface1,Popla Foothills,0,['Weapon_Bow_004'],1,,,"[777.03, 131.66, 1222.36]",Table,['Arrow']
157591,MainField,F-6,0xfdbe106c0e9aa5d8,Enemy_Bokoblin_Guard_Junior_Cliff,Surface1,Popla Foothills,0,"['Weapon_Sword_103', 'Item_PlantGet_U']",1,,,"[765.77, 132.66, 1216.72]",Table,['Default']
157592,MainField,F-6,0xf14692c5ecae7673,Enemy_Bokoblin_Guard_Junior_Cliff,Surface1,Popla Foothills,0,"['Weapon_Sword_103', 'Item_PlantGet_U']",1,,,"[774.25, 133.19, 1220.29]",Table,['Default']
157878,MainField,F-6,0x0549fd674d96167d,Enemy_Bokoblin_Guard_Junior_TreeHouseTop,Surface1,Popla Foothills,0,['BokoblinPipe'],1,,,"[988.59, 140.06, 1388.38]",Table,['Default']
189097,MainField,G-5,0x5a02b57525089e4c,Enemy_Bokoblin_Guard_Junior_Cliff,Surface65,Sahasra Slope,0,['Weapon_Bow_004'],1,,,"[1782.26, 129.67, 343.28]",Table,['Arrow']
189098,MainField,G-5,0xb20c5cbc384b7398,Enemy_Bokoblin_Guard_Junior_TreeHouseTop,Surface65,Sahasra Slope,0,"['Weapon_Bow_004', 'BokoblinPipe', 'FireFruit', 'BokoblinBasket_FireFruit']",1,,,"[1778.29, 138.06, 392.36]",Table,['Fire']
189101,MainField,G-5,0x8b369b44ecd47051,Enemy_Bokoblin_Guard_Junior_Cliff,Surface65,Sahasra Slope,0,['Weapon_Bow_004'],1,,,"[1772.86, 129.67, 351.09]",Table,['Arrow']
189102,MainField,G-5,0xa51e54ab39463959,Enemy_Bokoblin_Guard_Junior_Cliff,Surface65,Sahasra Slope,0,['Weapon_Bow_004'],1,,,"[1772.33, 129.67, 357.78]",Table,['Arrow']
189105,MainField,G-5,0x85aa43774f5f686f,Enemy_Bokoblin_Guard_Junior_Cliff,Surface65,Sahasra Slope,0,['Weapon_Bow_004'],1,,,"[1775.62, 129.67, 347.19]",Table,['Arrow']
189434,MainField,G-5,0xf08ddf8445c05ff9,Enemy_Bokoblin_Guard_Junior,Surface65,Sahasra Slope,0,"['Weapon_Bow_004', 'BokoblinPipe']",1,,,"[1042.83, 144.91, 627.36]",Table,['Arrow']
192055,MainField,G-6,0x8cf3ad828ac6e4ca,Enemy_Bokoblin_Guard_Junior,Surface1,Sahasra Slope,0,"['Weapon_Bow_004', 'BokoblinPipe']",0,,,"[1157.58, 264.76, 1544.02]",Table,['Arrow']
194471,MainField,G-6,0xcc8c5df4b91ec1a8,Enemy_Bokoblin_Guard_Junior_Golem_Fort,Surface1,Sahasra Slope,0,['BokoblinBasket_FireFruit'],1,,,"[1249.66, 222.79, 1163.9]",Table,['Default']
194472,MainField,G-6,0xa85f99b0d1e4bec8,Enemy_Bokoblin_Guard_Junior_Golem_Fort,Surface1,Sahasra Slope,0,['Weapon_Bow_004'],1,,,"[1258.62, 223.7, 1172.14]",Table,['Default']
194474,MainField,G-6,0x8e010d8c7810baa7,Enemy_Bokoblin_Guard_Junior_Golem_Fort,Surface1,Sahasra Slope,0,['Weapon_Bow_003'],1,,,"[1255.37, 228.4, 1165.35]",Table,['Default']
194535,MainField,G-6,0x5ec4f8c4a73ac925,Enemy_Bokoblin_Guard_Junior,Surface1,Sahasra Slope,0,"['Weapon_Bow_004', 'BokoblinPipe']",1,,,"[1326.44, 307.55, 1560.58]",Table,['Arrow']
195056,MainField,G-6,0x62ff1ec0c3ce5059,Enemy_Bokoblin_Guard_Junior,Surface1,Sahasra Slope,0,"['Weapon_Bow_004', 'BokoblinPipe']",1,,,"[1385.4, 454.3, 1847.7]",Table,['Arrow']
232936,MainField,H-7,0xe5f9c6701305de48,Enemy_Bokoblin_Guard_Junior,Surface1,Mount Lanayru,0,"['Weapon_Bow_004', 'BokoblinPipe']",1,,,"[2329.41, 197.34, 2101.1]",Table,['Arrow']
545224,MainField,Cave__Cave_Lanayru_0049_GroupSet_000 ,0xc319f5ae3e439e8c,Enemy_Bokoblin_Guard_Junior,Cave85,,0,"['Weapon_Bow_004', 'BokoblinPipe', 'IceFruit', 'BokoblinBasket_IceFruit']",0,,,"[2821.16, 458.2, -529.28]",Table,['Ice']
545225,MainField,Cave__Cave_Lanayru_0049_GroupSet_000 ,0x6776cf1caa7ae66c,Enemy_Bokoblin_Guard_Junior,Cave85,,0,"['Weapon_Bow_004', 'BokoblinPipe', 'IceFruit', 'BokoblinBasket_IceFruit']",0,,,"[2840.02, 458.29, -537.56]",Table,['Ice']
545226,MainField,Cave__Cave_Lanayru_0049_GroupSet_000 ,0x9c6dcc023777c2b8,Enemy_Bokoblin_Guard_Junior,Cave85,,0,"['Weapon_Bow_004', 'BokoblinPipe', 'IceFruit', 'BokoblinBasket_IceFruit']",0,,,"[2823.8, 458.72, -539.97]",Table,['Ice']
338140,MinusField,C-5,0x5cd7d1718bdb71c9,Enemy_Bokoblin_Guard_Junior_Golem_Fort,Depths80,,0,['BokoblinBasket_FireFruit'],1,,,"[-2533.47, -463.22, 108.25]",Table,['Minus']
338141,MinusField,C-5,0xd00814b4f783b3e8,Enemy_Bokoblin_Guard_Junior_Golem_Fort,Depths80,,0,['Weapon_Bow_004'],1,,,"[-2522.63, -462.3, 113.77]",Table,['Minus_Arrow']
338143,MinusField,C-5,0x1af4d4784e4a2cc3,Enemy_Bokoblin_Guard_Junior_Golem_Fort,Depths80,,0,['Weapon_Bow_003'],1,,,"[-2527.58, -457.6, 108.11]",Table,['Minus_Arrow']
360352,MinusField,D-4,0xcedd011916741327,Enemy_Bokoblin_Guard_Junior,Depths6,,0,"['Weapon_Bow_004', 'BokoblinPipe']",1,,,"[-1243.44, -374.65, 35.34]",Table,['Minus_Arrow']
360353,MinusField,D-4,0xf99b3d8eeab10b0c,Enemy_Bokoblin_Guard_Junior,Depths6,,0,"['Weapon_Bow_004', 'BokoblinPipe']",1,,,"[-1246.77, -374.64, 14.39]",Table,['Minus_Arrow']
363843,MinusField,D-5,0x10fab4a0560fd78d,Enemy_Bokoblin_Guard_Junior,Depths106,,0,"['Weapon_Bow_004', 'BokoblinPipe', 'FireFruit', 'BokoblinBasket_FireFruit']",1,,,"[-1211.42, -382.53, 358.14]",Table,['Minus_Arrow']
366848,MinusField,D-6,0xeb7c7e077465b99d,Enemy_Bokoblin_Guard_Junior,Depths6,,0,"['Weapon_Bow_004', 'BokoblinPipe', 'FireFruit', 'BokoblinBasket_FireFruit']",1,,,"[-1484.39, -371.86, 1011.56]",Table,['Minus_Arrow']
366856,MinusField,D-6,0x71b3321e18d84338,Enemy_Bokoblin_Guard_Junior,Depths6,,0,"['Weapon_Bow_004', 'BokoblinPipe', 'FireFruit', 'BokoblinBasket_FireFruit']",1,,,"[-1535.17, -371.38, 1004.42]",Table,['Minus_Arrow']
383618,MinusField,E-4,0x5a73c0787698d5b0,Enemy_Bokoblin_Guard_Junior_TreeHouseTop,Depths76,,0,"['Weapon_Bow_004', 'BokoblinPipe', 'FireFruit', 'BokoblinBasket_FireFruit']",1,,,"[-706.06, -366.32, -403.93]",Table,['Minus_Arrow']
383627,MinusField,E-4,0x7f35a0e6da704e3a,Enemy_Bokoblin_Guard_Junior,Depths106,,0,"['Weapon_Bow_004', 'BokoblinPipe']",1,,,"[-524.08, -363.4, -8.93]",Table,['Minus_Arrow']
383630,MinusField,E-4,0xf83f3b878fa8812e,Enemy_Bokoblin_Guard_Junior_TreeHouseTop,Depths106,,0,"['Weapon_Bow_004', 'BokoblinPipe', 'FireFruit', 'BokoblinBasket_FireFruit']",1,,,"[-492.25, -356.54, -18.84]",Table,['Minus_Arrow']
383635,MinusField,E-4,0x58c5d0947505d93e,Enemy_Bokoblin_Guard_Junior,Depths106,,0,"['Weapon_Bow_004', 'BokoblinPipe', 'BokoblinBasket_Item_Ore_L']",1,,,"[-504.8, -359.81, 8.91]",Table,['Minus_Arrow']
383643,MinusField,E-4,0x19fe3eda43bd62d3,Enemy_Bokoblin_Guard_Junior,Depths76,,0,"['Weapon_Bow_004', 'BokoblinPipe', 'FireFruit', 'BokoblinBasket_FireFruit']",1,,,"[-88.56, -363.45, -149.39]",Table,['Minus_Arrow']
383651,MinusField,E-4,0x43a5fd3ad58a85be,Enemy_Bokoblin_Guard_Junior,Depths76,,0,"['Weapon_Bow_004', 'BokoblinPipe', 'FireFruit', 'BokoblinBasket_FireFruit']",1,,,"[-43.27, -362.92, -173.24]",Table,['Minus_Arrow']
383662,MinusField,E-4,0x231a2614234f405b,Enemy_Bokoblin_Guard_Junior,Depths76,,0,"['Weapon_Bow_004', 'BokoblinPipe']",1,,,"[-966.08, -354.45, -523.81]",Table,['Minus_Arrow']
383671,MinusField,E-4,0x8647649d32cce65e,Enemy_Bokoblin_Guard_Junior,Depths76,,0,"['Weapon_Bow_004', 'BokoblinPipe']",1,,,"[-514.88, -369.95, -534.31]",Table,['Minus_Arrow']
386416,MinusField,E-5,0x7d9d0311c30a990b,Enemy_Bokoblin_Guard_Junior,Depths106,,0,"['Weapon_Bow_004', 'BokoblinPipe']",0,,,"[-268.66, -358.45, 592.16]",Table,['Minus_Arrow']
387970,MinusField,E-5,0x08e84cd21ba80eec,Enemy_Bokoblin_Guard_Junior_Cliff,Depths106,,0,"['Weapon_Sword_103', 'Item_PlantGet_U']",1,,,"[-112.77, -378.26, 802.58]",Table,['Minus']
387971,MinusField,E-5,0x8eb3fa19582ef5f3,Enemy_Bokoblin_Guard_Junior_Cliff,Depths106,,0,['BokoblinBasket_FireFruit'],1,,,"[-108.64, -380.21, 793.71]",Table,['Minus']
387972,MinusField,E-5,0xd6e3116c926ef604,Enemy_Bokoblin_Guard_Junior,Depths106,,0,"['Weapon_Bow_004', 'BokoblinPipe']",1,,,"[-109.94, -374.56, 800.88]",Table,['Minus_Arrow']
388013,MinusField,E-5,0xcbbb38892396764e,Enemy_Bokoblin_Guard_Junior,Depths106,,0,"['Weapon_Bow_004', 'BokoblinPipe']",1,,,"[-636.39, -374.47, 718.89]",Table,['Minus_Arrow']
388019,MinusField,E-5,0x5aff0e841da8ec3e,Enemy_Bokoblin_Guard_Junior,Depths106,,0,"['Weapon_Bow_004', 'BokoblinPipe']",1,,,"[-516.65, -363.61, 427.18]",Table,['Minus_Arrow']
388030,MinusField,E-5,0x56b209decb8e1c4a,Enemy_Bokoblin_Guard_Junior,Depths106,,0,"['Weapon_Bow_001', 'BokoblinPipe', 'FireFruit', 'BokoblinBasket_FireFruit']",1,,,"[-772.37, -359.83, 335.42]",Table,['Minus_Arrow']
388035,MinusField,E-5,0x3fe535dde1d8ffd7,Enemy_Bokoblin_Guard_Junior,Depths106,,0,"['Weapon_Bow_004', 'BokoblinPipe']",1,,,"[-748.83, -362.36, 342.41]",Table,['Minus_Arrow']
388036,MinusField,E-5,0x00bed31c7212345e,Enemy_Bokoblin_Guard_Junior,Depths106,,0,"['Weapon_Bow_004', 'BokoblinPipe']",1,,,"[-755.24, -362.36, 321.12]",Table,['Minus_Arrow']
388054,MinusField,E-5,0x42ddde581078eae6,Enemy_Bokoblin_Guard_Junior,Depths106,,0,"['Weapon_Bow_004', 'BokoblinPipe', 'FireFruit', 'BokoblinBasket_FireFruit']",1,,,"[-617.85, -361.05, 443.14]",Table,['Minus_Arrow']
388070,MinusField,E-5,0xbd52d6f18d58d2b8,Enemy_Bokoblin_Guard_Junior,Depths106,,0,"['Weapon_Bow_004', 'BokoblinPipe']",1,,,"[-828.59, -400.24, 144.01]",Table,['Minus_Arrow']
388073,MinusField,E-5,0xc48f89d63f0090ca,Enemy_Bokoblin_Guard_Junior_TreeHouseTop,Depths106,,0,"['Weapon_Bow_004', 'BokoblinPipe', 'FireFruit', 'BokoblinBasket_FireFruit']",1,,,"[-806.52, -393.37, 119.02]",Table,['Minus_Arrow']
388078,MinusField,E-5,0xd5a163a845bfd9bf,Enemy_Bokoblin_Guard_Junior,Depths106,,0,"['Weapon_Bow_004', 'BokoblinPipe', 'BokoblinBasket_Item_Ore_L']",1,,,"[-802.85, -396.65, 149.25]",Table,['Minus_Arrow']
388148,MinusField,E-5,0x087373004399b74f,Enemy_Bokoblin_Guard_Junior,Depths106,,0,"['Weapon_Bow_004', 'BokoblinPipe', 'FireFruit', 'BokoblinBasket_FireFruit']",1,,,"[-290.34, -382.8, 953.67]",Table,['Minus_Arrow']
388162,MinusField,E-5,0x732101a026d40d13,Enemy_Bokoblin_Guard_Junior_TreeHouseTop,Depths106,,0,"['Weapon_Bow_004', 'BokoblinPipe', 'FireFruit', 'BokoblinBasket_FireFruit']",1,,,"[-542.37, -365.75, 880.62]",Table,['Minus_Arrow']
390518,MinusField,E-6,0xfbdda5226616df35,Enemy_Bokoblin_Guard_Junior,Depths106,,0,"['Weapon_Bow_004', 'BokoblinPipe']",0,,,"[9.97, -357.66, 1022.45]",Table,['Minus_Arrow']
392454,MinusField,E-6,0xe95ab633fc4e641d,Enemy_Bokoblin_Guard_Junior,Depths46,,0,"['Weapon_Bow_001', 'BokoblinPipe', 'FireFruit', 'BokoblinBasket_FireFruit']",1,,,"[-668.25, -404.78, 1680.8]",Table,['Minus_Arrow']
392459,MinusField,E-6,0xc6832d3e37714297,Enemy_Bokoblin_Guard_Junior,Depths46,,0,"['Weapon_Bow_004', 'BokoblinPipe']",1,,,"[-646.56, -407.3, 1688.88]",Table,['Minus_Arrow']
392460,MinusField,E-6,0xd91a08c542baccae,Enemy_Bokoblin_Guard_Junior,Depths46,,0,"['Weapon_Bow_004', 'BokoblinPipe']",1,,,"[-649.55, -407.29, 1666.85]",Table,['Minus_Arrow']
392470,MinusField,E-6,0x2ac8672c331ffc6e,Enemy_Bokoblin_Guard_Junior,Depths32,,0,"['Weapon_Bow_001', 'BokoblinPipe', 'FireFruit', 'BokoblinBasket_FireFruit']",1,,,"[-245.99, -352.77, 1434.02]",Table,['Minus_Arrow']
392475,MinusField,E-6,0x050fab2f8ceadaf2,Enemy_Bokoblin_Guard_Junior,Depths32,,0,"['Weapon_Bow_004', 'BokoblinPipe']",1,,,"[-267.74, -355.29, 1441.92]",Table,['Minus_Arrow']
392476,MinusField,E-6,0x1c94c50b8c932432,Enemy_Bokoblin_Guard_Junior,Depths32,,0,"['Weapon_Bow_004', 'BokoblinPipe']",1,,,"[-251.07, -355.28, 1456.63]",Table,['Minus_Arrow']
392495,MinusField,E-6,0xe7789864d80e9a34,Enemy_Bokoblin_Guard_Junior,Depths70,,0,"['Weapon_Bow_001', 'BokoblinPipe', 'FireFruit', 'BokoblinBasket_FireFruit']",1,,,"[9.52, -403.97, 1810.04]",Table,['Minus_Arrow']
392500,MinusField,E-6,0xc8a1a3621743f4cb,Enemy_Bokoblin_Guard_Junior,Depths70,,0,"['Weapon_Bow_004', 'BokoblinPipe']",1,,,"[-9.91, -406.2, 1794.12]",Table,['Minus_Arrow']
392501,MinusField,E-6,0x3767c2513bdab69c,Enemy_Bokoblin_Guard_Junior,Depths70,,0,"['Weapon_Bow_004', 'BokoblinPipe']",1,,,"[-11.54, -406.6, 1816.29]",Table,['Minus_Arrow']
392563,MinusField,E-6,0x3c70b0ca21b32f9d,Enemy_Bokoblin_Guard_Junior,Depths32,,0,"['Weapon_Bow_004', 'BokoblinPipe']",1,,,"[-748.08, -361.58, 1439.93]",Table,['Minus_Arrow']
392574,MinusField,E-6,0x6eef49f3f8d0fa08,Enemy_Bokoblin_Guard_Junior_TreeHouseTop,Depths32,,0,"['Weapon_Bow_004', 'BokoblinPipe', 'FireFruit', 'BokoblinBasket_FireFruit']",1,,,"[-465.63, -359.22, 1586.97]",Table,['Minus_Arrow']
409262,MinusField,F-4,0xe9c01e75798c79b9,Enemy_Bokoblin_Guard_Junior,Depths76,,0,"['Weapon_Bow_004', 'BokoblinPipe']",1,,,"[218.21, -369.88, -516.49]",Table,['Minus_Arrow']
409303,MinusField,F-4,0x191325671483780b,Enemy_Bokoblin_Guard_Junior,Depths32,,0,"['Weapon_Bow_004', 'BokoblinPipe', 'FireFruit', 'BokoblinBasket_FireFruit']",1,,,"[670.61, -354, -316.08]",Table,['Minus_Arrow']
412572,MinusField,F-5,0x82cd6816db81f248,Enemy_Bokoblin_Guard_Junior,Depths32,,0,"['Weapon_Bow_001', 'BokoblinPipe', 'FireFruit', 'BokoblinBasket_FireFruit']",1,,,"[681.5, -366.42, 52.9]",Table,['Minus_Arrow']
412577,MinusField,F-5,0xe32cf76b5dc8d8c7,Enemy_Bokoblin_Guard_Junior,Depths32,,0,"['Weapon_Bow_004', 'BokoblinPipe']",1,,,"[691.7, -368.94, 32.09]",Table,['Minus_Arrow']
412578,MinusField,F-5,0xd4ebce443d2146ff,Enemy_Bokoblin_Guard_Junior,Depths32,,0,"['Weapon_Bow_004', 'BokoblinPipe']",1,,,"[669.49, -368.93, 32.99]",Table,['Minus_Arrow']
412605,MinusField,F-5,0x09be03071d0bb3d9,Enemy_Bokoblin_Guard_Junior,Depths106,,0,"['Weapon_Bow_004', 'BokoblinPipe']",1,,,"[216.03, -360.73, 129.02]",Table,['Minus_Arrow']
412622,MinusField,F-5,0x31bd193842c7881b,Enemy_Bokoblin_Guard_Junior,Depths32,,0,"['Weapon_Bow_004', 'BokoblinPipe', 'FireFruit', 'BokoblinBasket_FireFruit']",1,,,"[408.57, -383.07, 229.1]",Table,['Minus_Arrow']
412640,MinusField,F-5,0x1dcd43133016bb76,Enemy_Bokoblin_Guard_Junior,Depths32,,0,"['Weapon_Bow_004', 'BokoblinPipe']",1,,,"[541.1, -395.2, 400.63]",Table,['Minus_Arrow']
412641,MinusField,F-5,0x0ecbcbdb4957b34a,Enemy_Bokoblin_Guard_Junior,Depths32,,0,"['Weapon_Bow_004', 'BokoblinPipe']",1,,,"[550.56, -395.19, 381.64]",Table,['Minus_Arrow']
448131,MinusField,H-3,0x0e7c6793418796e5,Enemy_Bokoblin_Guard_Junior_Golem_Fort,Depths2,,0,['BokoblinBasket_FireFruit'],1,,,"[2979.87, -616.96, -1453.33]",Table,['Minus']
448132,MinusField,H-3,0x96cc2691e86c29c3,Enemy_Bokoblin_Guard_Junior_Golem_Fort,Depths2,,0,['Weapon_Bow_004'],1,,,"[2983.16, -616.04, -1441.62]",Table,['Minus_Arrow']
448134,MinusField,H-3,0xcc0fcb9490878be3,Enemy_Bokoblin_Guard_Junior_Golem_Fort,Depths2,,0,['Weapon_Bow_003'],1,,,"[2983.97, -611.34, -1449.1]",Table,['Minus_Arrow']
467270,MinusField,I-1,0xabd50820465c5d9e,Enemy_Bokoblin_Guard_Junior,Depths22,,0,"['Weapon_Bow_004', 'BokoblinPipe']",1,,,"[3283.31, -343.19, -3292.45]",Table,['Minus_Arrow']
467273,MinusField,I-1,0x2e8ecd0116fd1bb1,Enemy_Bokoblin_Guard_Junior_TreeHouseTop,Depths22,,0,"['Weapon_Bow_004', 'BokoblinPipe', 'FireFruit', 'BokoblinBasket_FireFruit']",1,,,"[3281.07, -336.33, -3259.19]",Table,['Minus_Arrow']
