objid,map_type,map_name,hash_id,name,fieldarea,region,scale,equip,map_static,korok_id,korok_type,pos,drop.type,drop.value,drop
11750,MainField,A-7,0xdf1b2630ccc78c9b,Enemy_Zombie_Junior,Surface21,Gerudo Canyon,0,,1,,,"[-4204.39, 145.79, 2965.62]",Table,['Default'],
11751,MainField,A-7,0xf76ca62a5daa9fab,Enemy_Zombie_Junior,Surface21,Gerudo Canyon,0,,1,,,"[-4209.59, 145.3, 2968.62]",Table,['Default'],
11752,MainField,A-7,0x87fd60c1ace2451c,Enemy_Zombie_Junior,Surface21,Gerudo Canyon,0,,1,,,"[-4208.99, 145.5, 2963.66]",Table,['Default'],
11758,MainField,A-7,0x78a5fa312e177014,Enemy_Zombie_Junior,Surface21,Gerudo Canyon,0,,1,,,"[-4460.03, 144.02, 2962.16]",Table,['Default'],
11759,MainField,A-7,0x0f581ffb49353f73,Enemy_Zombie_Junior,Surface21,Gerudo Canyon,0,,1,,,"[-4454.84, 143.81, 2965.16]",Table,['Default'],
11797,MainField,A-7,0x586d231c7816fd98,Enemy_Zombie_Junior,Surface72,Gerudo Canyon,0,,1,,,"[-4037, 149.29, 2717]",Table,['Default'],
11798,MainField,A-7,0x933c8fc9df01ee7a,Enemy_Zombie_Junior,Surface72,Gerudo Canyon,0,,1,,,"[-4017, 149, 2707]",Table,['Default'],
11799,MainField,A-7,0x8cecf9883fb3cac2,Enemy_Zombie_Junior,Surface72,Gerudo Canyon,0,,1,,,"[-4040, 150, 2710]",Table,['Default'],
11800,MainField,A-7,0xda4fd45c0e7b6f8b,Enemy_Zombie_Junior,Surface72,Gerudo Canyon,0,,1,,,"[-4026, 149, 2702]",Table,['Default'],
11801,MainField,A-7,0xfb77f21e2773376b,Enemy_Zombie_Junior,Surface72,Gerudo Canyon,0,,1,,,"[-4014, 149, 2712]",Table,['Default'],
11802,MainField,A-7,0x481f2232bf77069a,Enemy_Zombie_Junior,Surface72,Gerudo Canyon,0,,1,,,"[-4017, 149, 2717]",Table,['Default'],
11803,MainField,A-7,0xba60407a0e1f33d9,Enemy_Zombie_Junior,Surface72,Gerudo Canyon,0,,1,,,"[-4030, 149.14, 2711]",Table,['Default'],
11804,MainField,A-7,0xc1fa82c5f82d11bb,Enemy_Zombie_Junior,Surface72,Gerudo Canyon,0,,1,,,"[-4027, 148.92, 2720]",Table,['Default'],
11882,MainField,A-7,0x1b649dcefbfdf785,Enemy_Zombie_Junior,Surface21,Gerudo Canyon,0,,1,,,"[-4289.39, 144.9, 2857.1]",Table,['Default'],
11883,MainField,A-7,0xe187d46492ed11bb,Enemy_Zombie_Junior,Surface21,Gerudo Canyon,0,,1,,,"[-4276.96, 144.89, 2821.59]",Table,['Default'],
11884,MainField,A-7,0x5f9080b3d34261a2,Enemy_Zombie_Junior,Surface21,Gerudo Canyon,0,,1,,,"[-4304.73, 146.57, 2867.76]",Table,['Default'],
11885,MainField,A-7,0xf81375f0adf638ad,Enemy_Zombie_Junior,Surface21,Gerudo Canyon,0,,1,,,"[-4296.44, 143.78, 2826.79]",Table,['Default'],
11886,MainField,A-7,0x13d6ea6876a917ea,Enemy_Zombie_Junior,Surface21,Gerudo Canyon,0,,1,,,"[-4279.27, 145.39, 2854.86]",Table,['Default'],
13827,MainField,A-8,0x1a0d329ce95d3bf6,Enemy_Zombie_Junior,Surface21,Gerudo Canyon,0,,1,,,"[-4923, 123.91, 3348]",Table,['Default'],
13828,MainField,A-8,0x3106d98a7ace0d44,Enemy_Zombie_Junior,Surface21,Gerudo Canyon,0,,1,,,"[-4917, 124.41, 3348]",Table,['Default'],
13829,MainField,A-8,0xcd5367af016d2278,Enemy_Zombie_Junior,Surface21,Gerudo Canyon,0,,1,,,"[-4920, 124.44, 3352]",Table,['Default'],
13832,MainField,A-8,0x3f9b022d225a23ef,Enemy_Zombie_Junior,Surface40,Gerudo Canyon,0,,1,,,"[-4358.03, 128.24, 3869.29]",Table,['Default'],
13833,MainField,A-8,0xd7ac783ba7653a9f,Enemy_Zombie_Junior,Surface40,Gerudo Canyon,0,,1,,,"[-4352.03, 128.55, 3869.29]",Table,['Default'],
13834,MainField,A-8,0xe7bd175e46363a6d,Enemy_Zombie_Junior,Surface40,Gerudo Canyon,0,,1,,,"[-4355.03, 128.32, 3873.29]",Table,['Default'],
13837,MainField,A-8,0x731fac3f3725ef9e,Enemy_Zombie_Junior,Surface21,Gerudo Canyon,0,,1,,,"[-4113, 147.87, 3058]",Table,['Default'],
13838,MainField,A-8,0x182a214eb459f150,Enemy_Zombie_Junior,Surface21,Gerudo Canyon,0,,1,,,"[-4107, 148.18, 3058]",Table,['Default'],
13839,MainField,A-8,0x2a3d636b7b1d7603,Enemy_Zombie_Junior,Surface21,Gerudo Canyon,0,,1,,,"[-4110, 148.16, 3062]",Table,['Default'],
13842,MainField,A-8,0xdb68fb0a5f0da2aa,Enemy_Zombie_Junior,Surface21,Gerudo Canyon,0,,1,,,"[-4337.65, 144.2, 3063.03]",Table,['Default'],
13843,MainField,A-8,0xf2db9673ad19bc34,Enemy_Zombie_Junior,Surface21,Gerudo Canyon,0,,1,,,"[-4331.65, 144.1, 3063.03]",Table,['Default'],
13844,MainField,A-8,0x830e3f279b65b928,Enemy_Zombie_Junior,Surface21,Gerudo Canyon,0,,1,,,"[-4334.65, 144.29, 3067.03]",Table,['Default'],
13847,MainField,A-8,0x4398b68f05bb3d43,Enemy_Zombie_Junior,Surface21,Gerudo Canyon,0,,1,,,"[-4500.84, 142.4, 3148.73]",Table,['Default'],
13848,MainField,A-8,0x6a67165e84682f13,Enemy_Zombie_Junior,Surface21,Gerudo Canyon,0,,1,,,"[-4506.81, 142.38, 3149.25]",Table,['Default'],
13849,MainField,A-8,0x04fa787865270bfd,Enemy_Zombie_Junior,Surface21,Gerudo Canyon,0,,1,,,"[-4504.18, 142.42, 3145.01]",Table,['Default'],
13855,MainField,A-8,0x61bc9d4307139a81,Enemy_Zombie_Junior,Surface21,Gerudo Canyon,0,,1,,,"[-4094.26, 124.43, 3408.84]",Table,['Default'],
13856,MainField,A-8,0x3056b6783cf2dec2,Enemy_Zombie_Junior,Surface21,Gerudo Canyon,0,,1,,,"[-4094.78, 124.21, 3414.82]",Table,['Default'],
13872,MainField,A-8,0x4cdc5d52e503790c,Enemy_Zombie_Junior,Surface21,Gerudo Canyon,0,,1,,,"[-4004.01, 155.01, 3109.9]",Table,['Default'],
13873,MainField,A-8,0x6535ab6b2c3e66da,Enemy_Zombie_Junior,Surface21,Gerudo Canyon,0,,1,,,"[-4008.25, 154.69, 3105.65]",Table,['Default'],
13874,MainField,A-8,0x75badd875dfec28d,Enemy_Zombie_Junior,Surface21,Gerudo Canyon,0,,1,,,"[-4003.3, 154.61, 3104.95]",Table,['Default'],
13881,MainField,A-8,0x6e3174cf03c2a57a,Enemy_Zombie_Junior,Surface21,Gerudo Canyon,0,,1,,,"[-4180.03, 133.74, 3611.38]",Table,['Default'],
13882,MainField,A-8,0x15e0e6f186d5800b,Enemy_Zombie_Junior,Surface21,Gerudo Canyon,0,,1,,,"[-4191.55, 133.15, 3610.63]",Table,['Default'],
13883,MainField,A-8,0x5953ad9aa7a19bf4,Enemy_Zombie_Junior,Surface21,Gerudo Canyon,0,,1,,,"[-4189, 133.56, 3608]",Table,['Default'],
13886,MainField,A-8,0x6af9b72f5dae6c2d,Enemy_Zombie_Junior,Surface21,Gerudo Canyon,0,,1,,,"[-4587, 138, 3272]",Table,['Default'],
13887,MainField,A-8,0x034e045dca7b791c,Enemy_Zombie_Junior,Surface21,Gerudo Canyon,0,,1,,,"[-4587, 138, 3266]",Table,['Default'],
13888,MainField,A-8,0x129b827ce5b3e2a2,Enemy_Zombie_Junior,Surface21,Gerudo Canyon,0,,1,,,"[-4583, 138, 3269]",Table,['Default'],
13891,MainField,A-8,0xcba14bdb0f027eaa,Enemy_Zombie_Junior,Surface21,Gerudo Canyon,0,,1,,,"[-4465.52, 140.47, 3271.7]",Table,['Default'],
13892,MainField,A-8,0xe3f0c4eabd35703c,Enemy_Zombie_Junior,Surface21,Gerudo Canyon,0,,1,,,"[-4461.24, 140.47, 3267.46]",Table,['Default'],
13893,MainField,A-8,0xf38fce04f261f729,Enemy_Zombie_Junior,Surface21,Gerudo Canyon,0,,1,,,"[-4460.54, 140.24, 3272.41]",Table,['Default'],
13896,MainField,A-8,0x87331792809a2f8a,Enemy_Zombie_Junior,Surface21,Gerudo Canyon,0,,1,,,"[-4241.96, 142.44, 3190]",Table,['Default'],
13897,MainField,A-8,0xb806b1f3008e005b,Enemy_Zombie_Junior,Surface21,Gerudo Canyon,0,,1,,,"[-4235.97, 142.84, 3190.01]",Table,['Default'],
13898,MainField,A-8,0x4f5213df694e2404,Enemy_Zombie_Junior,Surface21,Gerudo Canyon,0,,1,,,"[-4238.98, 142.75, 3194]",Table,['Default'],
13901,MainField,A-8,0xf21367ffab0d0583,Enemy_Zombie_Junior,Surface21,Gerudo Canyon,0,,1,,,"[-4348, 141.03, 3165]",Table,['Default'],
13902,MainField,A-8,0xb400fa0e597d7753,Enemy_Zombie_Junior,Surface21,Gerudo Canyon,0,,1,,,"[-4342, 141.1, 3165]",Table,['Default'],
13903,MainField,A-8,0xba719b2ccf3af201,Enemy_Zombie_Junior,Surface21,Gerudo Canyon,0,,1,,,"[-4345, 140.94, 3169]",Table,['Default'],
39333,MainField,B-7,0x8f5a860d8e296d02,Enemy_Zombie_Junior,Surface87,Gerudo Canyon,0,,0,,,"[-3777.5, 149, 2962.5]",Table,['Default'],
39334,MainField,B-7,0xf9fdc7366e656a80,Enemy_Zombie_Junior,Surface87,Gerudo Canyon,0,,0,,,"[-3768.5, 148.98, 2922.5]",Table,['Default'],
39335,MainField,B-7,0x8f1e9c0a8c60edab,Enemy_Zombie_Junior,Surface87,Gerudo Canyon,0,,0,,,"[-3900, 148.77, 2878.5]",Table,['Default'],
39370,MainField,B-7,0xa455bc243cb85107,Enemy_Zombie_Junior,Surface87,Gerudo Canyon,0,,0,,,"[-3817, 148.98, 2877.5]",Table,['Default'],
39372,MainField,B-7,0x587db80989918b9a,Enemy_Zombie_Junior,Surface87,Gerudo Canyon,0,,0,,,"[-3794.5, 148.98, 2929.5]",Table,['Default'],
39373,MainField,B-7,0x8f1d5915ff240b2c,Enemy_Zombie_Junior,Surface87,Gerudo Canyon,0,,0,,,"[-3807.5, 148.98, 2915]",Table,['Default'],
40235,MainField,B-7,0x6ac6b9f0a2c6661f,Enemy_Zombie_Junior,Surface72,Gerudo Canyon,0,,0,,,"[-3758, 136.58, 2747.8]",Table,['Default'],
40236,MainField,B-7,0x51d72b389b011fa0,Enemy_Zombie_Junior,Surface87,Gerudo Canyon,0,,0,,,"[-3806.5, 148.98, 2918]",Table,['Default'],
41802,MainField,B-7,0x11342340a28df59f,Enemy_Zombie_Junior,Surface72,Gerudo Canyon,0,,1,,,"[-3094.35, 115.85, 2881.3]",Table,['Default'],
41803,MainField,B-7,0xc8e3ac7e26a1174f,Enemy_Zombie_Junior,Surface72,Gerudo Canyon,0,,1,,,"[-3103.28, 117.5, 2898.65]",Table,['Default'],
41804,MainField,B-7,0xde56e691f6f56a20,Enemy_Zombie_Junior,Surface72,Gerudo Canyon,0,,1,,,"[-3115.68, 118.1, 2891.87]",Table,['Default'],
41842,MainField,B-7,0xe25a97ff912bac18,Enemy_Zombie_Junior,Surface72,Gerudo Canyon,0,,1,,,"[-3555.38, 109, 2672.55]",Table,['Default'],
41843,MainField,B-7,0x99e735c93f785a2a,Enemy_Zombie_Junior,Surface72,Gerudo Canyon,0,,1,,,"[-3544.26, 108.53, 2654.89]",Table,['Default'],
41844,MainField,B-7,0xaa789332083fd686,Enemy_Zombie_Junior,Surface72,Gerudo Canyon,0,,1,,,"[-3542.39, 108.94, 2672.92]",Table,['Default'],
41911,MainField,B-7,0x50f6087cc89d4473,Enemy_Zombie_Junior,Surface72,Gerudo Canyon,0,,1,,,"[-3751.56, 140.05, 2419.53]",Table,['Default'],
41912,MainField,B-7,0xe5f1c042334f35d9,Enemy_Zombie_Junior,Surface72,Gerudo Canyon,0,,1,,,"[-3773.81, 140.02, 2420.54]",Table,['Default'],
41918,MainField,B-7,0x5774e9817654d8bc,Enemy_Zombie_Junior,Surface72,Gerudo Canyon,0,,1,,,"[-3902.04, 147.06, 2545.41]",Table,['Default'],
41919,MainField,B-7,0x7c2573fcf340c24e,Enemy_Zombie_Junior,Surface72,Gerudo Canyon,0,,1,,,"[-3888.86, 147.07, 2543.61]",Table,['Default'],
41920,MainField,B-7,0x0e5690debab4a23d,Enemy_Zombie_Junior,Surface72,Gerudo Canyon,0,,1,,,"[-3897.1, 147.03, 2552.61]",Table,['Default'],
41923,MainField,B-7,0xdf014b91120a9c6c,Enemy_Zombie_Junior,Surface72,Gerudo Canyon,0,,1,,,"[-3926.87, 145.92, 2699.87]",Table,['Default'],
41924,MainField,B-7,0x8610c28bb619abfd,Enemy_Zombie_Junior,Surface72,Gerudo Canyon,0,,1,,,"[-3920.89, 146.32, 2699.87]",Table,['Default'],
41925,MainField,B-7,0xe82340a056e6c1ea,Enemy_Zombie_Junior,Surface72,Gerudo Canyon,0,,1,,,"[-3923.87, 145.98, 2703.87]",Table,['Default'],
41930,MainField,B-7,0xa1bcec308003ec78,Enemy_Zombie_Junior,Surface72,Gerudo Canyon,0,,1,,,"[-3682.26, 153.84, 2617.11]",Table,['Default'],
41931,MainField,B-7,0x3fcce5f2e7526e14,Enemy_Zombie_Junior,Surface72,Gerudo Canyon,0,,1,,,"[-3699.82, 153.61, 2631.88]",Table,['Default'],
41934,MainField,B-7,0x36fd46145fd75229,Enemy_Zombie_Junior,Surface72,Gerudo Canyon,0,,1,,,"[-3473.13, 134.83, 2522.96]",Table,['Default'],
41935,MainField,B-7,0x47ed9bb60a00e0c3,Enemy_Zombie_Junior,Surface72,Gerudo Canyon,0,,1,,,"[-3475.82, 136.06, 2536.99]",Table,['Default'],
41936,MainField,B-7,0xd6b8480f348df130,Enemy_Zombie_Junior,Surface72,Gerudo Canyon,0,,1,,,"[-3484.44, 142.32, 2658.43]",Table,['Default'],
41937,MainField,B-7,0x8f99c57d5498f5a6,Enemy_Zombie_Junior,Surface72,Gerudo Canyon,0,,1,,,"[-3463.02, 141.91, 2666.31]",Table,['Default'],
41938,MainField,B-7,0x9ea64f52e4a47fb3,Enemy_Zombie_Junior,Surface72,Gerudo Canyon,0,,1,,,"[-3481.71, 142.9, 2684.6]",Table,['Default'],
41941,MainField,B-7,0xd2070b597fe83109,Enemy_Zombie_Junior,Surface72,Gerudo Canyon,0,,1,,,"[-3225.51, 152.48, 2773.26]",Table,['Default'],
41942,MainField,B-7,0x8b70844eeadf1425,Enemy_Zombie_Junior,Surface72,Gerudo Canyon,0,,1,,,"[-3204.59, 152, 2764.55]",Table,['Default'],
41943,MainField,B-7,0x9ae10e68c39f2b98,Enemy_Zombie_Junior,Surface72,Gerudo Canyon,0,,1,,,"[-3202.7, 149.16, 2779.95]",Table,['Default'],
41965,MainField,B-7,0xa06a760654e69499,Enemy_Zombie_Junior_Defense,Surface72,Gerudo Canyon,0,,1,,,"[-3192.69, 129.25, 2513.82]",Table,['Default'],
41966,MainField,B-7,0x3e0ecc016ce87636,Enemy_Zombie_Junior_Defense,Surface72,Gerudo Canyon,0,,1,,,"[-3171.42, 132.61, 2588.51]",Table,['Default'],
41967,MainField,B-7,0x15ed20000aed7d38,Enemy_Zombie_Junior_Defense,Surface72,Gerudo Canyon,0,,1,,,"[-3170.16, 132.73, 2578.22]",Table,['Default'],
41973,MainField,B-7,0xce003fff80012cdd,Enemy_Zombie_Junior_Defense,Surface72,Gerudo Canyon,0,,1,,,"[-3187.78, 129.68, 2518.2]",Table,['Default'],
41983,MainField,B-7,0x111854070580802a,Enemy_Zombie_Junior_Defense,Surface72,Gerudo Canyon,0,,1,,,"[-3160.05, 133.55, 2575.63]",Table,['Default'],
41984,MainField,B-7,0xecdb6d7e34df4e0c,Enemy_Zombie_Junior_Defense,Surface72,Gerudo Canyon,0,,1,,,"[-3178.28, 132.18, 2525.24]",Table,['Default'],
42043,MainField,B-7,0xb6b4a568e3c4c8fd,Enemy_Zombie_Junior,Surface72,Gerudo Canyon,0,,1,,,"[-3446.19, 143.64, 2819.52]",Table,['Default'],
42044,MainField,B-7,0xc72535ba05987a5b,Enemy_Zombie_Junior,Surface72,Gerudo Canyon,0,,1,,,"[-3459.88, 141.5, 2836.92]",Table,['Default'],
42045,MainField,B-7,0x8030ff86ab39ca97,Enemy_Zombie_Junior,Surface72,Gerudo Canyon,0,,1,,,"[-3654.53, 143.94, 2865.34]",Table,['Default'],
42046,MainField,B-7,0xb9e16979396ca444,Enemy_Zombie_Junior,Surface72,Gerudo Canyon,0,,1,,,"[-3645.63, 144.21, 2858.02]",Table,['Default'],
42047,MainField,B-7,0x49113a510f298311,Enemy_Zombie_Junior,Surface72,Gerudo Canyon,0,,1,,,"[-3648.11, 144.07, 2864.36]",Table,['Default'],
42771,MainField,B-7,0xdbf1756b2b7f3429,Enemy_Zombie_Junior,Surface72,Gerudo Canyon,0,,1,,,"[-3509.27, 107.38, 2794.22]",Table,['Default'],
42772,MainField,B-7,0x688984b97d6ceecc,Enemy_Zombie_Junior,Surface72,Gerudo Canyon,0,,1,,,"[-3520.14, 108.09, 2777.62]",Table,['Default'],
45889,MainField,B-8,0xaaa1ee112aba81a6,Enemy_Zombie_Junior,Surface21,Gerudo Canyon,0,,1,,,"[-3654.12, 134.75, 3229.28]",Table,['Default'],
45890,MainField,B-8,0x50911c77b997e7b7,Enemy_Zombie_Junior,Surface21,Gerudo Canyon,0,,1,,,"[-3639.51, 136.16, 3218.35]",Table,['Default'],
45891,MainField,B-8,0x6240a5628e564920,Enemy_Zombie_Junior,Surface21,Gerudo Canyon,0,,1,,,"[-3644.52, 135.18, 3230.58]",Table,['Default'],
45894,MainField,B-8,0x5638034be99a8a74,Enemy_Zombie_Junior,Surface72,Gerudo Canyon,0,,1,,,"[-3611.01, 136.94, 3009.99]",Table,['Default'],
45895,MainField,B-8,0xf33ebb2d06f7c549,Enemy_Zombie_Junior,Surface72,Gerudo Canyon,0,,1,,,"[-3612, 136.24, 3045]",Table,['Default'],
45896,MainField,B-8,0x9d3a15f64104ba92,Enemy_Zombie_Junior,Surface72,Gerudo Canyon,0,,1,,,"[-3608.25, 136.13, 3033.1]",Table,['Default'],
45897,MainField,B-8,0xfa934d45bc85e3a3,Enemy_Zombie_Junior,Surface72,Gerudo Canyon,0,,1,,,"[-3568, 134, 3023]",Table,['Default'],
45898,MainField,B-8,0x4f4003c9c139f372,Enemy_Zombie_Junior,Surface72,Gerudo Canyon,0,,1,,,"[-3592, 134.87, 3045]",Table,['Default'],
45899,MainField,B-8,0xd54f632d6893e49b,Enemy_Zombie_Junior,Surface72,Gerudo Canyon,0,,1,,,"[-3604.98, 136.45, 3053.95]",Table,['Default'],
45907,MainField,B-8,0x2f792cd903675c51,Enemy_Zombie_Junior,Surface21,Gerudo Canyon,0,,1,,,"[-3974.25, 127.81, 3371.14]",Table,['Default'],
45908,MainField,B-8,0xd628b98c7d5b6e00,Enemy_Zombie_Junior,Surface21,Gerudo Canyon,0,,1,,,"[-3968.26, 128.19, 3371.13]",Table,['Default'],
45909,MainField,B-8,0xe01be78daf9b89d3,Enemy_Zombie_Junior,Surface21,Gerudo Canyon,0,,1,,,"[-3971.27, 128.22, 3375.13]",Table,['Default'],
45912,MainField,B-8,0x2d7c66d79f6f936c,Enemy_Zombie_Junior,Surface21,Gerudo Canyon,0,,1,,,"[-3946.86, 136.34, 3201]",Table,['Default'],
45913,MainField,B-8,0xc285e2a468528bff,Enemy_Zombie_Junior,Surface21,Gerudo Canyon,0,,1,,,"[-3940.86, 136.42, 3201.01]",Table,['Default'],
45914,MainField,B-8,0xd55a249a038365e2,Enemy_Zombie_Junior,Surface21,Gerudo Canyon,0,,1,,,"[-3943.86, 136.35, 3205.01]",Table,['Default'],
45917,MainField,B-8,0xc38e4163950d866f,Enemy_Zombie_Junior,Surface72,Gerudo Canyon,0,,1,,,"[-3031.94, 120.44, 3184.05]",Table,['Default'],
45918,MainField,B-8,0xeabbfc181631a000,Enemy_Zombie_Junior,Surface72,Gerudo Canyon,0,,1,,,"[-3025.95, 120.66, 3184.05]",Table,['Default'],
45919,MainField,B-8,0xfba84a3625fdbfed,Enemy_Zombie_Junior,Surface72,Gerudo Canyon,0,,1,,,"[-3028.94, 120.49, 3188.05]",Table,['Default'],
45922,MainField,B-8,0xf31033466072d8e9,Enemy_Zombie_Junior,Surface21,Gerudo Canyon,0,,1,,,"[-3178.28, 136.08, 3216.43]",Table,['Default'],
45923,MainField,B-8,0xac01b869e04fed7d,Enemy_Zombie_Junior,Surface21,Gerudo Canyon,0,,1,,,"[-3172.28, 136.08, 3216.43]",Table,['Default'],
45924,MainField,B-8,0xba36ee91386f176b,Enemy_Zombie_Junior,Surface21,Gerudo Canyon,0,,1,,,"[-3175.28, 134.6, 3220.15]",Table,['Default'],
46218,MainField,B-8,0xe6b65bb6aca08b8d,Enemy_Zombie_Junior,Surface21,Gerudo Canyon,0,,1,,,"[-3378.14, 122.28, 3510.52]",Table,['Default'],
46219,MainField,B-8,0x8f6dadb45cf5e15e,Enemy_Zombie_Junior,Surface21,Gerudo Canyon,0,,1,,,"[-3372.14, 122.12, 3510.52]",Table,['Default'],
46220,MainField,B-8,0x9e9426e50c405b0b,Enemy_Zombie_Junior,Surface21,Gerudo Canyon,0,,1,,,"[-3375.14, 122.19, 3514.52]",Table,['Default'],
46223,MainField,B-8,0x50221201db917972,Enemy_Zombie_Junior,Surface21,Gerudo Canyon,0,,1,,,"[-3539.93, 121.77, 3564.31]",Table,['Default'],
46224,MainField,B-8,0x7e777d2b4c640c00,Enemy_Zombie_Junior,Surface21,Gerudo Canyon,0,,1,,,"[-3533.93, 121.83, 3564.31]",Table,['Default'],
46225,MainField,B-8,0x080014f05c91f3ef,Enemy_Zombie_Junior,Surface21,Gerudo Canyon,0,,1,,,"[-3536.93, 121.93, 3568.31]",Table,['Default'],
46228,MainField,B-8,0x9c77e54e6048b7d7,Enemy_Zombie_Junior,Surface21,Gerudo Canyon,0,,1,,,"[-3694.21, 131.55, 3821.21]",Table,['Default'],
46229,MainField,B-8,0xb5da7659207d44a7,Enemy_Zombie_Junior,Surface21,Gerudo Canyon,0,,1,,,"[-3688.21, 131.61, 3821.21]",Table,['Default'],
46230,MainField,B-8,0x45562c7018bb2051,Enemy_Zombie_Junior,Surface21,Gerudo Canyon,0,,1,,,"[-3691.21, 131.49, 3825.21]",Table,['Default'],
46233,MainField,B-8,0xd198d54d0f7f166a,Enemy_Zombie_Junior,Surface21,Gerudo Canyon,0,,1,,,"[-3851.14, 125.07, 3533.92]",Table,['Default'],
46234,MainField,B-8,0xfdf74b5b7aaa5718,Enemy_Zombie_Junior,Surface21,Gerudo Canyon,0,,1,,,"[-3845.15, 124.76, 3533.92]",Table,['Default'],
46235,MainField,B-8,0x897a447ca38adced,Enemy_Zombie_Junior,Surface21,Gerudo Canyon,0,,1,,,"[-3848.17, 124.37, 3537.88]",Table,['Default'],
46238,MainField,B-8,0xcf7e431cb6c26e7f,Enemy_Zombie_Junior,Surface21,Gerudo Canyon,0,,1,,,"[-3985.01, 124.75, 3637.45]",Table,['Default'],
46239,MainField,B-8,0xe4d1fd22cab15fcf,Enemy_Zombie_Junior,Surface21,Gerudo Canyon,0,,1,,,"[-3979.01, 124.81, 3637.45]",Table,['Default'],
46240,MainField,B-8,0xf700474f72e5e0fd,Enemy_Zombie_Junior,Surface21,Gerudo Canyon,0,,1,,,"[-3982.01, 124.66, 3641.45]",Table,['Default'],
46243,MainField,B-8,0x24058bae5a364a78,Enemy_Zombie_Junior,Surface21,Gerudo Canyon,0,,1,,,"[-3931.03, 120.76, 3819.51]",Table,['Default'],
46244,MainField,B-8,0xcd147cbfcd1b210f,Enemy_Zombie_Junior,Surface21,Gerudo Canyon,0,,1,,,"[-3925.03, 120.76, 3819.51]",Table,['Default'],
46245,MainField,B-8,0xdce79683ded31cfa,Enemy_Zombie_Junior,Surface21,Gerudo Canyon,0,,1,,,"[-3928.03, 120.59, 3823.51]",Table,['Default'],
46323,MainField,B-8,0x5304de8d465f5761,Enemy_Zombie_Junior,Surface72,Gerudo Canyon,0,,1,,,"[-3360, 142.09, 3044]",Table,['Default'],
46324,MainField,B-8,0x0afb6e58db6a7112,Enemy_Zombie_Junior,Surface72,Gerudo Canyon,0,,1,,,"[-3354.01, 141.8, 3043.98]",Table,['Default'],
46325,MainField,B-8,0x1b66e4be624aede7,Enemy_Zombie_Junior,Surface72,Gerudo Canyon,0,,1,,,"[-3356.97, 142.48, 3047.95]",Table,['Default'],
46328,MainField,B-8,0xbefe1bbcda2523a2,Enemy_Zombie_Junior,Surface21,Gerudo Canyon,0,,1,,,"[-3719.04, 135.8, 3286.75]",Table,['Default'],
46329,MainField,B-8,0x5755612f67563a95,Enemy_Zombie_Junior,Surface21,Gerudo Canyon,0,,1,,,"[-3713.04, 135.7, 3286.75]",Table,['Default'],
46330,MainField,B-8,0x67e1e7f3c605ba22,Enemy_Zombie_Junior,Surface21,Gerudo Canyon,0,,1,,,"[-3716.04, 135.9, 3290.75]",Table,['Default'],
46409,MainField,B-8,0x088242b04e415e44,Enemy_Zombie_Junior,Surface72,Gerudo Canyon,0,,1,,,"[-3204, 120.63, 3064]",Table,['Default'],
46410,MainField,B-8,0x2195493bc1744c9a,Enemy_Zombie_Junior,Surface72,Gerudo Canyon,0,,1,,,"[-3198, 120.94, 3064]",Table,['Default'],
46411,MainField,B-8,0x30a4f7676920e8c7,Enemy_Zombie_Junior,Surface72,Gerudo Canyon,0,,1,,,"[-3201, 120.47, 3068]",Table,['Default'],
75940,MainField,C-8,0x5789aaa8e2a11f22,Enemy_Zombie_Junior,Surface72,Gerudo Canyon,0,,1,,,"[-2992.94, 114.36, 3030.07]",Table,['Default'],
75941,MainField,C-8,0x7e9631b67ecde934,Enemy_Zombie_Junior,Surface72,Gerudo Canyon,0,,1,,,"[-2977.39, 116.43, 3041.44]",Table,['Default'],
75942,MainField,C-8,0x0f6bd0598e8155a7,Enemy_Zombie_Junior,Surface72,Gerudo Canyon,0,,1,,,"[-2994.45, 115.18, 3051.09]",Table,['Default'],
528222,MainField,Cave__Cave_GerudoDesert_0007_GroupSet_000 ,0xa951084942db819a,Enemy_Zombie_Junior,Cave72,,0,,0,,,"[-3800.74, 90.31, 2565.92]",Table,['Default'],
528223,MainField,Cave__Cave_GerudoDesert_0007_GroupSet_000 ,0xd8d76648a51486e6,Enemy_Zombie_Junior,Cave72,,0,,0,,,"[-3805.47, 90.21, 2568.46]",Table,['Default'],
528224,MainField,Cave__Cave_GerudoDesert_0007_GroupSet_000 ,0x4e470dbead6b7295,Enemy_Zombie_Junior,Cave72,,0,,0,,,"[-3801.95, 90.13, 2574.61]",Table,['Default'],
528225,MainField,Cave__Cave_GerudoDesert_0007_GroupSet_000 ,0xa26c7e0a5fa10265,Enemy_Zombie_Junior,Cave72,,0,,0,,,"[-3670.34, 85.82, 2576.52]",Table,['Default'],
528226,MainField,Cave__Cave_GerudoDesert_0007_GroupSet_000 ,0x4693fa751c811f3c,Enemy_Zombie_Junior,Cave72,,0,,0,,,"[-3729.07, 105.1, 2566.1]",Table,['Default'],
528241,MainField,Cave__Cave_GerudoDesert_0007_GroupSet_000 ,0xc224d72e9c6183cc,Enemy_Zombie_Junior,Cave72,,0,,0,,,"[-3673.99, 98.53, 2602.75]",Table,['Default'],
529472,MainField,Cave__Cave_GerudoDesert_0008_GroupSet_000 ,0x5f99718d171a361f,Enemy_Zombie_Junior,Cave72,,0,,1,,,"[-3861.34, 114.51, 2668.51]",Table,['Default'],
529473,MainField,Cave__Cave_GerudoDesert_0008_GroupSet_000 ,0x3788eabfb407296e,Enemy_Zombie_Junior,Cave72,,0,,1,,,"[-3859.57, 114.84, 2660.22]",Table,['Default'],
529474,MainField,Cave__Cave_GerudoDesert_0008_GroupSet_000 ,0x27fb38da8b37cc9d,Enemy_Zombie_Junior,Cave72,,0,,1,,,"[-3848.65, 129.7, 2669.29]",Table,['Default'],
530372,MainField,Cave__Cave_GerudoDesert_0032_GroupSet_000 ,0xfb5ecddb16987acd,Enemy_Zombie_Junior,Cave21,,0,,0,,,"[-3695.46, 72.55, 3278.96]",Table,['Default'],
530373,MainField,Cave__Cave_GerudoDesert_0032_GroupSet_000 ,0x44cca42b3cd50009,Enemy_Zombie_Junior,Cave21,,0,,0,,,"[-3718.89, 70.74, 3278.59]",Table,['Default'],
530374,MainField,Cave__Cave_GerudoDesert_0032_GroupSet_000 ,0xf5ac53efbd1b2d1a,Enemy_Zombie_Junior,Cave21,,0,,0,,,"[-3700.52, 71.59, 3268.31]",Table,['Default'],
530375,MainField,Cave__Cave_GerudoDesert_0032_GroupSet_000 ,0x8de18f6d46511961,Enemy_Zombie_Junior,Cave21,,0,,0,,,"[-3715.03, 70.97, 3263.09]",Table,['Default'],
530744,MainField,Cave__Cave_GerudoDesert_0039_GruopSet_000 ,0x8e3be79f37d3a5ef,Enemy_Zombie_Junior,Cave72,,0,,0,,,"[-3173.32, 66.31, 3100.42]",Table,['Default'],
530745,MainField,Cave__Cave_GerudoDesert_0039_GruopSet_000 ,0x7121ff0310e3f285,Enemy_Zombie_Junior,Cave72,,0,,0,,,"[-3195.83, 66.32, 3102.97]",Table,['Default'],
531006,MainField,Cave__Cave_GerudoDesert_0039_GruopSet_000 ,0xaaf1021696ac97ca,Enemy_Zombie_Junior,Cave72,,0,,1,,,"[-3186.17, 66.32, 3079.26]",Table,['Default'],
531007,MainField,Cave__Cave_GerudoDesert_0039_GruopSet_000 ,0x69766ba7e040f735,Enemy_Zombie_Junior,Cave72,,0,,1,,,"[-3197.48, 66.5, 3091.81]",Table,['Default'],
531008,MainField,Cave__Cave_GerudoDesert_0039_GruopSet_000 ,0x735f0dc70c3570d5,Enemy_Zombie_Junior,Cave72,,0,,1,,,"[-3222.9, 66.31, 3091.92]",Table,['Default'],
531009,MainField,Cave__Cave_GerudoDesert_0039_GruopSet_000 ,0xcf4f8cacf27bca0b,Enemy_Zombie_Junior,Cave72,,0,,1,,,"[-3222.26, 66.32, 3061.82]",Table,['Default'],
531048,MainField,Cave__Cave_GerudoDesert_0039_GruopSet_000 ,0xc656916d940cc989,Enemy_Zombie_Junior,Cave72,,0,,1,,,"[-3159.64, 58.12, 3096.79]",Table,['Default'],
532417,MainField,Cave__Cave_GerudoDesert_0044_GroupSet_000 ,0x0f6aad081ec1d7b8,Enemy_Zombie_Junior,Cave21,,0,,1,,,"[-2511.63, 59.87, 3624.98]",Table,['Default'],
532418,MainField,Cave__Cave_GerudoDesert_0044_GroupSet_000 ,0x7748617f92e19e39,Enemy_Zombie_Junior,Cave21,,0,,1,,,"[-2517.75, 61.92, 3640.51]",Table,['Default'],
532421,MainField,Cave__Cave_GerudoDesert_0044_GroupSet_000 ,0xc47bee93ce401644,Enemy_Zombie_Junior,Cave21,,0,,1,,,"[-2605.88, 60.49, 3645.83]",Table,['Default'],
532422,MainField,Cave__Cave_GerudoDesert_0044_GroupSet_000 ,0x36c65aa7df1c1393,Enemy_Zombie_Junior,Cave21,,0,,1,,,"[-2584.56, 60.11, 3663.24]",Table,['Default'],
534298,MainField,Cave__Cave_GerudoHighlands_0008_GroupSet_000 ,0x1a16c0b37470183d,Enemy_Zombie_Junior,Cave0,,0,,0,,,"[-4400.75, 571.32, 566.01]",Table,['Default'],
534299,MainField,Cave__Cave_GerudoHighlands_0008_GroupSet_000 ,0xcae84eacc7474a39,Enemy_Zombie_Junior,Cave0,,0,,0,,,"[-4420.49, 560.94, 589.56]",Table,['Default'],
534343,MainField,Cave__Cave_GerudoHighlands_0008_GroupSet_000 ,0x0a326160eca82610,Enemy_Zombie_Junior,Cave0,,0,,1,,,"[-4422.86, 558.63, 611.94]",Table,['Default'],
534344,MainField,Cave__Cave_GerudoHighlands_0008_GroupSet_000 ,0xe1defb1d54dc0941,Enemy_Zombie_Junior,Cave0,,0,,1,,,"[-4427.63, 558.63, 615.58]",Table,['Default'],
534345,MainField,Cave__Cave_GerudoHighlands_0008_GroupSet_000 ,0xd553aa3194982c93,Enemy_Zombie_Junior,Cave0,,0,,1,,,"[-4427.67, 558.63, 610.58]",Table,['Default'],
534347,MainField,Cave__Cave_GerudoHighlands_0008_GroupSet_000 ,0xf0aff2f87b392b5e,Enemy_Zombie_Junior,Cave0,,0,,1,,,"[-4446.09, 560.05, 620.4]",Table,['Default'],
534348,MainField,Cave__Cave_GerudoHighlands_0008_GroupSet_000 ,0x213783b448464eba,Enemy_Zombie_Junior,Cave0,,0,,1,,,"[-4442.41, 560.05, 625.14]",Table,['Default'],
550767,MainField,Castle__Set_HyruleCastle_IslandGround_A ,0xd4deff4648668d6a,Enemy_Zombie_Junior,Surface79,Lookout Landing,0,,1,,,"[-162.07, 331.24, -1143.98]",Table,['Default'],
550769,MainField,Castle__Set_HyruleCastle_IslandGround_A ,0x10ba944cc4ab5bbd,Enemy_Zombie_Junior,Surface79,Lookout Landing,0,,1,,,"[-171.36, 339.07, -1158.2]",Table,['Default'],
550797,MainField,Castle__Set_HyruleCastle_IslandGround_A ,0x26b9858bb5784395,Enemy_Zombie_Junior,Surface79,Lookout Landing,0,,1,,,"[-168.08, 339.98, -1161.21]",Table,['Default'],
551353,MainField,LargeDungeon__LargeDungeonThunder ,0x172b2e4a140ea169,Enemy_Zombie_Junior,Surface40,Gerudo Canyon,0,,0,,,"[-4538.52, 100.66, 3633.61]",Table,['Default'],
551367,MainField,LargeDungeon__LargeDungeonThunder ,0xd80339ae270fb0bb,Enemy_Zombie_Junior,Surface40,Gerudo Canyon,0,,0,,,"[-4514.47, 89.14, 3605.85]",Table,['Default'],
551374,MainField,LargeDungeon__LargeDungeonThunder ,0xfcad8b583a40bcb2,Enemy_Zombie_Junior,Surface40,Gerudo Canyon,0,,0,,,"[-4674.21, 100.67, 3600.26]",Table,['Default'],
551378,MainField,LargeDungeon__LargeDungeonThunder ,0x995c4d77749b1885,Enemy_Zombie_Junior,Surface40,Gerudo Canyon,0,,0,,,"[-4556.09, 100.67, 3588.29]",Table,['Default'],
551379,MainField,LargeDungeon__LargeDungeonThunder ,0xfb8738a3bbfac4b1,Enemy_Zombie_Junior,Surface40,Gerudo Canyon,0,,0,,,"[-4559.43, 100.67, 3587.04]",Table,['Default'],
551520,MainField,LargeDungeon__LargeDungeonThunder ,0xe11ec1baed265dfc,FldObj_Gerudo_ZombieNest_A_02,Surface21,Gerudo Canyon,0,,1,,,"[-4398.07, 132.47, 3464.1]",,,
551526,MainField,LargeDungeon__LargeDungeonThunder ,0x283766a74b8d62d3,FldObj_Gerudo_ZombieNest_A_02,Surface21,Gerudo Canyon,0,,1,,,"[-4371.03, 130.28, 3493.16]",,,
551552,MainField,LargeDungeon__LargeDungeonThunder ,0xbb96bc9e50fd0ca0,FldObj_Gerudo_ZombieNest_A_02_ForDungeonBossGerudoBattle,Surface40,Gerudo Canyon,0,,1,,,"[-4518.72, 229.67, 3583.11]",,,
551553,MainField,LargeDungeon__LargeDungeonThunder ,0x585ea0191ec86610,FldObj_Gerudo_ZombieNest_A_02_ForDungeonBossGerudoBattle,Surface40,Gerudo Canyon,0,,1,,,"[-4547.01, 229.67, 3611.39]",,,
551554,MainField,LargeDungeon__LargeDungeonThunder ,0xd912ff89d7baad80,FldObj_Gerudo_ZombieNest_A_02_ForDungeonBossGerudoBattle,Surface40,Gerudo Canyon,0,,1,,,"[-4518.72, 229.67, 3639.68]",,,
551555,MainField,LargeDungeon__LargeDungeonThunder ,0x5e98e3e28e8056a9,FldObj_Gerudo_ZombieNest_A_02_ForDungeonBossGerudoBattle,Surface40,Gerudo Canyon,0,,1,,,"[-4490.44, 229.67, 3611.39]",,,
551623,MainField,LargeDungeon__LargeDungeonThunder ,0x75f567dfe2ec0967,FldObj_Gerudo_ZombieNest_A_02,Surface40,Gerudo Canyon,0,,1,,,"[-4570.1, 150.67, 3565.67]",,,
551786,MainField,LargeDungeon__LargeDungeonThunder ,0x79f55696dc93c3ee,FldObj_Gerudo_ZombieNest_A_02,Surface40,Gerudo Canyon,0,,1,,,"[-4650.47, 92.72, 3634.86]",,,
296795,MinusField,A-8,0xee7a3f23dd6bae15,Enemy_Zombie_Junior,Depths21,,0,,1,,,"[-4011.8, -362.85, 3781.18]",Table,['Minus'],
296797,MinusField,A-8,0x1c7535e0e05b6b04,Enemy_Zombie_Junior,Depths21,,0,,1,,,"[-4098.58, -365.08, 3689.17]",Table,['Minus'],
296798,MinusField,A-8,0x95f190548d5d3845,Enemy_Zombie_Junior,Depths21,,0,,1,,,"[-4142.8, -365.18, 3736.48]",Table,['Minus'],
296799,MinusField,A-8,0x2ae37faaf0b8bbe9,Enemy_Zombie_Junior,Depths21,,0,,1,,,"[-4064.92, -365.18, 3736.5]",Table,['Minus'],
296800,MinusField,A-8,0xa02aa5409bb99afc,Enemy_Zombie_Junior,Depths21,,0,,1,,,"[-4183.41, -366.63, 3740.12]",Table,['Minus'],
296805,MinusField,A-8,0x007abd5ef6762e6e,Enemy_Zombie_Junior,Depths21,,0,,1,,,"[-4066.5, -364.98, 3663.6]",Table,['Minus'],
296807,MinusField,A-8,0x31246623f05a9cfc,Enemy_Zombie_Junior,Depths21,,0,,1,,,"[-4068.42, -365.76, 3653.3]",Table,['Minus'],
296809,MinusField,A-8,0x9984e5af1fcc449f,Enemy_Zombie_Junior,Depths21,,0,,1,,,"[-4079.41, -366.44, 3654.4]",Table,['Minus'],
296811,MinusField,A-8,0xf5d4afa612fe4b30,Enemy_Zombie_Junior,Depths21,,0,,1,,,"[-4185.27, -366.09, 3763.48]",Table,['Minus'],
296812,MinusField,A-8,0xf28a40e5f174711c,Enemy_Zombie_Junior,Depths21,,0,,1,,,"[-4080.69, -362.79, 3760.21]",Table,['Minus'],
296814,MinusField,A-8,0x36c5ee25276b2cda,Enemy_Zombie_Junior,Depths21,,0,,1,,,"[-4097.75, -360.3, 3727.06]",Table,['Minus'],
296815,MinusField,A-8,0x49d24ec3bc097933,Enemy_Zombie_Junior,Depths21,,0,,1,,,"[-4109.68, -365.24, 3706.81]",Table,['Minus'],
312416,MinusField,B-5,0x28336c0ec4db5aa5,FldObj_Gerudo_ZombieNest_A_02_ForDungeonBossGerudoBattle,Depths0,,0,,1,,,"[-3607.59, -929.74, 834.66]",,,
312417,MinusField,B-5,0x09fc1083b0015672,FldObj_Gerudo_ZombieNest_A_02_ForDungeonBossGerudoBattle,Depths0,,0,,1,,,"[-3638.7, -929.7, 809.51]",,,
312418,MinusField,B-5,0xe9b7891f44537ec2,FldObj_Gerudo_ZombieNest_A_02_ForDungeonBossGerudoBattle,Depths0,,0,,1,,,"[-3663.85, -929.65, 840.62]",,,
312419,MinusField,B-5,0x6df63eca1d787366,FldObj_Gerudo_ZombieNest_A_02_ForDungeonBossGerudoBattle,Depths0,,0,,1,,,"[-3632.74, -929.68, 865.77]",,,
338156,MinusField,C-5,0x519d52a23d1698a8,FldObj_Gerudo_ZombieNest_A_02_ForDungeonBossGerudoBattle,Depths63,,0,,1,,,"[-2692.58, -549.88, 73.69]",,,
338157,MinusField,C-5,0xb2c5226de1398979,FldObj_Gerudo_ZombieNest_A_02_ForDungeonBossGerudoBattle,Depths63,,0,,1,,,"[-2723.69, -549.85, 48.54]",,,
338158,MinusField,C-5,0x6201679abf47799f,FldObj_Gerudo_ZombieNest_A_02_ForDungeonBossGerudoBattle,Depths63,,0,,1,,,"[-2748.84, -549.8, 79.65]",,,
338159,MinusField,C-5,0xed992076e2326273,FldObj_Gerudo_ZombieNest_A_02_ForDungeonBossGerudoBattle,Depths63,,0,,1,,,"[-2717.73, -549.83, 104.79]",,,
381235,MinusField,E-4,0x95728fa91ad07231,Enemy_Zombie_Junior,Depths79,,0,,0,,,"[-343.93, -1152.71, -884.27]",Table,['Minus'],
381236,MinusField,E-4,0xde2e06485f53364e,Enemy_Zombie_Junior,Depths79,,0,,0,,,"[-348.71, -1152.71, -871.96]",Table,['Minus'],
381237,MinusField,E-4,0xbd38e0a002c7e5f8,Enemy_Zombie_Junior,Depths79,,0,,0,,,"[-346.4, -1152.71, -892.67]",Table,['Minus'],
381238,MinusField,E-4,0x00721b9185035294,Enemy_Zombie_Junior,Depths79,,0,,0,,,"[-344.32, -1152.71, -865.99]",Table,['Minus'],
383251,MinusField,E-4,0xc58bfdfff85f3b9b,Enemy_Zombie_Junior,Depths79,,0,,1,,,"[-269.22, -2366.88, -726.27]",Table,['Enemy_Zombie_Junior_LastBattle'],
383252,MinusField,E-4,0x0190c5108131b78a,Enemy_Zombie_Junior,Depths79,,0,,1,,,"[-269.22, -2366.88, -741.27]",Table,['Enemy_Zombie_Junior_LastBattle'],
383253,MinusField,E-4,0xb23712e880a20d25,Enemy_Zombie_Junior,Depths79,,0,,1,,,"[-234.22, -2366.88, -741.27]",Table,['Enemy_Zombie_Junior_LastBattle'],
383254,MinusField,E-4,0x81d717608148faa1,Enemy_Zombie_Junior,Depths79,,0,,1,,,"[-234.22, -2366.88, -726.27]",Table,['Enemy_Zombie_Junior_LastBattle'],
383289,MinusField,E-4,0x4eef1287be84eb03,FldObj_Gerudo_ZombieNest_A_02_ForDungeonBossGerudoBattle,Depths79,,0,,1,,,"[-229.22, -2369.88, -711.27]",,,
383290,MinusField,E-4,0x6da6620b65f8eff2,FldObj_Gerudo_ZombieNest_A_02_ForDungeonBossGerudoBattle,Depths79,,0,,1,,,"[-229.22, -2369.88, -751.27]",,,
383291,MinusField,E-4,0x92ead8b7315ae720,FldObj_Gerudo_ZombieNest_A_02_ForDungeonBossGerudoBattle,Depths79,,0,,1,,,"[-269.22, -2369.88, -751.27]",,,
383292,MinusField,E-4,0x15a4e0536760c1f8,FldObj_Gerudo_ZombieNest_A_02_ForDungeonBossGerudoBattle,Depths79,,0,,1,,,"[-269.22, -2369.88, -711.27]",,,
433974,MinusField,G-5,0xc68d0506ed5eeacc,FldObj_Gerudo_ZombieNest_A_02_ForDungeonBossGerudoBattle,Depths65,,0,,1,,,"[977.59, -367.31, 458.08]",,,
433975,MinusField,G-5,0x27560b89a676cfbc,FldObj_Gerudo_ZombieNest_A_02_ForDungeonBossGerudoBattle,Depths65,,0,,1,,,"[946.48, -367.28, 432.93]",,,
433976,MinusField,G-5,0x8e09b019729cc613,FldObj_Gerudo_ZombieNest_A_02_ForDungeonBossGerudoBattle,Depths65,,0,,1,,,"[921.33, -367.22, 464.04]",,,
433977,MinusField,G-5,0x0b8cc9f1278afc3f,FldObj_Gerudo_ZombieNest_A_02_ForDungeonBossGerudoBattle,Depths65,,0,,1,,,"[952.44, -367.26, 489.19]",,,
