ActorName,Name,Image,HP,Object Map Link,Default Affiliation,Spawn Time,Despawn Time,Spawns in Sunny Weather,Despawns in Sunny Weather,Spawns in Cloudy Weather,Despawns in Cloudy Weather,Spawns in Sunny Rain,Despawns in Sunny Rain,Spawns in Cloudy Rain,Despawns in Cloudy Rain,Spawns in Heavy Rain,Despawns in Heavy Rain,Spawns in Cloudy Thunderstorm,Despawns in Cloudy Thunderstorm,Spawns in Rainy Thunderstorm,Despawns in Rainy Thunderstorm,Spawns in Snow,Despawns in Snow,Spawns in Heavy Snow,Despawns in Heavy Snow,Spawns in Blizzard,Flame Guard Level,Flammable,Burns Out,Freezable,Ridable,Compendium #
GameRomHorse,Horse,,Varies,Horse,Neutral,-,-,TRUE,FALSE,TRUE,FALSE,TRUE,FALSE,TRUE,FALSE,TRUE,FALSE,TRUE,FALSE,TRUE,FALSE,TRUE,FALSE,TRUE,FALSE,FALSE,0,TRUE,FALSE,TRUE,TRUE,001
GameRomHorse00L,Giant Horse,,300,Giant Horse,Neutral,-,-,TRUE,FALSE,TRUE,FALSE,TRUE,FALSE,TRUE,FALSE,TRUE,FALSE,TRUE,FALSE,TRUE,FALSE,TRUE,FALSE,TRUE,FALSE,FALSE,0,TRUE,FALSE,TRUE,TRUE,002
GameRomHorseZelda,White Horse,,220,White Horse,Neutral,-,-,TRUE,FALSE,TRUE,FALSE,TRUE,FALSE,TRUE,FALSE,TRUE,FALSE,TRUE,FALSE,TRUE,FALSE,TRUE,FALSE,TRUE,FALSE,FALSE,0,TRUE,FALSE,TRUE,TRUE,003
GameRomHorse01L,Giant White Stallion,,300,Giant White Stallion,Neutral,-,-,TRUE,FALSE,TRUE,FALSE,TRUE,FALSE,TRUE,FALSE,TRUE,FALSE,TRUE,FALSE,TRUE,FALSE,TRUE,FALSE,TRUE,FALSE,FALSE,0,TRUE,FALSE,TRUE,TRUE,004
GameRomHorseGold,Golden Horse,,220,Golden Horse,Neutral,-,-,TRUE,FALSE,TRUE,FALSE,TRUE,FALSE,TRUE,FALSE,TRUE,FALSE,TRUE,FALSE,TRUE,FALSE,TRUE,FALSE,TRUE,FALSE,FALSE,0,TRUE,FALSE,TRUE,TRUE,005
GameRomHorseBone,Stalhorse,,100,Stalhorse,Neutral,9pm - 5am,5am,TRUE,FALSE,TRUE,FALSE,TRUE,FALSE,TRUE,FALSE,TRUE,FALSE,TRUE,FALSE,TRUE,FALSE,TRUE,FALSE,TRUE,FALSE,FALSE,0,TRUE,FALSE,TRUE,TRUE,006
GameRomHorse01S,Donkey,,120,Donkey,Neutral,-,-,TRUE,FALSE,TRUE,FALSE,TRUE,FALSE,TRUE,FALSE,TRUE,FALSE,TRUE,FALSE,TRUE,FALSE,TRUE,FALSE,TRUE,FALSE,FALSE,0,TRUE,FALSE,TRUE,FALSE,007
Animal_Sunazarashi_A,Sand Seal,,100,Sand Seal,Neutral,-,-,TRUE,FALSE,TRUE,FALSE,TRUE,FALSE,TRUE,FALSE,TRUE,FALSE,TRUE,FALSE,TRUE,FALSE,TRUE,FALSE,TRUE,FALSE,FALSE,0,FALSE,FALSE,FALSE,TRUE,008
Animal_Sunazarashi_B,Sand Seal (Rental),,100,Sand Seal (Rental),DomesticAnimal,-,-,TRUE,FALSE,TRUE,FALSE,TRUE,FALSE,TRUE,FALSE,TRUE,FALSE,TRUE,FALSE,TRUE,FALSE,TRUE,FALSE,TRUE,FALSE,FALSE,0,FALSE,FALSE,FALSE,TRUE,008
Animal_Sunazarashi_B_NoMove,Sand Seal (Before Temple),,100,Sand Seal (Before Temple),DomesticAnimal,-,-,TRUE,FALSE,TRUE,FALSE,TRUE,FALSE,TRUE,FALSE,TRUE,FALSE,TRUE,FALSE,TRUE,FALSE,TRUE,FALSE,TRUE,FALSE,FALSE,0,FALSE,FALSE,FALSE,FALSE,008
Animal_SunazarashiSP_C,Patricia,,-,Patricia,DomesticAnimal,-,-,TRUE,FALSE,TRUE,FALSE,TRUE,FALSE,TRUE,FALSE,TRUE,FALSE,TRUE,FALSE,TRUE,FALSE,TRUE,FALSE,TRUE,FALSE,FALSE,0,FALSE,FALSE,FALSE,FALSE,009
Animal_SunazarashiSP_C_NoMove,Patricia (With Riju),,-,Patricia (With Riju),DomesticAnimal,-,-,TRUE,FALSE,TRUE,FALSE,TRUE,FALSE,TRUE,FALSE,TRUE,FALSE,TRUE,FALSE,TRUE,FALSE,TRUE,FALSE,TRUE,FALSE,FALSE,0,FALSE,FALSE,FALSE,FALSE,009
Animal_Squirrel_A,Bushy-Tailed Squirrel,,1,Bushy-Tailed Squirrel,Neutral,4am - 9pm,9pm,TRUE,FALSE,TRUE,FALSE,TRUE,FALSE,TRUE,FALSE,FALSE,TRUE,FALSE,TRUE,FALSE,TRUE,TRUE,FALSE,FALSE,TRUE,FALSE,0,TRUE,FALSE,TRUE,FALSE,010
Animal_Boar_A,Woodland Boar,,8,Woodland Boar,Neutral,-,-,TRUE,FALSE,TRUE,FALSE,TRUE,FALSE,TRUE,FALSE,TRUE,FALSE,TRUE,FALSE,TRUE,FALSE,TRUE,FALSE,TRUE,FALSE,FALSE,0,TRUE,FALSE,TRUE,FALSE,011
Animal_Boar_B,Red-Tusked Boar,,40,Red-Tusked Boar,Neutral,-,-,TRUE,FALSE,TRUE,FALSE,TRUE,FALSE,TRUE,FALSE,TRUE,FALSE,TRUE,FALSE,TRUE,FALSE,TRUE,FALSE,TRUE,FALSE,FALSE,0,TRUE,FALSE,TRUE,FALSE,012
Animal_WildGoat_A,Mountain Goat,,8,Mountain Goat,Neutral,-,-,TRUE,FALSE,TRUE,FALSE,TRUE,FALSE,TRUE,FALSE,TRUE,FALSE,TRUE,FALSE,TRUE,FALSE,TRUE,FALSE,TRUE,FALSE,FALSE,0,TRUE,FALSE,TRUE,FALSE,013
Animal_Goat_A,White Goat,,-,White Goat,DomesticAnimal,-,-,TRUE,FALSE,TRUE,FALSE,TRUE,FALSE,TRUE,FALSE,TRUE,FALSE,TRUE,FALSE,TRUE,FALSE,TRUE,FALSE,TRUE,FALSE,FALSE,0,FALSE,FALSE,FALSE,FALSE,014
Animal_Deer_A,Mountain Buck,,10,Mountain Buck,Neutral,-,-,TRUE,FALSE,TRUE,FALSE,TRUE,FALSE,TRUE,FALSE,TRUE,FALSE,TRUE,FALSE,TRUE,FALSE,TRUE,FALSE,TRUE,FALSE,FALSE,0,TRUE,FALSE,TRUE,TRUE,015
Animal_Doe_A,Mountain Doe,,10,Mountain Doe,Neutral,-,-,TRUE,FALSE,TRUE,FALSE,TRUE,FALSE,TRUE,FALSE,TRUE,FALSE,TRUE,FALSE,TRUE,FALSE,TRUE,FALSE,TRUE,FALSE,FALSE,0,TRUE,FALSE,TRUE,TRUE,016
Animal_Bull_A,Water Buffalo,,24,Water Buffalo,Neutral,-,-,TRUE,FALSE,TRUE,FALSE,TRUE,FALSE,TRUE,FALSE,TRUE,FALSE,TRUE,FALSE,TRUE,FALSE,TRUE,FALSE,TRUE,FALSE,FALSE,0,TRUE,FALSE,TRUE,FALSE,017
Animal_Cow_A,Hateno Cow,,-,Hateno Cow,DomesticAnimal,-,-,TRUE,FALSE,TRUE,FALSE,TRUE,FALSE,TRUE,FALSE,TRUE,FALSE,TRUE,FALSE,TRUE,FALSE,TRUE,FALSE,TRUE,FALSE,FALSE,0,FALSE,FALSE,FALSE,FALSE,018
Animal_Sheep_A,Highland Sheep,,-,Highland Sheep,DomesticAnimal,-,-,TRUE,FALSE,TRUE,FALSE,TRUE,FALSE,TRUE,FALSE,TRUE,FALSE,TRUE,FALSE,TRUE,FALSE,TRUE,FALSE,TRUE,FALSE,FALSE,0,FALSE,FALSE,FALSE,FALSE,019
Animal_Sheep_B,Highland Sheep (South Akkala Stable),,-,Highland Sheep (South Akkala Stable),DomesticAnimal,-,-,TRUE,FALSE,TRUE,FALSE,TRUE,FALSE,TRUE,FALSE,TRUE,FALSE,TRUE,FALSE,TRUE,FALSE,TRUE,FALSE,TRUE,FALSE,FALSE,0,FALSE,FALSE,FALSE,FALSE,019
Animal_Fox_A,Grassland Fox,,8,Grassland Fox,Neutral,-,-,TRUE,FALSE,TRUE,FALSE,TRUE,FALSE,TRUE,FALSE,TRUE,FALSE,TRUE,FALSE,TRUE,FALSE,TRUE,FALSE,TRUE,FALSE,FALSE,0,TRUE,FALSE,TRUE,FALSE,020
Animal_Fox_B,Snowcoat Fox,,18,Snowcoat Fox,Neutral,-,-,TRUE,FALSE,TRUE,FALSE,TRUE,FALSE,TRUE,FALSE,TRUE,FALSE,TRUE,FALSE,TRUE,FALSE,TRUE,FALSE,TRUE,FALSE,FALSE,0,TRUE,FALSE,TRUE,FALSE,021
Animal_Wolf_A,Maraudo Wolf,,16,Maraudo Wolf,Predator,-,-,TRUE,FALSE,TRUE,FALSE,TRUE,FALSE,TRUE,FALSE,TRUE,FALSE,TRUE,FALSE,TRUE,FALSE,TRUE,FALSE,TRUE,FALSE,FALSE,0,TRUE,FALSE,TRUE,FALSE,022
Animal_Wolf_B,Wasteland Coyote,,30,Wasteland Coyote,Predator,-,-,TRUE,FALSE,TRUE,FALSE,TRUE,FALSE,TRUE,FALSE,TRUE,FALSE,TRUE,FALSE,TRUE,FALSE,TRUE,FALSE,TRUE,FALSE,FALSE,0,TRUE,FALSE,TRUE,FALSE,023
Animal_Wolf_C,Cold-Footed Wolf,,45,Cold-Footed Wolf,Predator,-,-,TRUE,FALSE,TRUE,FALSE,TRUE,FALSE,TRUE,FALSE,TRUE,FALSE,TRUE,FALSE,TRUE,FALSE,TRUE,FALSE,TRUE,FALSE,FALSE,0,TRUE,FALSE,TRUE,FALSE,024
Animal_Elk_A,Tabantha Moose,,30,Tabantha Moose,Neutral,-,-,TRUE,FALSE,TRUE,FALSE,TRUE,FALSE,TRUE,FALSE,TRUE,FALSE,TRUE,FALSE,TRUE,FALSE,TRUE,FALSE,TRUE,FALSE,FALSE,0,TRUE,FALSE,TRUE,FALSE,025
Animal_Pao_A,Dondon,,-,Dondon,DomesticAnimal,-,-,TRUE,FALSE,TRUE,FALSE,TRUE,FALSE,TRUE,FALSE,TRUE,FALSE,TRUE,FALSE,TRUE,FALSE,TRUE,FALSE,TRUE,FALSE,FALSE,0,FALSE,FALSE,FALSE,FALSE,026
Animal_Bear_A,Honeyvore Bear,,250,Honeyvore Bear,Predator,-,-,TRUE,FALSE,TRUE,FALSE,TRUE,FALSE,TRUE,FALSE,TRUE,FALSE,TRUE,FALSE,TRUE,FALSE,TRUE,FALSE,TRUE,FALSE,FALSE,0,TRUE,FALSE,TRUE,TRUE,027
Animal_Bear_B,Grizzlemaw Bear,,500,Grizzlemaw Bear,Predator,-,-,TRUE,FALSE,TRUE,FALSE,TRUE,FALSE,TRUE,FALSE,TRUE,FALSE,TRUE,FALSE,TRUE,FALSE,TRUE,FALSE,TRUE,FALSE,FALSE,0,TRUE,FALSE,TRUE,TRUE,028
Animal_Dog_A,Hylian Retriever (Brown/Black/White),,-,Hylian Retriever (Brown/Black/White),DomesticAnimal,-,-,TRUE,FALSE,TRUE,FALSE,TRUE,FALSE,TRUE,FALSE,TRUE,FALSE,TRUE,FALSE,TRUE,FALSE,TRUE,FALSE,TRUE,FALSE,FALSE,0,FALSE,FALSE,FALSE,FALSE,029
Animal_Dog_B,Hylian Retriever (Black),,-,Hylian Retriever (Black),DomesticAnimal,-,-,TRUE,FALSE,TRUE,FALSE,TRUE,FALSE,TRUE,FALSE,TRUE,FALSE,TRUE,FALSE,TRUE,FALSE,TRUE,FALSE,TRUE,FALSE,FALSE,0,FALSE,FALSE,FALSE,FALSE,029
Animal_Dog_C,Hylian Retriever (Brown),,-,Hylian Retriever (Brown),DomesticAnimal,-,-,TRUE,FALSE,TRUE,FALSE,TRUE,FALSE,TRUE,FALSE,TRUE,FALSE,TRUE,FALSE,TRUE,FALSE,TRUE,FALSE,TRUE,FALSE,FALSE,0,FALSE,FALSE,FALSE,FALSE,029
Animal_RupeeRabbit_A,Blupee,,-,Blupee,Neutral,-,-,TRUE,FALSE,TRUE,FALSE,TRUE,FALSE,TRUE,FALSE,TRUE,FALSE,TRUE,FALSE,TRUE,FALSE,TRUE,FALSE,TRUE,FALSE,FALSE,0,TRUE,FALSE,TRUE,FALSE,030
Animal_RupeeRabbit_FromCaveMaster,Blupee (Bubbulfrog),,-,Blupee (Bubbulfrog),Neutral,-,-,TRUE,FALSE,TRUE,FALSE,TRUE,FALSE,TRUE,FALSE,TRUE,FALSE,TRUE,FALSE,TRUE,FALSE,TRUE,FALSE,TRUE,FALSE,FALSE,0,FALSE,FALSE,FALSE,FALSE,030
Enemy_CaveMaster_000,Bubbulfrog,,18,Bubbulfrog,Enemy,-,-,TRUE,FALSE,TRUE,FALSE,TRUE,FALSE,TRUE,FALSE,TRUE,FALSE,TRUE,FALSE,TRUE,FALSE,TRUE,FALSE,TRUE,FALSE,FALSE,0,TRUE,FALSE,TRUE,FALSE,031
Animal_LittleBird_A,Common Sparrow,,1,Common Sparrow,Neutral,4am - 9pm,9pm,TRUE,FALSE,TRUE,FALSE,FALSE,FALSE,FALSE,FALSE,FALSE,FALSE,TRUE,FALSE,FALSE,FALSE,TRUE,FALSE,FALSE,FALSE,FALSE,0,TRUE,FALSE,TRUE,FALSE,032
Animal_LittleBird_B,Red Sparrow,,1,Red Sparrow,Neutral,4am - 9pm,9pm,TRUE,FALSE,TRUE,FALSE,FALSE,FALSE,FALSE,FALSE,FALSE,FALSE,TRUE,FALSE,FALSE,FALSE,TRUE,FALSE,FALSE,FALSE,FALSE,0,TRUE,FALSE,TRUE,FALSE,033
Animal_LittleBird_C,Blue Sparrow,,1,Blue Sparrow,Neutral,4am - 9pm,9pm,TRUE,FALSE,TRUE,FALSE,FALSE,FALSE,FALSE,FALSE,FALSE,FALSE,TRUE,FALSE,FALSE,FALSE,TRUE,FALSE,FALSE,FALSE,FALSE,0,TRUE,FALSE,TRUE,FALSE,034
Animal_LittleBird_D,Rainbow Sparrow,,1,Rainbow Sparrow,Neutral,4am - 9pm,9pm,TRUE,FALSE,TRUE,FALSE,FALSE,FALSE,FALSE,FALSE,FALSE,FALSE,TRUE,FALSE,FALSE,FALSE,TRUE,FALSE,FALSE,FALSE,FALSE,0,TRUE,FALSE,TRUE,FALSE,035
Animal_LittleBird_G,Rainbow Sparrow (Penn),,1,Rainbow Sparrow (Penn),Neutral,4am - 9pm,9pm,TRUE,FALSE,TRUE,FALSE,FALSE,FALSE,FALSE,FALSE,FALSE,FALSE,TRUE,FALSE,FALSE,FALSE,TRUE,FALSE,FALSE,FALSE,FALSE,0,FALSE,FALSE,FALSE,FALSE,035
Animal_LittleBird_E,Sand Sparrow,,1,Sand Sparrow,Neutral,4am - 9pm,9pm,TRUE,FALSE,TRUE,FALSE,FALSE,FALSE,FALSE,FALSE,FALSE,FALSE,TRUE,FALSE,FALSE,FALSE,TRUE,FALSE,FALSE,FALSE,FALSE,0,TRUE,FALSE,TRUE,FALSE,036
Animal_LittleBird_F,Golden Sparrow,,1,Golden Sparrow,Neutral,4am - 9pm,9pm,TRUE,FALSE,TRUE,FALSE,FALSE,FALSE,FALSE,FALSE,FALSE,FALSE,TRUE,FALSE,FALSE,FALSE,TRUE,FALSE,FALSE,FALSE,FALSE,0,TRUE,FALSE,TRUE,FALSE,037
Animal_SkyLittleBird_F,Golden Sparrow (Sky),,1,Golden Sparrow (Sky),Neutral,4am - 9pm,9pm,TRUE,FALSE,TRUE,FALSE,FALSE,FALSE,FALSE,FALSE,FALSE,FALSE,TRUE,FALSE,FALSE,FALSE,TRUE,FALSE,FALSE,FALSE,FALSE,0,TRUE,FALSE,TRUE,FALSE,037
Animal_Pigeon_A,Wood Pigeon,,1,Wood Pigeon,Neutral,4am - 9pm,9pm,TRUE,FALSE,TRUE,FALSE,TRUE,FALSE,TRUE,FALSE,FALSE,TRUE,FALSE,TRUE,FALSE,TRUE,TRUE,FALSE,FALSE,TRUE,FALSE,0,TRUE,FALSE,TRUE,FALSE,038
Animal_Pigeon_B,Rainbow Pigeon,,1,Rainbow Pigeon,Neutral,4am - 9pm,9pm,TRUE,FALSE,TRUE,FALSE,TRUE,FALSE,TRUE,FALSE,FALSE,TRUE,FALSE,TRUE,FALSE,TRUE,TRUE,FALSE,FALSE,TRUE,FALSE,0,TRUE,FALSE,TRUE,FALSE,039
Animal_Pigeon_B_Swarm,Rainbow Pigeon Swarm,,1,Rainbow Pigeon Swarm,Neutral,4am - 9pm,-,TRUE,FALSE,TRUE,FALSE,TRUE,FALSE,TRUE,FALSE,FALSE,TRUE,FALSE,FALSE,FALSE,TRUE,TRUE,TRUE,FALSE,TRUE,FALSE,0,TRUE,FALSE,TRUE,FALSE,039
Animal_Pigeon_Swarm,Rainbow Pigeon Swarm (Rito Village),,1,Rainbow Pigeon Swarm (Rito Village),Neutral,4am - 9pm,-,TRUE,FALSE,TRUE,FALSE,TRUE,FALSE,TRUE,FALSE,FALSE,FALSE,FALSE,FALSE,FALSE,FALSE,TRUE,FALSE,FALSE,FALSE,FALSE,0,TRUE,FALSE,TRUE,FALSE,039
Animal_Ptarmigan_B,Hotfeather Pigeon,,1,Hotfeather Pigeon,Neutral,4am - 9pm,9pm,TRUE,FALSE,TRUE,FALSE,TRUE,FALSE,TRUE,FALSE,FALSE,TRUE,FALSE,TRUE,FALSE,TRUE,TRUE,FALSE,FALSE,TRUE,FALSE,1,TRUE,FALSE,TRUE,FALSE,040
Animal_Ptarmigan_A,White Pigeon,,1,White Pigeon,Neutral,4am - 9pm,9pm,TRUE,FALSE,TRUE,FALSE,TRUE,FALSE,TRUE,FALSE,FALSE,TRUE,FALSE,TRUE,FALSE,TRUE,TRUE,FALSE,FALSE,TRUE,FALSE,0,TRUE,FALSE,TRUE,FALSE,041
Animal_SkyPigeon_A,Accented Pigeon,,1,Accented Pigeon,Neutral,4am - 9pm,9pm,TRUE,FALSE,TRUE,FALSE,TRUE,FALSE,TRUE,FALSE,FALSE,TRUE,FALSE,TRUE,FALSE,TRUE,TRUE,FALSE,FALSE,TRUE,FALSE,0,TRUE,FALSE,TRUE,FALSE,042
Animal_Crow_A,Mountain Crow,,1,Mountain Crow,Neutral,4am - 9pm,-,TRUE,FALSE,TRUE,FALSE,TRUE,FALSE,TRUE,FALSE,FALSE,FALSE,FALSE,FALSE,FALSE,FALSE,TRUE,FALSE,FALSE,FALSE,FALSE,0,TRUE,FALSE,TRUE,FALSE,043
Animal_Crow_Swarm,Mountain Crow Swarm,,1,Mountain Crow Swarm,Neutral,4am - 9pm,-,TRUE,FALSE,TRUE,FALSE,TRUE,FALSE,TRUE,FALSE,FALSE,TRUE,TRUE,FALSE,FALSE,TRUE,FALSE,TRUE,FALSE,TRUE,FALSE,0,TRUE,FALSE,TRUE,FALSE,043
Animal_WildDuck_A,Bright-Chested Duck,,1,Bright-Chested Duck,Neutral,4am - 9pm,9pm,TRUE,FALSE,TRUE,FALSE,TRUE,FALSE,TRUE,FALSE,FALSE,TRUE,FALSE,TRUE,FALSE,TRUE,TRUE,FALSE,FALSE,TRUE,FALSE,0,TRUE,FALSE,TRUE,FALSE,044
Animal_Heron_A,Blue-Winged Heron,,1,Blue-Winged Heron,Neutral,4am - 9pm,9pm,TRUE,FALSE,TRUE,FALSE,TRUE,FALSE,TRUE,FALSE,FALSE,TRUE,FALSE,TRUE,FALSE,TRUE,TRUE,FALSE,FALSE,TRUE,FALSE,0,TRUE,FALSE,TRUE,FALSE,045
Animal_Heron_B,Pink Heron,,1,Pink Heron,Neutral,4am - 9pm,9pm,TRUE,FALSE,TRUE,FALSE,TRUE,FALSE,TRUE,FALSE,FALSE,TRUE,FALSE,TRUE,FALSE,TRUE,TRUE,FALSE,FALSE,TRUE,FALSE,0,TRUE,FALSE,TRUE,FALSE,046
Animal_Hawk_A,Islander Hawk,,1,Islander Hawk,Neutral,4am - 9pm,9pm,TRUE,FALSE,TRUE,FALSE,TRUE,FALSE,TRUE,FALSE,FALSE,TRUE,TRUE,FALSE,FALSE,TRUE,FALSE,TRUE,FALSE,TRUE,FALSE,0,TRUE,FALSE,TRUE,FALSE,047
Animal_Gull_A,Seagull,,1,Seagull,Neutral,4am - 9pm,9pm,TRUE,FALSE,TRUE,FALSE,TRUE,FALSE,TRUE,FALSE,FALSE,TRUE,TRUE,FALSE,FALSE,TRUE,FALSE,TRUE,FALSE,TRUE,FALSE,0,TRUE,FALSE,TRUE,FALSE,048
Animal_Gull_Swarm,Seagull Swarm,,1,Seagull Swarm,Neutral,4am - 9pm,-,TRUE,FALSE,TRUE,FALSE,TRUE,FALSE,TRUE,FALSE,FALSE,FALSE,TRUE,FALSE,FALSE,FALSE,FALSE,FALSE,FALSE,FALSE,TRUE,0,TRUE,FALSE,TRUE,FALSE,048
Animal_SkyGull_A,Cloud Seagull,,1,Cloud Seagull,Neutral,4am - 9pm,9pm,TRUE,FALSE,TRUE,FALSE,TRUE,FALSE,TRUE,FALSE,FALSE,TRUE,TRUE,FALSE,FALSE,TRUE,FALSE,TRUE,FALSE,TRUE,FALSE,0,TRUE,FALSE,TRUE,FALSE,049
Animal_SkyGull_Swarm,Cloud Seagull Swarm,,1,Cloud Seagull Swarm,Neutral,4am - 9pm,-,TRUE,FALSE,TRUE,FALSE,TRUE,FALSE,TRUE,FALSE,FALSE,FALSE,TRUE,FALSE,FALSE,FALSE,FALSE,FALSE,FALSE,FALSE,TRUE,0,TRUE,FALSE,TRUE,FALSE,049
Animal_Cassowary_A,Eldin Ostrich,,8,Eldin Ostrich,Neutral,4am - 9pm,9pm,TRUE,FALSE,TRUE,FALSE,TRUE,FALSE,TRUE,FALSE,FALSE,TRUE,FALSE,TRUE,FALSE,TRUE,TRUE,FALSE,FALSE,TRUE,FALSE,1,TRUE,FALSE,TRUE,FALSE,050
Animal_SkyCassowary_A,Forest Ostrich,,8,Forest Ostrich,Neutral,-,-,TRUE,FALSE,TRUE,FALSE,TRUE,FALSE,TRUE,FALSE,TRUE,FALSE,TRUE,FALSE,TRUE,FALSE,TRUE,FALSE,TRUE,FALSE,FALSE,0,TRUE,FALSE,TRUE,FALSE,051
Animal_Kokko_A,Cucco,,-,Cucco,DomesticAnimal,-,-,TRUE,FALSE,TRUE,FALSE,TRUE,FALSE,TRUE,FALSE,TRUE,FALSE,TRUE,FALSE,TRUE,FALSE,TRUE,FALSE,TRUE,FALSE,FALSE,0,FALSE,FALSE,FALSE,FALSE,052
Animal_Kokko_B,Cucco (Kakariko Village),,-,Cucco (Kakariko Village),DomesticAnimal,-,-,TRUE,FALSE,TRUE,FALSE,TRUE,FALSE,TRUE,FALSE,TRUE,FALSE,TRUE,FALSE,TRUE,FALSE,TRUE,FALSE,TRUE,FALSE,FALSE,0,FALSE,FALSE,FALSE,FALSE,052
Animal_Kokko_B2,Cucco (Kakariko Village),,-,Cucco (Kakariko Village),DomesticAnimal,-,-,TRUE,FALSE,TRUE,FALSE,TRUE,FALSE,TRUE,FALSE,TRUE,FALSE,TRUE,FALSE,TRUE,FALSE,TRUE,FALSE,TRUE,FALSE,FALSE,0,FALSE,FALSE,FALSE,FALSE,052
Animal_Kokko_C,Cucco (Hateno Village),,-,Cucco (Hateno Village),DomesticAnimal,-,-,TRUE,FALSE,TRUE,FALSE,TRUE,FALSE,TRUE,FALSE,TRUE,FALSE,TRUE,FALSE,TRUE,FALSE,TRUE,FALSE,TRUE,FALSE,FALSE,0,FALSE,FALSE,FALSE,FALSE,052
Animal_Kokko_C2,Cucco (Hateno Village),,-,Cucco (Hateno Village),DomesticAnimal,-,-,TRUE,FALSE,TRUE,FALSE,TRUE,FALSE,TRUE,FALSE,TRUE,FALSE,TRUE,FALSE,TRUE,FALSE,TRUE,FALSE,TRUE,FALSE,FALSE,0,FALSE,FALSE,FALSE,FALSE,052
Animal_Kokko_D,Talking Cucco,,-,Talking Cucco,DomesticAnimal,-,-,TRUE,FALSE,TRUE,FALSE,TRUE,FALSE,TRUE,FALSE,TRUE,FALSE,TRUE,FALSE,TRUE,FALSE,TRUE,FALSE,TRUE,FALSE,FALSE,0,FALSE,FALSE,FALSE,FALSE,052
Animal_Kokko_E,Cucco (South Akkala Stable),,-,Cucco (South Akkala Stable),DomesticAnimal,-,-,TRUE,FALSE,TRUE,FALSE,TRUE,FALSE,TRUE,FALSE,TRUE,FALSE,TRUE,FALSE,TRUE,FALSE,TRUE,FALSE,TRUE,FALSE,FALSE,0,FALSE,FALSE,FALSE,FALSE,052
Animal_Kokko_E2,Cucco (South Akkala Stable),,-,Cucco (South Akkala Stable),DomesticAnimal,-,-,TRUE,FALSE,TRUE,FALSE,TRUE,FALSE,TRUE,FALSE,TRUE,FALSE,TRUE,FALSE,TRUE,FALSE,TRUE,FALSE,TRUE,FALSE,FALSE,0,FALSE,FALSE,FALSE,FALSE,052
Animal_Kokko_E3,Cucco (South Akkala Stable),,-,Cucco (South Akkala Stable),DomesticAnimal,-,-,TRUE,FALSE,TRUE,FALSE,TRUE,FALSE,TRUE,FALSE,TRUE,FALSE,TRUE,FALSE,TRUE,FALSE,TRUE,FALSE,TRUE,FALSE,FALSE,0,FALSE,FALSE,FALSE,FALSE,052
Animal_Kokko_E4,Cucco (South Akkala Stable),,-,Cucco (South Akkala Stable),DomesticAnimal,-,-,TRUE,FALSE,TRUE,FALSE,TRUE,FALSE,TRUE,FALSE,TRUE,FALSE,TRUE,FALSE,TRUE,FALSE,TRUE,FALSE,TRUE,FALSE,FALSE,0,FALSE,FALSE,FALSE,FALSE,052
Animal_Fish_A,Hyrule Bass,,1,Hyrule Bass,Neutral,-,-,TRUE,FALSE,TRUE,FALSE,TRUE,FALSE,TRUE,FALSE,TRUE,FALSE,TRUE,FALSE,TRUE,FALSE,TRUE,FALSE,TRUE,FALSE,FALSE,0,TRUE,TRUE,TRUE,FALSE,053
Animal_Fish_B,Hearty Bass,,1,Hearty Bass,Neutral,-,-,TRUE,FALSE,TRUE,FALSE,TRUE,FALSE,TRUE,FALSE,TRUE,FALSE,TRUE,FALSE,TRUE,FALSE,TRUE,FALSE,TRUE,FALSE,FALSE,0,TRUE,TRUE,TRUE,FALSE,054
Animal_Fish_L,Staminoka Bass,,1,Staminoka Bass,Neutral,-,-,TRUE,FALSE,TRUE,FALSE,TRUE,FALSE,TRUE,FALSE,TRUE,FALSE,TRUE,FALSE,TRUE,FALSE,TRUE,FALSE,TRUE,FALSE,FALSE,0,TRUE,TRUE,TRUE,FALSE,055
Animal_Fish_I,Hearty Salmon,,1,Hearty Salmon,Neutral,-,-,TRUE,FALSE,TRUE,FALSE,TRUE,FALSE,TRUE,FALSE,TRUE,FALSE,TRUE,FALSE,TRUE,FALSE,TRUE,FALSE,TRUE,FALSE,FALSE,0,TRUE,TRUE,TRUE,FALSE,056
Animal_Fish_C,Chillfin Trout,,1,Chillfin Trout,Neutral,-,-,TRUE,FALSE,TRUE,FALSE,TRUE,FALSE,TRUE,FALSE,TRUE,FALSE,TRUE,FALSE,TRUE,FALSE,TRUE,FALSE,TRUE,FALSE,FALSE,0,TRUE,TRUE,TRUE,FALSE,057
Animal_Fish_J,Sizzlefin Trout,,1,Sizzlefin Trout,Neutral,-,-,TRUE,FALSE,TRUE,FALSE,TRUE,FALSE,TRUE,FALSE,TRUE,FALSE,TRUE,FALSE,TRUE,FALSE,TRUE,FALSE,TRUE,FALSE,FALSE,0,TRUE,TRUE,TRUE,FALSE,058
Animal_Fish_D,Voltfin Trout,,1,Voltfin Trout,Neutral,-,-,TRUE,FALSE,TRUE,FALSE,TRUE,FALSE,TRUE,FALSE,TRUE,FALSE,TRUE,FALSE,TRUE,FALSE,TRUE,FALSE,TRUE,FALSE,FALSE,0,TRUE,TRUE,TRUE,FALSE,059
Animal_Fish_X,Stealthfin Trout,,1,Stealthfin Trout,Neutral,-,-,TRUE,FALSE,TRUE,FALSE,TRUE,FALSE,TRUE,FALSE,TRUE,FALSE,TRUE,FALSE,TRUE,FALSE,TRUE,FALSE,TRUE,FALSE,FALSE,0,TRUE,TRUE,TRUE,FALSE,060
Animal_Fish_E,Mighty Carp,,1,Mighty Carp,Neutral,-,-,TRUE,FALSE,TRUE,FALSE,TRUE,FALSE,TRUE,FALSE,TRUE,FALSE,TRUE,FALSE,TRUE,FALSE,TRUE,FALSE,TRUE,FALSE,FALSE,0,TRUE,TRUE,TRUE,FALSE,061
Animal_Fish_H,Armored Carp,,1,Armored Carp,Neutral,-,-,TRUE,FALSE,TRUE,FALSE,TRUE,FALSE,TRUE,FALSE,TRUE,FALSE,TRUE,FALSE,TRUE,FALSE,TRUE,FALSE,TRUE,FALSE,FALSE,0,TRUE,TRUE,TRUE,FALSE,062
Animal_Fish_Z,Sanke Carp,,1,Sanke Carp,Neutral,-,-,TRUE,FALSE,TRUE,FALSE,TRUE,FALSE,TRUE,FALSE,TRUE,FALSE,TRUE,FALSE,TRUE,FALSE,TRUE,FALSE,TRUE,FALSE,FALSE,0,TRUE,TRUE,TRUE,FALSE,063
Animal_Fish_AA,Ancient Arowana,,1,Ancient Arowana,Neutral,-,-,TRUE,FALSE,TRUE,FALSE,TRUE,FALSE,TRUE,FALSE,TRUE,FALSE,TRUE,FALSE,TRUE,FALSE,TRUE,FALSE,TRUE,FALSE,FALSE,0,TRUE,TRUE,TRUE,FALSE,064
Animal_Fish_AC,Glowing Cave Fish,,1,Glowing Cave Fish,Neutral,-,-,TRUE,FALSE,TRUE,FALSE,TRUE,FALSE,TRUE,FALSE,TRUE,FALSE,TRUE,FALSE,TRUE,FALSE,TRUE,FALSE,TRUE,FALSE,FALSE,0,TRUE,TRUE,TRUE,FALSE,065
Animal_Fish_F,Mighty Porgy,,1,Mighty Porgy,Neutral,-,-,TRUE,FALSE,TRUE,FALSE,TRUE,FALSE,TRUE,FALSE,TRUE,FALSE,TRUE,FALSE,TRUE,FALSE,TRUE,FALSE,TRUE,FALSE,FALSE,0,TRUE,TRUE,TRUE,FALSE,066
Animal_Fish_G,Armored Porgy,,1,Armored Porgy,Neutral,-,-,TRUE,FALSE,TRUE,FALSE,TRUE,FALSE,TRUE,FALSE,TRUE,FALSE,TRUE,FALSE,TRUE,FALSE,TRUE,FALSE,TRUE,FALSE,FALSE,0,TRUE,TRUE,TRUE,FALSE,067
Animal_Fish_M,Sneaky River Snail,,1,Sneaky River Snail,Neutral,-,-,TRUE,FALSE,TRUE,FALSE,TRUE,FALSE,TRUE,FALSE,TRUE,FALSE,TRUE,FALSE,TRUE,FALSE,TRUE,FALSE,TRUE,FALSE,FALSE,0,TRUE,TRUE,TRUE,FALSE,068
Animal_Insect_K,Razorclaw Crab,,1,Razorclaw Crab,Neutral,-,-,TRUE,FALSE,TRUE,FALSE,TRUE,FALSE,TRUE,FALSE,TRUE,FALSE,TRUE,FALSE,TRUE,FALSE,TRUE,FALSE,TRUE,FALSE,FALSE,0,TRUE,TRUE,TRUE,FALSE,069
Animal_Insect_O,Ironshell Crab,,1,Ironshell Crab,Neutral,-,-,TRUE,FALSE,TRUE,FALSE,TRUE,FALSE,TRUE,FALSE,TRUE,FALSE,TRUE,FALSE,TRUE,FALSE,TRUE,FALSE,TRUE,FALSE,FALSE,0,TRUE,TRUE,TRUE,FALSE,070
Animal_Insect_Z,Bright-Eyed Crab,,1,Bright-Eyed Crab,Neutral,-,-,TRUE,FALSE,TRUE,FALSE,TRUE,FALSE,TRUE,FALSE,TRUE,FALSE,TRUE,FALSE,TRUE,FALSE,FALSE,FALSE,FALSE,FALSE,FALSE,0,TRUE,TRUE,TRUE,FALSE,071
Animal_Insect_F,Fairy,,1,Fairy,Neutral,-,-,TRUE,FALSE,TRUE,FALSE,TRUE,FALSE,TRUE,FALSE,TRUE,FALSE,TRUE,FALSE,TRUE,FALSE,TRUE,FALSE,TRUE,FALSE,FALSE,0,FALSE,FALSE,FALSE,FALSE,072
Animal_Insect_N,Winterwing Butterfly,,1,Winterwing Butterfly,Neutral,4am - 9pm,9pm,TRUE,FALSE,TRUE,FALSE,TRUE,FALSE,TRUE,FALSE,FALSE,TRUE,FALSE,TRUE,FALSE,TRUE,TRUE,FALSE,FALSE,TRUE,FALSE,0,TRUE,TRUE,TRUE,FALSE,073
Animal_Insect_Q,Summerwing Butterfly,,1,Summerwing Butterfly,Neutral,4am - 9pm,9pm,TRUE,FALSE,TRUE,FALSE,TRUE,FALSE,TRUE,FALSE,TRUE,TRUE,TRUE,TRUE,TRUE,TRUE,TRUE,FALSE,TRUE,TRUE,FALSE,0,TRUE,TRUE,TRUE,FALSE,074
Animal_Insect_R,Thunderwing Butterfly,,1,Thunderwing Butterfly,Neutral,4am - 9pm,-,FALSE,TRUE,FALSE,TRUE,TRUE,FALSE,TRUE,FALSE,TRUE,FALSE,FALSE,TRUE,TRUE,FALSE,TRUE,FALSE,FALSE,TRUE,TRUE,0,TRUE,TRUE,TRUE,FALSE,075
Animal_Insect_AB,Smotherwing Butterfly,,1,Smotherwing Butterfly,Neutral,4am - 9pm,9pm,TRUE,FALSE,TRUE,FALSE,TRUE,FALSE,TRUE,FALSE,FALSE,TRUE,FALSE,TRUE,FALSE,TRUE,TRUE,FALSE,FALSE,TRUE,FALSE,1,TRUE,TRUE,TRUE,FALSE,076
Animal_Insect_C,Cold Darner,,1,Cold Darner,Neutral,4am - 9pm,9pm,TRUE,FALSE,TRUE,FALSE,TRUE,FALSE,TRUE,FALSE,FALSE,TRUE,FALSE,TRUE,FALSE,TRUE,TRUE,FALSE,FALSE,TRUE,FALSE,0,TRUE,TRUE,TRUE,FALSE,077
Animal_Insect_T,Warm Darner,,1,Warm Darner,Neutral,4am - 9pm,9pm,TRUE,FALSE,TRUE,FALSE,TRUE,FALSE,TRUE,FALSE,FALSE,TRUE,FALSE,TRUE,FALSE,TRUE,TRUE,FALSE,FALSE,TRUE,FALSE,0,TRUE,TRUE,TRUE,FALSE,078
Animal_Insect_I,Electric Darner,,1,Electric Darner,Neutral,4am - 9pm,-,FALSE,TRUE,FALSE,TRUE,TRUE,FALSE,TRUE,FALSE,TRUE,FALSE,FALSE,TRUE,TRUE,FALSE,TRUE,FALSE,FALSE,TRUE,TRUE,0,TRUE,TRUE,TRUE,FALSE,079
Animal_Insect_H,Restless Cricket,,1,Restless Cricket,Neutral,-,-,TRUE,FALSE,TRUE,FALSE,TRUE,FALSE,TRUE,FALSE,TRUE,FALSE,TRUE,FALSE,TRUE,FALSE,TRUE,FALSE,TRUE,FALSE,FALSE,0,TRUE,TRUE,TRUE,FALSE,080
Animal_Insect_G,Bladed Rhino Beetle,,1,Bladed Rhino Beetle,Neutral,7pm - 7am,-,TRUE,FALSE,TRUE,FALSE,TRUE,FALSE,TRUE,FALSE,FALSE,FALSE,TRUE,FALSE,FALSE,FALSE,TRUE,FALSE,FALSE,FALSE,FALSE,0,TRUE,TRUE,TRUE,FALSE,081
Animal_Insect_P,Rugged Rhino Beetle,,1,Rugged Rhino Beetle,Neutral,7pm - 7am,-,TRUE,FALSE,TRUE,FALSE,TRUE,FALSE,TRUE,FALSE,FALSE,FALSE,TRUE,FALSE,FALSE,FALSE,TRUE,FALSE,FALSE,FALSE,FALSE,0,TRUE,TRUE,TRUE,FALSE,082
Animal_Insect_AA,Energetic Rhino Beetle,,1,Energetic Rhino Beetle,Neutral,7pm - 7am,-,TRUE,FALSE,TRUE,FALSE,TRUE,FALSE,TRUE,FALSE,FALSE,FALSE,TRUE,FALSE,FALSE,FALSE,TRUE,FALSE,FALSE,FALSE,FALSE,0,TRUE,TRUE,TRUE,FALSE,083
Animal_Insect_E,Sunset Firefly,,1,Sunset Firefly,Neutral,9pm - 4am,-,TRUE,FALSE,TRUE,FALSE,FALSE,TRUE,FALSE,TRUE,FALSE,TRUE,FALSE,TRUE,FALSE,TRUE,FALSE,TRUE,FALSE,TRUE,FALSE,0,TRUE,TRUE,TRUE,FALSE,084
Animal_Insect_AI,Deep Firefly,,1,Deep Firefly,Neutral,-,-,TRUE,FALSE,TRUE,FALSE,TRUE,FALSE,TRUE,FALSE,TRUE,FALSE,TRUE,FALSE,TRUE,FALSE,TRUE,FALSE,TRUE,FALSE,FALSE,0,TRUE,TRUE,TRUE,FALSE,085
Animal_Insect_A,Hot-Footed Frog,,1,Hot-Footed Frog,Neutral,-,-,TRUE,FALSE,TRUE,FALSE,TRUE,FALSE,TRUE,FALSE,TRUE,FALSE,TRUE,FALSE,TRUE,FALSE,TRUE,FALSE,TRUE,FALSE,FALSE,0,TRUE,TRUE,TRUE,FALSE,086
Animal_Insect_B,Tireless Frog,,1,Tireless Frog,Neutral,-,-,TRUE,FALSE,FALSE,TRUE,TRUE,FALSE,TRUE,FALSE,TRUE,FALSE,FALSE,TRUE,TRUE,FALSE,TRUE,FALSE,FALSE,TRUE,FALSE,0,TRUE,TRUE,TRUE,FALSE,087
Animal_Insect_AG,Sticky Frog,,1,Sticky Frog,Neutral,-,-,TRUE,FALSE,TRUE,FALSE,TRUE,FALSE,TRUE,FALSE,TRUE,FALSE,TRUE,FALSE,TRUE,FALSE,TRUE,FALSE,TRUE,FALSE,FALSE,0,TRUE,TRUE,TRUE,FALSE,088
Animal_Insect_S,Hightail Lizard,,1,Hightail Lizard,Neutral,-,-,TRUE,FALSE,TRUE,FALSE,TRUE,FALSE,TRUE,FALSE,TRUE,FALSE,TRUE,FALSE,TRUE,FALSE,TRUE,FALSE,TRUE,FALSE,FALSE,0,TRUE,TRUE,TRUE,FALSE,089
Animal_Insect_M,Hearty Lizard,,1,Hearty Lizard,Neutral,-,-,TRUE,FALSE,TRUE,FALSE,TRUE,FALSE,TRUE,FALSE,TRUE,FALSE,TRUE,FALSE,TRUE,FALSE,TRUE,FALSE,TRUE,FALSE,FALSE,0,TRUE,TRUE,TRUE,FALSE,090
Animal_Insect_X,Fireproof Lizard,,1,Fireproof Lizard,Neutral,-,-,TRUE,FALSE,TRUE,FALSE,TRUE,FALSE,TRUE,FALSE,TRUE,FALSE,TRUE,FALSE,TRUE,FALSE,TRUE,FALSE,TRUE,FALSE,FALSE,1,TRUE,TRUE,TRUE,FALSE,091
Animal_Insect_AH,Sticky Lizard,,1,Sticky Lizard,Neutral,-,-,TRUE,FALSE,TRUE,FALSE,TRUE,FALSE,TRUE,FALSE,TRUE,FALSE,TRUE,FALSE,TRUE,FALSE,TRUE,FALSE,TRUE,FALSE,FALSE,0,TRUE,TRUE,TRUE,FALSE,092
Enemy_Dragon_Fire,Dinraal,,-,Dinraal,Friendly,-,-,TRUE,FALSE,TRUE,FALSE,TRUE,FALSE,TRUE,FALSE,TRUE,FALSE,TRUE,FALSE,TRUE,FALSE,TRUE,FALSE,TRUE,FALSE,FALSE,0,FALSE,FALSE,FALSE,FALSE,188
Enemy_Dragon_Ice,Naydra,,-,Naydra,Friendly,-,-,TRUE,FALSE,TRUE,FALSE,TRUE,FALSE,TRUE,FALSE,TRUE,FALSE,TRUE,FALSE,TRUE,FALSE,TRUE,FALSE,TRUE,FALSE,FALSE,0,FALSE,FALSE,FALSE,FALSE,189
Enemy_Dragon_Electric,Farosh,,-,Farosh,Friendly,-,-,TRUE,FALSE,TRUE,FALSE,TRUE,FALSE,TRUE,FALSE,TRUE,FALSE,TRUE,FALSE,TRUE,FALSE,TRUE,FALSE,TRUE,FALSE,FALSE,0,FALSE,FALSE,FALSE,FALSE,190
Enemy_Dragon_Light_001,Light Dragon,,-,Light Dragon,Friendly,-,-,TRUE,FALSE,TRUE,FALSE,TRUE,FALSE,TRUE,FALSE,TRUE,FALSE,TRUE,FALSE,TRUE,FALSE,TRUE,FALSE,TRUE,FALSE,FALSE,0,FALSE,FALSE,FALSE,FALSE,202
Enemy_Dragon_Light_002,Light Dragon (Final Boss),,-,Light Dragon (Final Boss),Friendly,-,-,TRUE,FALSE,TRUE,FALSE,TRUE,FALSE,TRUE,FALSE,TRUE,FALSE,TRUE,FALSE,TRUE,FALSE,TRUE,FALSE,TRUE,FALSE,FALSE,0,FALSE,FALSE,FALSE,TRUE,202
Enemy_Bee_Swarm,Bee Swarm,,2,Bee Swarm,Predator,-,-,TRUE,FALSE,TRUE,FALSE,TRUE,FALSE,TRUE,FALSE,TRUE,FALSE,TRUE,FALSE,TRUE,FALSE,TRUE,FALSE,TRUE,FALSE,FALSE,0,FALSE,FALSE,FALSE,FALSE,254