ActorName,Name,Location,Map Layer,Object Map Link,Zonai Device 1,Chance 1,Zonai Device 2,Chance 2,Zonai Device 3,Chance 3,Zonai Device 4,Chance 4,Zonai Device 5,Chance 5,Zonai Device 6,Chance 6,X,Y,Height,First n Drops,Exclude Previous Drop,1st Drop,,,2nd Drop,,,3rd Drop,,
RBox_Field_A,Device Dispenser,Great Sky Island,Sky,Link,Flame Emitter,20%,Fan,40%,Portable Pot,40%,-,-,-,-,-,-,435,-1686,1442,3,TRUE,Fan,Flame Emitter,-,Fan,Flame Emitter,Portable Pot,Portable Pot,Fan,Flame Emitter
RBox_Field_B,Device Dispenser,Great Sky Island,Sky,Link,Flame Emitter,15%,Wing,35%,Fan,30%,Portable Pot,20%,-,-,-,-,769,-1259,1578,2,TRUE,Wing,Fan,-,Wing,Fan,-,-,-,-
RBox_Field_E,Device Dispenser,West Hebra Sky Archipelago,Sky,Link,Rocket,30%,Flame Emitter,30%,Portable Pot,15%,Time Bomb,25%,-,-,-,-,-3803,2766,701,3,TRUE,Flame Emitter,Rocket,-,Flame Emitter,Rocket,Time Bomb,Flame Emitter,Rocket,Time Bomb
RBox_Field_E_02,Device Dispenser,East Hebra Sky Archipelago,Sky,Link,Wing,25%,Sled,30%,Fan,15%,Cart,15%,Light,15%,-,-,-1705,3371,947,0,-,-,-,-,-,-,-,-,-,-
RBox_Field_M,Device Dispenser,North Hyrule Sky Archipelago,Sky,Link,Shock Emitter,20%,Light,30%,Steering Stick,30%,Homing Cart,20%,-,-,-,-,443,2821,1819,2,TRUE,Steering Stick,Light,-,Steering Stick,Light,-,-,-,-
RBox_Field_M_02,Device Dispenser,Bravery Island,Sky,Link,Light,25%,Flame Emitter,20%,Battery,30%,Construct Head,25%,-,-,-,-,215,1981,754,1,-,Light,-,-,-,-,-,-,-,-
RBox_Field_F,Device Dispenser,South Eldin Sky Archipelago,Sky,Link,Big Wheel,20%,Hydrant,40%,Battery,20%,Fan,20%,-,-,-,-,1983,1221,1250,3,TRUE,Hydrant,-,-,Big Wheel,Battery,-,Big Wheel,Battery,-
RBox_Field_L,Device Dispenser,Sokkala Sky Archipelago,Sky,Link,Homing Cart,30%,Stake,20%,Cart,15%,Cannon,15%,Construct Head,20%,-,-,3755,1542,1156,2,-,Homing Cart,-,-,Stake,-,-,-,-,-
RBox_Field_Q,Device Dispenser,Sky Mine,Sky,Link,Hover Stone,35%,Time Bomb,25%,Homing Cart,25%,Hydrant,15%,-,-,-,-,4557,2076,1154,0,-,-,-,-,-,-,-,-,-,-
RBox_Field_G_02,Device Dispenser,Lanayru Sky Archipelago,Sky,Link,Cart,30%,Wing,30%,Fan,20%,Beam Emitter,20%,-,-,-,-,2915,502,950,3,TRUE,Wing,Beam Emitter,Cart,Wing,Beam Emitter,Cart,Wing,Beam Emitter,Cart
RBox_Field_C,Device Dispenser,Wellspring Island,Sky,Link,Fan,15%,Hover Stone,35%,Wing,15%,Battery,15%,Stabilizer,20%,-,-,3430,636,1316,1,-,Hover Stone,-,-,-,-,-,-,-,-
RBox_Field_S,Device Dispenser,Lightcast Island,Sky,Link,Mirror,35%,Balloon,15%,Spring,15%,Wing,20%,Hover Stone,15%,-,-,-3612,1066,1655,1,-,Mirror,-,-,-,-,-,-,-,-
RBox_Field_I_02,Device Dispenser,Tabantha Sky Archipelago,Sky,Link,Wing,30%,Frost Emitter,20%,Small Wheel,25%,Mirror,25%,-,-,-,-,-3455,393,1694,1,-,Frost Emitter,-,-,-,-,-,-,-,-
RBox_Field_D,Device Dispenser,Courage Island,Sky,Link,Balloon,30%,Fan,20%,Portable Pot,25%,Time Bomb,25%,-,-,-,-,-2370,781,610,2,TRUE,Balloon,Time Bomb,-,Balloon,Time Bomb,-,-,-,-
RBox_Field_I,Device Dispenser,Starview Island,Sky,Link,Stake,20%,Shock Emitter,20%,Sled,25%,Stabilizer,15%,Frost Emitter,20%,-,-,-3457,-373,1942,1,-,Frost Emitter,-,-,-,-,-,-,-,-
RBox_Field_H,Device Dispenser,East Gerudo Sky Archipelago,Sky,Link,Beam Emitter,15%,Sled,20%,Mirror,20%,Steering Stick,30%,Stake,15%,-,-,-1771,-2019,1147,3,TRUE,Mirror,-,-,Sled,Steering Stick,-,Sled,Steering Stick,-
RBox_Field_D_02,Device Dispenser,South Hyrule Sky Archipelago,Sky,Link,Time Bomb,20%,Small Wheel,30%,Light,25%,Rocket,25%,-,-,-,-,-1212,-1585,1006,2,TRUE,Small Wheel,Light,-,Small Wheel,Light,-,-,-,-
RBox_Field_R,Device Dispenser,North Necluda Sky Archipelago,Sky,Link,Cannon,20%,Wing,20%,Spring,40%,Time Bomb,20%,-,-,-,-,1778,-1096,917,2,-,Spring,-,-,Cannon,-,-,-,-,-
RBox_Field_T,Device Dispenser,Zonaite Forge Island,Sky,Link,Homing Cart,20%,Beam Emitter,20%,Flame Emitter,20%,Frost Emitter,20%,Time Bomb,20%,-,-,2320,-1718,1484,0,-,-,-,-,-,-,-,-,-,-
RBox_Field_J,Device Dispenser,West Necluda Sky Archipelago,Sky,Link,Construct Head,20%,Cart,20%,Balloon,20%,Stabilizer,20%,Hydrant,20%,-,-,1344,-2151,584,1,-,Construct Head,-,-,-,-,-,-,-,-
RBox_Field_G,Device Dispenser,Valor Island,Sky,Link,Spring,30%,Hydrant,25%,Beam Emitter,20%,Steering Stick,25%,-,-,-,-,4510,-805,1116,1,-,-,-,-,-,-,-,-,-,-
RBox_Field_N,Device Dispenser,South Lanayru Sky Archipelago,Sky,Link,Frost Emitter,30%,Wing,20%,Battery,30%,Mirror,20%,-,-,-,-,4675,-1029,1788,1,-,Frost Emitter,-,-,-,-,-,-,-,-
RBox_Field_K_02,Device Dispenser,South Necluda Sky Archipelago,Sky,Link,Steering Stick,30%,Small Wheel,30%,Cannon,20%,Light,20%,-,-,-,-,2851,-2958,1211,2,TRUE,Cannon,Steering Stick,-,Cannon,Steering Stick,-,-,-,-
RBox_Field_K,Device Dispenser,Thunderhead Isles,Sky,Link,Shock Emitter,35%,Fan,35%,Portable Pot,15%,Battery,15%,-,-,-,-,1104,-3331,827,1,-,Shock Emitter,-,-,-,-,-,-,-,-
RBox_Field_J_02,Device Dispenser,Dragonhead Island,Sky,Link,Wing,25%,Cart,25%,Fan,25%,Steering Stick,25%,-,-,-,-,1390,-3239,416,0,-,-,-,-,-,-,-,-,-,-
RBox_Field_R_02,Device Dispenser,Kakariko Village,Surface,Link,Balloon,25%,Fan,20%,Big Wheel,20%,Stabilizer,35%,-,-,-,-,1838,-1093,154,2,-,Stabilizer,-,-,Balloon,-,-,-,-,-
RBox_Field_L_02,Device Dispenser,Hudson Construction Site,Surface,Link,Fan,15%,Small Wheel,20%,Balloon,15%,Big Wheel,15%,Rocket,15%,Steering Stick,20%,3807,1561,89,1,-,Steering Stick,-,-,-,-,-,-,-,-
RBox_Field_H_02,Device Dispenser,Gerudo Canyon Pass,Surface,Link,Stake,25%,Big Wheel,30%,Spring,15%,Portable Pot,15%,Battery,15%,-,-,-1619,-1888,1,1,-,Stake,-,-,-,-,-,-,-,-
RBox_Field_F_02,Device Dispenser,Death Mountain Depths,Depths,Link,Big Wheel,30%,Steering Stick,40%,Portable Pot,15%,Battery,15%,-,-,-,-,2190,2640,-963,3,TRUE,Steering Stick,-,-,Big Wheel,Battery,-,Big Wheel,Battery,-
RBox_Field_K_03,Device Dispenser,Left-Leg Depot,Depths,Link,Wing,15%,Small Wheel,15%,Big Wheel,20%,Rocket,15%,Steering Stick,20%,Construct Head,15%,1058,-2320,-553,0,-,-,-,-,-,-,-,-,-,-