ActorName,Name,Image,HP,Object Map Link,Points For Defeating,Max Can Defeat For Points,Max Points With Skills,Scales To,Scale Up When Points Total Is,Attack Power 1,Attack Power 2,Attack Power 3,Attack Power 4,Element,Flammable,Fire Damage Taken,Continuous Fire Damage Taken,Freezable,Ice Damage Taken,Shockable,Electric Damage Taken,Lightning Damage Taken,Riju Lightning Damage Taken,Water Damage Taken,Light Damage Taken,Contunuous Light Damage Taken,Defeated By Ancient Blade,Can Headshot,Can Melee Headshot,"Headshot
BoneName",Can Sneakstrike,Rock Type,Arrow Damage Multiplier,Headshot Multiplier,Beam Damage Multiplier,Bomb Damage Multiplier,Can Be Dazed,Daze Duration,Can Be Confused,Spawn Time,Despawn Time,Flame Guard Level,Drowns In Water,Has Gloom Variant in Depths,Awakens Master Sword +30,IsCharacter,HP (1st Boss),HP (2nd Boss),HP (3rd Boss),HP (4th Boss),HP (5th Boss),Attack Power Multiplier (1st Boss),Attack Power Multiplier (2nd Boss),Attack Power Multiplier (3rd Boss),Attack Power Multiplier (4th Boss),Attack Power Multiplier (5th Boss),HP (Kohga 1st Battle),HP (Kohga 2nd Battle),HP (Kohga 3rd Battle),Compendium #
Enemy_Chuchu_Junior,Chuchu,,10,Chuchu,0,-,-,-,-,2,-,-,-,-,TRUE,10,1,TRUE,10,TRUE,10,10,10,0,0,0,TRUE,TRUE,FALSE,"Eye_2_L, Eye_2_R",FALSE,FALSE,1,2,1,1,TRUE,00:03,TRUE,-,-,2,TRUE,TRUE,FALSE,TRUE,-,-,-,-,-,-,-,-,-,-,-,-,-,093
Enemy_Chuchu_Middle,Chuchu (Medium),,20,Chuchu (Medium),0,-,-,-,-,2,-,-,-,-,TRUE,10,1,TRUE,10,TRUE,20,20,20,0,0,0,TRUE,TRUE,FALSE,"Eye_2_L, Eye_2_R",FALSE,FALSE,1,2,1,1,TRUE,00:03,TRUE,-,-,2,TRUE,TRUE,FALSE,TRUE,-,-,-,-,-,-,-,-,-,-,-,-,-,093
Enemy_Chuchu_Senior,Chuchu (Large),,48,Chuchu (Large),0,-,-,-,-,2,-,-,-,-,TRUE,10,1,TRUE,10,TRUE,20,48,48,0,0,0,TRUE,TRUE,FALSE,"Eye_2_L, Eye_2_R",FALSE,FALSE,1,2,1,1,TRUE,00:03,TRUE,-,-,2,TRUE,TRUE,FALSE,TRUE,-,-,-,-,-,-,-,-,-,-,-,-,-,093
Enemy_Chuchu_Fire_Junior,Fire Chuchu,,10,Fire Chuchu,0,-,-,-,-,2,-,-,-,Fire,FALSE,0,0,FALSE,10,TRUE,10,10,10,10,0,0,TRUE,TRUE,FALSE,"Eye_2_L, Eye_2_R",FALSE,FALSE,1,2,1,1,TRUE,00:03,TRUE,-,-,0,TRUE,TRUE,FALSE,TRUE,-,-,-,-,-,-,-,-,-,-,-,-,-,094
Enemy_Chuchu_Fire_Middle,Fire Chuchu (Medium),,20,Fire Chuchu (Medium),0,-,-,-,-,2,-,-,-,Fire,FALSE,0,0,FALSE,20,TRUE,20,20,20,20,0,0,TRUE,TRUE,FALSE,"Eye_2_L, Eye_2_R",FALSE,FALSE,1,2,1,1,TRUE,00:03,TRUE,-,-,0,TRUE,TRUE,FALSE,TRUE,-,-,-,-,-,-,-,-,-,-,-,-,-,094
Enemy_Chuchu_Fire_Senior,Fire Chuchu (Large),,48,Fire Chuchu (Large),0,-,-,-,-,2,-,-,-,Fire,FALSE,0,0,FALSE,48,TRUE,20,48,48,48,0,0,TRUE,TRUE,FALSE,"Eye_2_L, Eye_2_R",FALSE,FALSE,1,2,1,1,TRUE,00:03,TRUE,-,-,0,TRUE,TRUE,FALSE,TRUE,-,-,-,-,-,-,-,-,-,-,-,-,-,094
Enemy_Chuchu_Ice_Junior,Ice Chuchu,,10,Ice Chuchu,0,-,-,-,-,2,-,-,-,Ice,FALSE,10,0,FALSE,0,TRUE,10,10,10,0,0,0,TRUE,TRUE,FALSE,"Eye_2_L, Eye_2_R",FALSE,FALSE,1,2,1,1,TRUE,00:03,TRUE,-,-,0,TRUE,TRUE,FALSE,TRUE,-,-,-,-,-,-,-,-,-,-,-,-,-,095
Enemy_Chuchu_Ice_Middle,Ice Chuchu (Medium),,20,Ice Chuchu (Medium),0,-,-,-,-,2,-,-,-,Ice,FALSE,20,0,FALSE,0,TRUE,20,20,20,0,0,0,TRUE,TRUE,FALSE,"Eye_2_L, Eye_2_R",FALSE,FALSE,1,2,1,1,TRUE,00:03,TRUE,-,-,0,TRUE,TRUE,FALSE,TRUE,-,-,-,-,-,-,-,-,-,-,-,-,-,095
Enemy_Chuchu_Ice_Senior,Ice Chuchu (Large),,48,Ice Chuchu (Large),0,-,-,-,-,2,-,-,-,Ice,FALSE,48,0,FALSE,0,TRUE,20,48,48,0,0,0,TRUE,TRUE,FALSE,"Eye_2_L, Eye_2_R",FALSE,FALSE,1,2,1,1,TRUE,00:03,TRUE,-,-,0,TRUE,TRUE,FALSE,TRUE,-,-,-,-,-,-,-,-,-,-,-,-,-,095
Enemy_Chuchu_Electric_Junior,Electric Chuchu,,10,Electric Chuchu,0,-,-,-,-,2,-,-,-,Electric,TRUE,10,1,TRUE,10,FALSE,0,0,0,0,0,0,TRUE,TRUE,FALSE,"Eye_2_L, Eye_2_R",FALSE,FALSE,1,2,1,1,TRUE,00:03,TRUE,-,-,2,TRUE,TRUE,FALSE,TRUE,-,-,-,-,-,-,-,-,-,-,-,-,-,096
Enemy_Chuchu_Electric_Middle,Electric Chuchu (Medium),,20,Electric Chuchu (Medium),0,-,-,-,-,2,-,-,-,Electric,TRUE,10,1,TRUE,10,FALSE,0,0,0,0,0,0,TRUE,TRUE,FALSE,"Eye_2_L, Eye_2_R",FALSE,FALSE,1,2,1,1,TRUE,00:03,TRUE,-,-,2,TRUE,TRUE,FALSE,TRUE,-,-,-,-,-,-,-,-,-,-,-,-,-,096
Enemy_Chuchu_Electric_Senior,Electric Chuchu (Large),,48,Electric Chuchu (Large),0,-,-,-,-,2,-,-,-,Electric,TRUE,10,1,TRUE,10,FALSE,0,0,0,0,0,0,TRUE,TRUE,FALSE,"Eye_2_L, Eye_2_R",FALSE,FALSE,1,2,1,1,TRUE,00:03,TRUE,-,-,2,TRUE,TRUE,FALSE,TRUE,-,-,-,-,-,-,-,-,-,-,-,-,-,096
Enemy_Keese,Keese,,1,Keese,0,-,-,-,-,4,-,-,-,-,FALSE,1,0,FALSE,1,FALSE,1,1,1,0,0,0,TRUE,FALSE,FALSE,-,FALSE,FALSE,1,2,1,1,TRUE,00:01,FALSE,7pm - 4am,-,2,TRUE,TRUE,FALSE,TRUE,-,-,-,-,-,-,-,-,-,-,-,-,-,097
Enemy_Keese_Fire,Fire Keese,,1,Fire Keese,0,-,-,-,-,4,-,-,-,Fire,FALSE,0,0,FALSE,1,FALSE,1,1,1,0,0,0,TRUE,FALSE,FALSE,-,FALSE,FALSE,1,2,1,1,TRUE,00:01,FALSE,7pm - 4am,-,0,TRUE,TRUE,FALSE,TRUE,-,-,-,-,-,-,-,-,-,-,-,-,-,098
Enemy_Keese_Ice,Ice Keese,,1,Ice Keese,0,-,-,-,-,4,-,-,-,Ice,FALSE,1,0,FALSE,0,FALSE,1,1,1,0,0,0,TRUE,FALSE,FALSE,-,FALSE,FALSE,1,2,1,1,TRUE,00:01,FALSE,7pm - 4am,-,0,TRUE,TRUE,FALSE,TRUE,-,-,-,-,-,-,-,-,-,-,-,-,-,099
Enemy_Keese_Electric,Electric Keese,,1,Electric Keese,0,-,-,-,-,4,-,-,-,Electric,FALSE,1,0,FALSE,1,FALSE,0,0,0,0,0,0,TRUE,FALSE,FALSE,-,FALSE,FALSE,1,2,1,1,TRUE,00:01,FALSE,7pm - 4am,-,2,TRUE,TRUE,FALSE,TRUE,-,-,-,-,-,-,-,-,-,-,-,-,-,100
Enemy_Octarock,Water Octorok,,8,Water Octorok,0,-,-,-,-,2,-,-,-,-,TRUE,8,0,TRUE,8,TRUE,8,8,8,0,0,0,TRUE,TRUE,FALSE,Head,FALSE,FALSE,10,2,1,10,TRUE,00:01,FALSE,-,-,2,FALSE,TRUE,FALSE,TRUE,-,-,-,-,-,-,-,-,-,-,-,-,-,101
Enemy_Octarock_Forest,Forest Octorok,,8,Forest Octorok,0,-,-,-,-,2,-,-,-,-,TRUE,8,0,TRUE,8,TRUE,8,8,8,0,0,0,TRUE,TRUE,FALSE,Head,FALSE,FALSE,10,2,1,10,TRUE,00:01,TRUE,-,-,2,TRUE,TRUE,FALSE,TRUE,-,-,-,-,-,-,-,-,-,-,-,-,-,102
Enemy_Octarock_Stone,Rock Octorok,,8,Rock Octorok,0,-,-,-,-,13,-,-,-,-,TRUE,8,0,TRUE,8,TRUE,8,8,8,0,0,0,TRUE,TRUE,FALSE,Head,FALSE,FALSE,10,2,1,10,TRUE,00:01,FALSE,-,-,1,TRUE,TRUE,FALSE,TRUE,-,-,-,-,-,-,-,-,-,-,-,-,-,103
Enemy_Octarock_Snow,Snow Octorok,,8,Snow Octorok,0,-,-,-,-,2,-,-,-,-,TRUE,8,0,TRUE,8,TRUE,8,8,8,0,0,0,TRUE,TRUE,FALSE,Head,FALSE,FALSE,10,2,1,10,TRUE,00:01,TRUE,-,-,2,TRUE,TRUE,FALSE,TRUE,-,-,-,-,-,-,-,-,-,-,-,-,-,104
Enemy_Octarock_Desert,Treasure Octorok,,8,Treasure Octorok,0,-,-,-,-,11,-,-,-,-,TRUE,8,0,TRUE,8,TRUE,8,8,8,0,0,0,TRUE,TRUE,FALSE,Head,FALSE,FALSE,10,2,1,10,TRUE,00:01,TRUE,-,-,2,TRUE,TRUE,FALSE,TRUE,-,-,-,-,-,-,-,-,-,-,-,-,-,105
Enemy_Wizzrobe_Fire,Fire Wizzrobe,,150,Fire Wizzrobe,5,10,100,-,-,-,-,-,-,Fire,FALSE,0,0,FALSE,150,TRUE,20,150,60,0,0,0,TRUE,TRUE,FALSE,Head,FALSE,FALSE,1,2,1,1,TRUE,00:01,TRUE,-,-,1,FALSE,FALSE,FALSE,TRUE,-,-,-,-,-,-,-,-,-,-,-,-,-,106
Enemy_Wizzrobe_Ice,Ice Wizzrobe,,150,Ice Wizzrobe,5,10,100,-,-,-,-,-,-,Ice,FALSE,150,0,FALSE,0,TRUE,20,150,60,0,0,0,TRUE,TRUE,FALSE,Head,FALSE,FALSE,1,2,1,1,TRUE,00:01,TRUE,-,-,2,FALSE,FALSE,FALSE,TRUE,-,-,-,-,-,-,-,-,-,-,-,-,-,107
Enemy_Wizzrobe_Electric,Electric Wizzrobe,,150,Electric Wizzrobe,5,10,100,-,-,-,-,-,-,Electric,TRUE,10,5,TRUE,10,FALSE,0,0,0,0,0,0,TRUE,TRUE,FALSE,Head,FALSE,FALSE,1,2,1,1,TRUE,00:01,TRUE,-,-,2,FALSE,FALSE,FALSE,TRUE,-,-,-,-,-,-,-,-,-,-,-,-,-,108
Enemy_Wizzrobe_Fire_Senior,Meteo Wizzrobe,,300,Meteo Wizzrobe,15,10,300,-,-,-,-,-,-,Fire,FALSE,0,0,FALSE,300,TRUE,20,300,60,0,0,0,TRUE,TRUE,FALSE,Head,FALSE,FALSE,1,2,1,1,TRUE,00:01,TRUE,-,-,1,FALSE,FALSE,FALSE,TRUE,-,-,-,-,-,-,-,-,-,-,-,-,-,109
Enemy_Wizzrobe_Ice_Senior,Blizzrobe,,300,Blizzrobe,15,10,300,-,-,-,-,-,-,Ice,FALSE,300,0,FALSE,0,TRUE,20,300,60,0,0,0,TRUE,TRUE,FALSE,Head,FALSE,FALSE,1,2,1,1,TRUE,00:01,TRUE,-,-,2,FALSE,FALSE,FALSE,TRUE,-,-,-,-,-,-,-,-,-,-,-,-,-,110
Enemy_Wizzrobe_Electric_Senior,Thunder Wizzrobe,,300,Thunder Wizzrobe,15,10,300,-,-,5,-,-,-,Electric,TRUE,10,5,TRUE,10,FALSE,0,0,0,0,0,0,TRUE,TRUE,FALSE,Head,FALSE,FALSE,1,2,1,1,TRUE,00:01,TRUE,-,-,2,FALSE,FALSE,FALSE,TRUE,-,-,-,-,-,-,-,-,-,-,-,-,-,111
Enemy_LikeLike_Plane,Like Like,,200,Like Like,0,-,-,-,-,10,-,-,-,-,TRUE,3,3,TRUE,10,TRUE,20,200,60,0,0,0,TRUE,TRUE,TRUE,Pulse,FALSE,FALSE,1,2,1,1,TRUE,00:03,TRUE,-,-,2,TRUE,TRUE,FALSE,TRUE,-,-,-,-,-,-,-,-,-,-,-,-,-,112
Enemy_LikeLike_Fire,Fire Like,,250,Fire Like,0,-,-,-,-,20,-,-,-,Fire,FALSE,0,0,TRUE,10,TRUE,20,250,60,0,0,0,TRUE,TRUE,TRUE,Pulse,FALSE,FALSE,1,2,1,1,TRUE,00:03,TRUE,-,-,1,TRUE,TRUE,FALSE,TRUE,-,-,-,-,-,-,-,-,-,-,-,-,-,113
Enemy_LikeLike_Ice,Ice Like,,250,Ice Like,0,-,-,-,-,20,-,-,-,Ice,TRUE,3,3,FALSE,0,TRUE,20,250,60,0,0,0,TRUE,TRUE,TRUE,Pulse,FALSE,FALSE,1,2,1,1,TRUE,00:03,TRUE,-,-,2,TRUE,TRUE,FALSE,TRUE,-,-,-,-,-,-,-,-,-,-,-,-,-,114
Enemy_LikeLike_Electric,Shock Like,,400,Shock Like,0,-,-,-,-,30,4,-,-,Electric,TRUE,3,3,TRUE,10,FALSE,0,400,60,0,0,0,TRUE,TRUE,TRUE,Pulse,FALSE,FALSE,1,2,1,1,TRUE,00:03,TRUE,-,-,2,TRUE,TRUE,FALSE,TRUE,-,-,-,-,-,-,-,-,-,-,-,-,-,115
Enemy_LikeLike_Crack,Rock Like,,250,Rock Like,0,-,-,-,-,20,15,-,-,-,TRUE,3,3,TRUE,10,TRUE,20,250,60,0,0,0,TRUE,TRUE,TRUE,Pulse,FALSE,FALSE,1,2,1,1,TRUE,00:03,TRUE,-,-,2,TRUE,TRUE,FALSE,TRUE,-,-,-,-,-,-,-,-,-,-,-,-,-,116
Enemy_Treant_Broadleaf,Evermean,,40,Evermean,0,-,-,-,-,10,3,-,-,-,TRUE,10,1x15,FALSE,0,FALSE,0,40,40,0,0,0,TRUE,FALSE,FALSE,-,FALSE,FALSE,1,2,1,100,TRUE,00:01,TRUE,-,-,2,FALSE,TRUE,FALSE,TRUE,-,-,-,-,-,-,-,-,-,-,-,-,-,117
Enemy_Toby_Junior,Aerocuda,,2,Aerocuda,0,-,-,-,-,13,-,-,-,-,TRUE,2,2,TRUE,2,TRUE,2,2,2,0,0,0,TRUE,TRUE,FALSE,Head,TRUE,FALSE,1,2,1,1,TRUE,00:01,FALSE,-,-,2,TRUE,TRUE,FALSE,TRUE,-,-,-,-,-,-,-,-,-,-,-,-,-,118
Enemy_Zombie_Junior,Gibdo,,60,Gibdo,0,-,-,-,-,20,-,-,-,-,TRUE,10,4,TRUE,10,TRUE,10,60,60,10,0,3+3*Seconds,TRUE,TRUE,FALSE,Head,TRUE,FALSE,1,2,1,1,TRUE,00:01,TRUE,-,-,2,TRUE,TRUE,FALSE,TRUE,-,-,-,-,-,-,-,-,-,-,-,-,-,119
Enemy_Zombie_Boss_Junior,Moth Gibdo,,40,Moth Gibdo,0,-,-,-,-,20,-,-,-,-,TRUE,10,4,TRUE,10,TRUE,10,40,40,10,0,3+3*Seconds,TRUE,TRUE,FALSE,Head,FALSE,FALSE,1,2,1,1,TRUE,00:01,TRUE,-,-,2,TRUE,TRUE,FALSE,TRUE,-,-,-,-,-,-,-,-,-,-,-,-,-,120
Enemy_Bokoblin_Junior,Bokoblin,,25,Bokoblin,0,-,-,Blue Bokoblin,800,6,3,1,-,-,TRUE,3,3,TRUE,10,TRUE,20,25,25,0,0,0,TRUE,TRUE,FALSE,Head,TRUE,FALSE,1,2,1,1,TRUE,00:03,TRUE,-,-,2,TRUE,TRUE,FALSE,TRUE,-,-,-,-,-,-,-,-,-,-,-,-,-,121
Enemy_Bokoblin_Armor_Junior,Bokoblin (Armored),,65,Bokoblin (Armored),0,-,-,Blue Bokoblin (Armored),800,6,3,1,-,-,TRUE,3,3,TRUE,10,TRUE,20,65,60,0,0,0,TRUE,TRUE,FALSE,Head,TRUE,TRUE,1,2,1,1,TRUE,00:03,TRUE,-,-,2,TRUE,TRUE,FALSE,TRUE,-,-,-,-,-,-,-,-,-,-,-,-,-,121
Enemy_Bokoblin_Guard_Junior,Bokoblin (Lookout),,25,Bokoblin (Lookout),0,-,-,Blue Bokoblin,800,6,3,1,-,-,TRUE,3,3,TRUE,10,TRUE,20,25,25,0,0,0,TRUE,TRUE,FALSE,Head,TRUE,FALSE,1,10,1,1,TRUE,00:04,TRUE,-,-,2,TRUE,TRUE,FALSE,TRUE,-,-,-,-,-,-,-,-,-,-,-,-,-,121
Enemy_Bokoblin_Middle,Blue Bokoblin,,72,Blue Bokoblin,0,-,-,Black Bokoblin,1700,24,12,1,-,-,TRUE,3,5,TRUE,10,TRUE,20,72,60,0,0,0,TRUE,TRUE,FALSE,Head,TRUE,FALSE,1,2,1,1,TRUE,00:03,TRUE,-,-,2,TRUE,TRUE,FALSE,TRUE,-,-,-,-,-,-,-,-,-,-,-,-,-,122
Enemy_Bokoblin_Armor_Middle,Blue Bokoblin (Armored),,112,Blue Bokoblin (Armored),0,-,-,Black Bokoblin (Armored),1700,24,12,1,-,-,TRUE,3,5,TRUE,10,TRUE,20,112,60,0,0,0,TRUE,TRUE,FALSE,Head,TRUE,TRUE,1,2,1,1,TRUE,00:03,TRUE,-,-,2,TRUE,TRUE,FALSE,TRUE,-,-,-,-,-,-,-,-,-,-,-,-,-,122
Enemy_Bokoblin_Guard_Middle,Blue Bokoblin (Lookout),,72,Blue Bokoblin (Lookout),0,-,-,-,-,24,12,1,-,-,TRUE,3,5,TRUE,10,TRUE,20,72,60,0,0,0,TRUE,TRUE,FALSE,Head,TRUE,FALSE,1,10,1,1,TRUE,00:04,TRUE,-,-,2,TRUE,TRUE,FALSE,TRUE,-,-,-,-,-,-,-,-,-,-,-,-,-,122
Enemy_Bokoblin_Senior,Black Bokoblin,,240,Black Bokoblin,15,10,300,Silver Bokoblin,3400,36,18,1,-,-,TRUE,3,5,TRUE,10,TRUE,20,240,60,0,0,0,TRUE,TRUE,FALSE,Head,TRUE,FALSE,1,2,1,1,TRUE,00:03,TRUE,-,-,2,TRUE,TRUE,FALSE,TRUE,-,-,-,-,-,-,-,-,-,-,-,-,-,123
Enemy_Bokoblin_Armor_Senior,Black Bokoblin (Armored),,280,Black Bokoblin (Armored),0,-,-,Silver Bokoblin (Armored),3400,36,18,1,-,-,TRUE,3,5,TRUE,10,TRUE,20,280,60,0,0,0,TRUE,TRUE,FALSE,Head,TRUE,TRUE,1,2,1,1,TRUE,00:03,TRUE,-,-,2,TRUE,TRUE,FALSE,TRUE,-,-,-,-,-,-,-,-,-,-,-,-,-,123
Enemy_Bokoblin_Dark,Silver Bokoblin,,720,Silver Bokoblin,25,10,500,-,-,48,24,1,-,-,TRUE,3,5,TRUE,10,TRUE,20,720,60,0,0,0,TRUE,TRUE,FALSE,Head,TRUE,FALSE,1,2,1,1,TRUE,00:03,TRUE,-,-,2,TRUE,TRUE,FALSE,TRUE,-,-,-,-,-,-,-,-,-,-,-,-,-,125
Enemy_Bokoblin_Armor_Dark,Silver Bokoblin (Armored),,760,Silver Bokoblin (Armored),0,-,-,-,-,48,24,1,-,-,TRUE,3,5,TRUE,10,TRUE,20,760,60,0,0,0,TRUE,TRUE,FALSE,Head,TRUE,TRUE,1,2,1,1,TRUE,00:03,TRUE,-,-,2,TRUE,TRUE,FALSE,TRUE,-,-,-,-,-,-,-,-,-,-,-,-,-,125
Enemy_Bokoblin_Bone_Junior,Stalkoblin,,2,Stalkoblin,0,-,-,-,-,6,3,-,-,-,TRUE,2,0,TRUE,2,TRUE,2,2,2,0,0,0,TRUE,TRUE,FALSE,Head,TRUE,FALSE,1,2,1,1,TRUE,00:03,TRUE,9pm - 5am,5am,2,TRUE,TRUE,FALSE,TRUE,-,-,-,-,-,-,-,-,-,-,-,-,-,124
Enemy_Bokoblin_Bone_Junior_Head,Stalkoblin Head,,1,-,0,-,-,-,-,-,-,-,-,-,TRUE,1,0,TRUE,1,TRUE,1,1,1,0,0,0,TRUE,FALSE,FALSE,-,TRUE,FALSE,1,2,1,1,TRUE,00:03,TRUE,9pm - 5am,5am,2,TRUE,TRUE,FALSE,TRUE,-,-,-,-,-,-,-,-,-,-,-,-,-,124
Enemy_Bokoblin_Boss_Junior,Boss Bokoblin,,200,Boss Bokoblin,15,10,300,Blue Boss Bokoblin,2700,24,12,1,-,-,TRUE,3,3,TRUE,10,TRUE,20,200,60,0,0,0,TRUE,TRUE,FALSE,Forehead,TRUE,FALSE,1,2,1,1,TRUE,00:03,TRUE,-,-,2,TRUE,TRUE,FALSE,TRUE,-,-,-,-,-,-,-,-,-,-,-,-,-,126
Enemy_Bokoblin_Boss_Middle,Blue Boss Bokoblin,,400,Blue Boss Bokoblin,25,10,500,Black Boss Bokoblin,3800,32,16,1,-,-,TRUE,3,3,TRUE,10,TRUE,20,400,60,0,0,0,TRUE,TRUE,FALSE,Forehead,TRUE,FALSE,1,2,1,1,TRUE,00:03,TRUE,-,-,2,TRUE,TRUE,FALSE,TRUE,-,-,-,-,-,-,-,-,-,-,-,-,-,127
Enemy_Bokoblin_Boss_Senior,Black Boss Bokoblin,,750,Black Boss Bokoblin,35,10,700,Silver Boss Bokoblin,5400,52,26,1,-,-,TRUE,3,3,TRUE,10,TRUE,20,750,60,0,0,0,TRUE,TRUE,FALSE,Forehead,TRUE,FALSE,1,2,1,1,TRUE,00:03,TRUE,-,-,2,TRUE,TRUE,FALSE,TRUE,-,-,-,-,-,-,-,-,-,-,-,-,-,128
Enemy_Bokoblin_Boss_Dark,Silver Boss Bokoblin,,"1,200",Silver Boss Bokoblin,50,10,"1,000",-,-,62,36,1,-,-,TRUE,3,3,TRUE,10,TRUE,20,1200,60,0,0,0,TRUE,TRUE,FALSE,Forehead,TRUE,FALSE,1,2,1,1,TRUE,00:03,TRUE,-,-,2,TRUE,TRUE,FALSE,TRUE,-,-,-,-,-,-,-,-,-,-,-,-,-,129
Enemy_Moriblin_Junior,Moblin,,62,Moblin,0,-,-,Blue Moblin,1000,10,5,-,-,-,TRUE,10,5,TRUE,10,TRUE,20,62,60,0,0,0,TRUE,TRUE,FALSE,Head,TRUE,FALSE,1,2,1,1,TRUE,00:01,TRUE,-,-,2,TRUE,TRUE,FALSE,TRUE,-,-,-,-,-,-,-,-,-,-,-,-,-,130
Enemy_Moriblin_Junior_Lookout_Cliff,Moblin (Lookout),,62,Moblin (Lookout),0,-,-,-,-,10,5,-,-,-,TRUE,10,5,TRUE,10,TRUE,20,62,60,0,0,0,TRUE,TRUE,FALSE,Head,TRUE,FALSE,1,10,1,1,TRUE,00:02,TRUE,-,-,2,TRUE,TRUE,FALSE,TRUE,-,-,-,-,-,-,-,-,-,-,-,-,-,130
Enemy_Moriblin_Middle,Blue Moblin,,144,Blue Moblin,0,-,-,Black Moblin,2900,28,14,-,-,-,TRUE,10,5,TRUE,10,TRUE,20,144,60,0,0,0,TRUE,TRUE,FALSE,Head,TRUE,FALSE,1,2,1,1,TRUE,00:01,TRUE,-,-,2,TRUE,TRUE,FALSE,TRUE,-,-,-,-,-,-,-,-,-,-,-,-,-,131
Enemy_Moriblin_Senior,Black Moblin,,360,Black Moblin,18,10,360,Silver Moblin,5200,48,24,-,-,-,TRUE,10,5,TRUE,10,TRUE,20,360,60,0,0,0,TRUE,TRUE,FALSE,Head,TRUE,FALSE,1,2,1,1,TRUE,00:01,TRUE,-,-,2,TRUE,TRUE,FALSE,TRUE,-,-,-,-,-,-,-,-,-,-,-,-,-,132
Enemy_Moriblin_Dark,Silver Moblin,,"1,080",Silver Moblin,35,10,700,-,-,68,34,-,-,-,TRUE,10,5,TRUE,10,TRUE,20,1080,60,0,0,0,TRUE,TRUE,FALSE,Head,TRUE,FALSE,1,2,1,1,TRUE,00:01,TRUE,-,-,2,TRUE,TRUE,FALSE,TRUE,-,-,-,-,-,-,-,-,-,-,-,-,-,134
Enemy_Moriblin_Bone_Junior,Stalmoblin,,3,Stalmoblin,0,-,-,-,-,10,5,-,-,-,TRUE,3,0,TRUE,3,TRUE,3,3,3,0,0,0,TRUE,TRUE,FALSE,Head,TRUE,FALSE,1,2,1,1,TRUE,00:01,TRUE,9pm - 5am,5am,2,TRUE,TRUE,FALSE,TRUE,-,-,-,-,-,-,-,-,-,-,-,-,-,133
Enemy_Moriblin_Bone_Junior_Head,Stalmoblin Head,,1,-,0,-,-,-,-,-,-,-,-,-,TRUE,1,0,TRUE,1,TRUE,1,1,1,0,0,0,TRUE,FALSE,FALSE,-,TRUE,FALSE,1,2,1,1,TRUE,00:01,TRUE,9pm - 5am,5am,2,TRUE,TRUE,FALSE,TRUE,-,-,-,-,-,-,-,-,-,-,-,-,-,133
Enemy_Lizalfos_Junior,Lizalfos,,50,Lizalfos,0,-,-,Blue Lizalfos,1700,8,4,-,-,-,TRUE,10,5,TRUE,10,TRUE,20,50,50,0,0,0,TRUE,TRUE,FALSE,Head,TRUE,FALSE,1,2,1,1,TRUE,00:01,TRUE,-,-,2,FALSE,TRUE,FALSE,TRUE,-,-,-,-,-,-,-,-,-,-,-,-,-,135
Enemy_Lizalfos_Guard_Junior,Lizalfos (Lookout),,50,Lizalfos (Lookout),0,-,-,Blue Lizalfos,1700,8,4,-,-,-,TRUE,10,5,TRUE,10,TRUE,20,50,50,0,0,0,TRUE,TRUE,FALSE,Head,TRUE,FALSE,1,10,1,1,TRUE,00:02,TRUE,-,-,2,FALSE,TRUE,FALSE,TRUE,-,-,-,-,-,-,-,-,-,-,-,-,-,135
Enemy_Lizalfos_Middle,Blue Lizalfos,,120,Blue Lizalfos,0,-,-,Black Lizalfos,3000,24,12,-,-,-,TRUE,10,5,TRUE,10,TRUE,20,120,60,0,0,0,TRUE,TRUE,FALSE,Head,TRUE,FALSE,1,2,1,1,TRUE,00:01,TRUE,-,-,2,FALSE,TRUE,FALSE,TRUE,-,-,-,-,-,-,-,-,-,-,-,-,-,136
Enemy_Lizalfos_Guard_Middle,Blue Lizalfos (Lookout),,120,Blue Lizalfos (Lookout),0,-,-,-,-,24,12,-,-,-,TRUE,10,5,TRUE,10,TRUE,20,120,60,0,0,0,TRUE,TRUE,FALSE,Head,TRUE,FALSE,1,10,1,1,TRUE,00:02,TRUE,-,-,2,FALSE,TRUE,FALSE,TRUE,-,-,-,-,-,-,-,-,-,-,-,-,-,136
Enemy_Lizalfos_Senior,Black Lizalfos,,288,Black Lizalfos,20,10,400,Silver Lizalfos,5400,40,20,-,-,-,TRUE,10,5,TRUE,10,TRUE,20,288,60,0,0,0,TRUE,TRUE,FALSE,Head,TRUE,FALSE,1,2,1,1,TRUE,00:01,TRUE,-,-,2,FALSE,TRUE,FALSE,TRUE,-,-,-,-,-,-,-,-,-,-,-,-,-,137
Enemy_Lizalfos_Dark,Silver Lizalfos,,864,Silver Lizalfos,40,10,800,-,-,56,28,-,-,-,TRUE,10,5,TRUE,10,TRUE,20,864,60,0,0,0,TRUE,TRUE,FALSE,Head,TRUE,FALSE,1,2,1,1,TRUE,00:01,TRUE,-,-,2,FALSE,TRUE,FALSE,TRUE,-,-,-,-,-,-,-,-,-,-,-,-,-,142
Enemy_Lizalfos_Fire,Fire-Breath Lizalfos,,160,Fire-Breath Lizalfos,20,10,400,-,-,24,12,-,-,Fire,FALSE,0,0,FALSE,160,TRUE,20,160,60,0,0,0,TRUE,TRUE,FALSE,Head,TRUE,FALSE,1,2,1,1,TRUE,00:01,TRUE,7am - 7pm (Gerudo),7pm (Gerudo),1,FALSE,TRUE,FALSE,TRUE,-,-,-,-,-,-,-,-,-,-,-,-,-,139
Enemy_Lizalfos_Ice,Ice-Breath Lizalfos,,160,Ice-Breath Lizalfos,20,10,400,-,-,24,12,-,-,Ice,FALSE,160,0,FALSE,0,TRUE,20,160,60,0,0,0,TRUE,TRUE,FALSE,Head,TRUE,FALSE,1,2,1,1,TRUE,00:01,TRUE,7pm - 7am (Gerudo),7am (Gerudo),2,FALSE,TRUE,FALSE,TRUE,-,-,-,-,-,-,-,-,-,-,-,-,-,140
Enemy_Lizalfos_Electric,Electric Lizalfos,,288,Electric Lizalfos,20,10,400,-,-,40,20,-,-,Electric,TRUE,10,5,TRUE,10,TRUE,20,288,60,0,0,0,TRUE,TRUE,FALSE,Head,TRUE,FALSE,1,2,1,1,TRUE,00:01,TRUE,-,-,2,FALSE,TRUE,FALSE,TRUE,-,-,-,-,-,-,-,-,-,-,-,-,-,141
Enemy_Lizalfos_Bone_Junior,Stalizalfos,,2,Stalizalfos,0,-,-,-,-,8,4,-,-,-,TRUE,2,0,TRUE,2,TRUE,2,2,2,0,0,0,TRUE,TRUE,FALSE,Head,TRUE,FALSE,1,2,1,1,TRUE,00:01,TRUE,9pm - 5am,5am,2,TRUE,TRUE,FALSE,TRUE,-,-,-,-,-,-,-,-,-,-,-,-,-,138
Enemy_Lizalfos_Bone_Junior_Head,Stalizalfos Head,,1,-,0,-,-,-,-,-,-,-,-,-,TRUE,1,0,TRUE,1,TRUE,1,1,1,0,0,0,TRUE,FALSE,FALSE,-,TRUE,FALSE,1,2,1,1,TRUE,00:01,TRUE,9pm - 5am,5am,2,TRUE,TRUE,FALSE,TRUE,-,-,-,-,-,-,-,-,-,-,-,-,-,138
Enemy_Horablin_Junior,Horriblin,,35,Horriblin,0,-,-,Blue Horriblin,900,5,2,1,-,-,TRUE,10,5,TRUE,10,TRUE,20,35,35,0,0,0,TRUE,TRUE,FALSE,Head,TRUE,FALSE,1,2,1,1,TRUE,00:03,TRUE,-,-,2,TRUE,TRUE,FALSE,TRUE,-,-,-,-,-,-,-,-,-,-,-,-,-,143
Enemy_Horablin_Guard_Junior,Horriblin (Lookout),,35,Horriblin (Lookout),0,-,-,Blue Horriblin,900,5,4,2,-,-,TRUE,10,5,TRUE,10,TRUE,20,35,35,0,0,0,TRUE,TRUE,FALSE,Head,TRUE,FALSE,1,10,1,1,TRUE,00:04,TRUE,-,-,2,TRUE,TRUE,FALSE,TRUE,-,-,-,-,-,-,-,-,-,-,-,-,-,143
Enemy_Horablin_Middle,Blue Horriblin,,106,Blue Horriblin,0,-,-,Black Horriblin,2600,12,6,1,-,-,TRUE,10,5,TRUE,10,TRUE,20,106,60,0,0,0,TRUE,TRUE,FALSE,Head,TRUE,FALSE,1,2,1,1,TRUE,00:03,TRUE,-,-,2,TRUE,TRUE,FALSE,TRUE,-,-,-,-,-,-,-,-,-,-,-,-,-,144
Enemy_Horablin_Guard_Middle,Blue Horriblin (Lookout),,106,Blue Horriblin (Lookout),0,-,-,-,-,12,6,1,-,-,TRUE,10,5,TRUE,10,TRUE,20,106,60,0,0,0,TRUE,TRUE,FALSE,Head,TRUE,FALSE,1,10,1,1,TRUE,00:04,TRUE,-,-,2,TRUE,TRUE,FALSE,TRUE,-,-,-,-,-,-,-,-,-,-,-,-,-,144
Enemy_Horablin_Senior,Black Horriblin,,280,Black Horriblin,18,10,360,Silver Horriblin,4700,18,9,1,-,-,TRUE,10,5,TRUE,10,TRUE,20,280,60,0,0,0,TRUE,TRUE,FALSE,Head,TRUE,FALSE,1,2,1,1,TRUE,00:03,TRUE,-,-,2,TRUE,TRUE,FALSE,TRUE,-,-,-,-,-,-,-,-,-,-,-,-,-,145
Enemy_Horablin_Dark,Silver Horriblin,,840,Silver Horriblin,35,10,700,-,-,24,12,1,-,-,TRUE,10,5,TRUE,10,TRUE,20,840,60,0,0,0,TRUE,TRUE,FALSE,Head,TRUE,FALSE,1,2,1,1,TRUE,00:03,TRUE,-,-,2,TRUE,TRUE,FALSE,TRUE,-,-,-,-,-,-,-,-,-,-,-,-,-,146
Enemy_Lynel_Junior,Lynel,,"2,000",Lynel,50,10,"1,000",Blue-Maned Lynel,3800,45,15,-,-,-,FALSE,0,0,FALSE,0,FALSE,0,120,60,0,0,0,TRUE,TRUE,FALSE,Head,FALSE,FALSE,1,2,1,1,TRUE,00:03,TRUE,-,-,0,FALSE,TRUE,FALSE,TRUE,-,-,-,-,-,-,-,-,-,-,-,-,-,147
Enemy_Lynel_Boss,Lynel (Armored),,"2,500",Lynel (Armored),0,-,-,Blue-Maned Lynel (Armored),3900,45,15,-,-,-,FALSE,0,0,FALSE,0,FALSE,0,120,60,0,0,0,TRUE,TRUE,FALSE,Head,FALSE,TRUE,1,2,1,1,TRUE,00:03,TRUE,-,-,0,FALSE,TRUE,FALSE,TRUE,-,-,-,-,-,-,-,-,-,-,-,-,-,147
Enemy_Lynel_Middle,Blue-Maned Lynel,,"3,000",Blue-Maned Lynel,60,10,"1,200",White-Maned Lynel,5500,60,20,-,-,-,FALSE,0,0,FALSE,0,FALSE,0,120,60,0,0,0,TRUE,TRUE,FALSE,Head,FALSE,FALSE,1,2,1,1,TRUE,00:03,TRUE,-,-,0,FALSE,TRUE,FALSE,TRUE,-,-,-,-,-,-,-,-,-,-,-,-,-,148
Enemy_Lynel_Boss_Middle,Blue-Maned Lynel (Armored),,"3,500",Blue-Maned Lynel (Armored),0,-,-,White-Maned Lynel (Armored),5600,60,20,-,-,-,FALSE,0,0,FALSE,0,FALSE,0,120,60,0,0,0,TRUE,TRUE,FALSE,Head,FALSE,TRUE,1,2,1,1,TRUE,00:03,TRUE,-,-,0,FALSE,TRUE,FALSE,TRUE,-,-,-,-,-,-,-,-,-,-,-,-,-,148
Enemy_Lynel_Senior,White-Maned Lynel,,"4,000",White-Maned Lynel,80,10,"1,600",Silver Lynel,8100,91,26,-,-,-,FALSE,0,0,FALSE,0,FALSE,0,120,60,0,0,0,TRUE,TRUE,FALSE,Head,FALSE,FALSE,1,2,1,1,TRUE,00:03,TRUE,-,-,0,FALSE,TRUE,FALSE,TRUE,-,-,-,-,-,-,-,-,-,-,-,-,-,149
Enemy_Lynel_Boss_Senior,White-Maned Lynel (Armored),,"4,500",White-Maned Lynel (Armored),0,-,-,Silver Lynel (Armored),8400,91,26,-,-,-,FALSE,0,0,FALSE,0,FALSE,0,120,60,0,0,0,TRUE,TRUE,FALSE,Head,FALSE,TRUE,1,2,1,1,TRUE,00:03,TRUE,-,-,0,FALSE,TRUE,FALSE,TRUE,-,-,-,-,-,-,-,-,-,-,-,-,-,149
Enemy_Lynel_Dark,Silver Lynel,,"5,000",Silver Lynel,120,10,"2,400",-,-,105,30,-,-,-,FALSE,0,0,FALSE,0,FALSE,0,120,60,0,0,0,TRUE,TRUE,FALSE,Head,FALSE,FALSE,1,2,1,1,TRUE,00:03,TRUE,-,-,0,FALSE,TRUE,FALSE,TRUE,-,-,-,-,-,-,-,-,-,-,-,-,-,150
Enemy_Lynel_Boss_Dark,Silver Lynel (Armored),,"5,500",Silver Lynel (Armored),0,-,-,-,-,105,30,-,-,-,FALSE,0,0,FALSE,0,FALSE,0,120,60,0,0,0,TRUE,TRUE,FALSE,Head,FALSE,TRUE,1,2,1,1,TRUE,00:03,TRUE,-,-,0,FALSE,TRUE,FALSE,TRUE,-,-,-,-,-,-,-,-,-,-,-,-,-,150
Enemy_Zonau_Robot_Junior,Soldier Construct I,,15,Soldier Construct I,0,-,-,Soldier Construct II,500,4,2,-,-,-,TRUE,3,1,TRUE,10,TRUE,15,15,15,0,0,0,TRUE,TRUE,FALSE,Head,TRUE,FALSE,1,2,1,1,TRUE,00:03,TRUE,-,-,2,TRUE,FALSE,FALSE,TRUE,-,-,-,-,-,-,-,-,-,-,-,-,-,151
Enemy_Zonau_Robot_Junior_Lookout,Soldier Construct I (Lookout),,15,Soldier Construct I (Lookout),0,-,-,Soldier Construct II,500,4,2,-,-,-,TRUE,3,1,TRUE,10,TRUE,15,15,15,0,0,0,TRUE,TRUE,FALSE,Head,TRUE,FALSE,1,10,1,1,TRUE,00:04,TRUE,-,-,2,TRUE,FALSE,FALSE,TRUE,-,-,-,-,-,-,-,-,-,-,-,-,-,151
Enemy_Zonau_Robot_Middle,Soldier Construct II,,72,Soldier Construct II,0,-,-,Soldier Construct III,1700,24,12,-,-,-,TRUE,3,1,TRUE,10,TRUE,20,72,60,0,0,0,TRUE,TRUE,FALSE,Head,TRUE,FALSE,1,2,1,1,TRUE,00:03,TRUE,-,-,2,TRUE,FALSE,FALSE,TRUE,-,-,-,-,-,-,-,-,-,-,-,-,-,152
Enemy_Zonau_Robot_Middle_Lookout,Soldier Construct II (Lookout),,72,Soldier Construct II (Lookout),0,-,-,-,-,24,12,-,-,-,TRUE,3,1,TRUE,10,TRUE,20,72,60,0,0,0,TRUE,TRUE,FALSE,Head,TRUE,FALSE,1,10,1,1,TRUE,00:04,TRUE,-,-,2,TRUE,FALSE,FALSE,TRUE,-,-,-,-,-,-,-,-,-,-,-,-,-,152
Enemy_Zonau_Robot_Senior,Soldier Construct III,,160,Soldier Construct III,15,10,300,Soldier Construct IV,3400,36,18,-,-,-,TRUE,3,1,TRUE,10,TRUE,20,160,60,0,0,0,TRUE,TRUE,FALSE,Head,TRUE,FALSE,1,2,1,1,TRUE,00:03,TRUE,-,-,2,TRUE,FALSE,FALSE,TRUE,-,-,-,-,-,-,-,-,-,-,-,-,-,153
Enemy_Zonau_Robot_Dark,Soldier Construct IV,,720,Soldier Construct IV,25,10,500,-,-,48,24,-,-,-,TRUE,3,1,TRUE,10,TRUE,20,720,60,0,0,0,TRUE,TRUE,FALSE,Head,TRUE,FALSE,1,2,1,1,TRUE,00:03,TRUE,-,-,2,TRUE,FALSE,FALSE,TRUE,-,-,-,-,-,-,-,-,-,-,-,-,-,154
Enemy_Zonau_Golem_Junior,Captain Construct I,,80,Captain Construct I,0,-,-,Captain Construct II,900,8,4,-,-,-,TRUE,3,3,TRUE,10,TRUE,20,80,60,0,0,0,TRUE,TRUE,FALSE,Head,TRUE,FALSE,1,2,1,1,TRUE,00:03,TRUE,-,-,2,TRUE,FALSE,FALSE,TRUE,-,-,-,-,-,-,-,-,-,-,-,-,-,155
Enemy_Zonau_Golem_Middle,Captain Construct II,,200,Captain Construct II,0,-,-,Captain Construct III,2600,20,10,-,-,-,TRUE,3,3,TRUE,10,TRUE,20,200,60,0,0,0,TRUE,TRUE,FALSE,Head,TRUE,FALSE,1,2,1,1,TRUE,00:03,TRUE,-,-,2,TRUE,FALSE,FALSE,TRUE,-,-,-,-,-,-,-,-,-,-,-,-,-,156
Enemy_Zonau_Golem_Senior,Captain Construct III,,380,Captain Construct III,20,10,400,Captain Construct IV,4800,40,20,-,-,-,TRUE,3,3,TRUE,10,TRUE,20,380,60,0,0,0,TRUE,TRUE,FALSE,Head,TRUE,FALSE,1,2,1,1,TRUE,00:03,TRUE,-,-,2,TRUE,FALSE,FALSE,TRUE,-,-,-,-,-,-,-,-,-,-,-,-,-,157
Enemy_Zonau_Golem_Dark,Captain Construct IV,,"1,200",Captain Construct IV,40,10,800,-,-,48,24,-,-,-,TRUE,3,3,TRUE,10,TRUE,20,1200,60,0,0,0,TRUE,TRUE,FALSE,Head,TRUE,FALSE,1,2,1,1,TRUE,00:03,TRUE,-,-,2,TRUE,FALSE,FALSE,TRUE,-,-,-,-,-,-,-,-,-,-,-,-,-,158
Enemy_CDungeon_Practice,Training Construct,,80,Training Construct,0,-,-,-,-,0,-,-,-,-,FALSE,0,0,FALSE,0,FALSE,0,0,0,0,0,0,FALSE,TRUE,FALSE,Head,TRUE,FALSE,1,2,1,1,TRUE,00:03,FALSE,-,-,2,TRUE,FALSE,FALSE,FALSE,-,-,-,-,-,-,-,-,-,-,-,-,-,159
Enemy_Zonau_BlockMaster_Junior_Beginning,Flux Construct I (Great Sky Island),,200,Flux Construct I (Great Sky Island),0,-,-,-,-,20,-,-,-,-,FALSE,0,0,FALSE,0,FALSE,0,120,60,0,0,0,FALSE,FALSE,FALSE,-,FALSE,FALSE,1,2,1,1,TRUE,00:03,FALSE,-,-,0,FALSE,FALSE,FALSE,FALSE,-,-,-,-,-,-,-,-,-,-,-,-,-,160
Enemy_Zonau_BlockMaster_Junior,Flux Construct I,,360,Flux Construct I,15,10,300,-,-,20,-,-,-,-,FALSE,0,0,FALSE,0,FALSE,0,120,60,0,0,0,FALSE,FALSE,FALSE,-,FALSE,FALSE,1,2,1,1,TRUE,00:03,FALSE,-,-,0,FALSE,FALSE,FALSE,FALSE,-,-,-,-,-,-,-,-,-,-,-,-,-,160
Enemy_Zonau_BlockMaster_Middle,Flux Construct II,,720,Flux Construct II,25,10,500,-,-,40,-,-,-,-,FALSE,0,0,FALSE,0,FALSE,0,120,60,0,0,0,FALSE,FALSE,FALSE,-,FALSE,FALSE,1,2,1,1,TRUE,00:03,FALSE,-,-,0,FALSE,FALSE,FALSE,FALSE,-,-,-,-,-,-,-,-,-,-,-,-,-,161
Enemy_Zonau_BlockMaster_Senior,Flux Construct III,,"1,080",Flux Construct III,35,10,700,-,-,55,-,-,-,-,FALSE,0,0,FALSE,0,FALSE,0,120,60,0,0,0,FALSE,FALSE,FALSE,-,FALSE,FALSE,1,2,1,1,TRUE,00:03,FALSE,-,-,0,FALSE,FALSE,FALSE,FALSE,-,-,-,-,-,-,-,-,-,-,-,-,-,162
Enemy_Assassin_Junior,Yiga Footsoldier,,72,Yiga Footsoldier,0,-,-,-,-,10,-,-,-,-,TRUE,10,5,TRUE,10,TRUE,20,72,60,0,0,0,TRUE,TRUE,FALSE,Head,TRUE,FALSE,1,2,1,1,TRUE,00:01,FALSE,-,-,2,FALSE,FALSE,FALSE,TRUE,-,-,-,-,-,-,-,-,-,-,-,-,-,163
Enemy_Assassin_Shooter_Junior,Yiga Footsoldier,,64,Yiga Footsoldier,0,-,-,-,-,10,-,-,-,-,TRUE,10,5,TRUE,10,TRUE,20,64,60,0,0,0,TRUE,TRUE,FALSE,Head,TRUE,FALSE,1,2,1,1,TRUE,00:01,FALSE,-,-,2,FALSE,FALSE,FALSE,TRUE,-,-,-,-,-,-,-,-,-,-,-,-,-,163
Enemy_Assassin_Junior_GateKeeper,Yiga Footsoldier (Yiga Hideouts),,72,Yiga Footsoldier (Yiga Hideouts),0,-,-,-,-,10,-,-,-,-,TRUE,10,5,TRUE,10,TRUE,20,72,60,0,0,0,TRUE,TRUE,FALSE,Head,TRUE,FALSE,1,2,1,1,TRUE,00:02,FALSE,-,-,2,FALSE,FALSE,FALSE,TRUE,-,-,-,-,-,-,-,-,-,-,-,-,-,163
Enemy_Assassin_Junior_Rider,Yiga Footsoldier (Depths Yiga Hideouts),,1,Yiga Footsoldier (Depths Yiga Hideouts),0,-,-,-,-,10,-,-,-,-,TRUE,1,0,TRUE,1,TRUE,1,1,1,0,0,0,TRUE,TRUE,FALSE,Head,TRUE,FALSE,1,2,1,1,TRUE,00:01,FALSE,-,-,2,FALSE,FALSE,FALSE,TRUE,-,-,-,-,-,-,-,-,-,-,-,-,-,163
Enemy_Assassin_Junior_Shooter_Subordinates,Yiga Footsoldier (Master Kohga Battle),,1,Yiga Footsoldier (Master Kohga Battle),0,-,-,-,-,10,-,-,-,-,TRUE,1,0,TRUE,1,TRUE,1,1,1,0,0,0,TRUE,TRUE,FALSE,Head,TRUE,FALSE,1,2,1,1,TRUE,00:01,FALSE,-,-,2,FALSE,FALSE,FALSE,TRUE,-,-,-,-,-,-,-,-,-,-,-,-,-,163
Enemy_Assassin_Middle,Yiga Blademaster,,400,Yiga Blademaster,15,10,300,-,-,40,33,10,-,-,TRUE,10,5,TRUE,10,TRUE,20,400,60,0,0,0,TRUE,TRUE,FALSE,Head,TRUE,FALSE,1,2,1,1,TRUE,00:01,FALSE,-,-,2,FALSE,FALSE,FALSE,TRUE,-,-,-,-,-,-,-,-,-,-,-,-,-,164
Enemy_Assassin_Middle_Gatekeeper,Yiga Blademaster (Yiga Hideouts),,400,Yiga Blademaster (Yiga Hideouts),15,10,300,-,-,40,33,10,-,-,TRUE,10,5,TRUE,10,TRUE,20,400,60,0,0,0,TRUE,TRUE,FALSE,Head,TRUE,FALSE,1,2,1,1,TRUE,00:02,FALSE,-,-,2,FALSE,FALSE,FALSE,TRUE,-,-,-,-,-,-,-,-,-,-,-,-,-,164
Enemy_Assassin_Senior,Master Kohga,,"600 - 1,200",Master Kohga,0,-,-,-,-,1,-,-,-,-,FALSE,0,0,FALSE,0,FALSE,0,120,60,0,0,0,FALSE,TRUE,FALSE,Head,FALSE,FALSE,1,2,0.2,1,TRUE,00:01,FALSE,-,-,1,FALSE,FALSE,FALSE,TRUE,-,-,-,-,-,-,-,-,-,-,600,900,"1,200",165
Enemy_Kohga_GolemRider,Master Kohga (Ultimate Weapon),,"2,200",Master Kohga (Ultimate Weapon),0,-,-,-,-,1,-,-,-,-,FALSE,0,0,FALSE,10,FALSE,0,120,60,0,0,0,FALSE,TRUE,FALSE,Head,FALSE,FALSE,1,2,0.2,1,TRUE,00:01,FALSE,-,-,1,FALSE,FALSE,FALSE,TRUE,-,-,-,-,-,-,-,-,-,-,-,-,-,165
Enemy_Kohga_Golem,Master Kohga's Ultimate Weapon,,-,Master Kohga's Ultimate Weapon,0,-,-,-,-,41,32,3,-,-,TRUE,0,0,TRUE,0,TRUE,0,0,0,0,0,0,FALSE,FALSE,FALSE,-,FALSE,FALSE,1,1,1,1,TRUE,00:03,FALSE,-,-,2,FALSE,FALSE,FALSE,TRUE,-,-,-,-,-,-,-,-,-,-,-,-,-,165
Enemy_Golem_Little,Stone Pebblit,,20,Stone Pebblit,0,-,-,-,-,12,-,-,-,-,FALSE,0,0,FALSE,0,FALSE,0,20,20,0,0,0,TRUE,FALSE,FALSE,-,FALSE,TRUE,1,2,1,10,FALSE,00:01,TRUE,-,-,1,FALSE,TRUE,FALSE,TRUE,-,-,-,-,-,-,-,-,-,-,-,-,-,166
Enemy_Golem_Little_Fire,Igneo Pebblit,,20,Igneo Pebblit,0,-,-,-,-,16,-,-,-,Fire,FALSE,0,0,FALSE,0,FALSE,0,20,20,0,0,0,TRUE,FALSE,FALSE,-,FALSE,TRUE,1,2,1,10,FALSE,-,TRUE,-,-,2,FALSE,TRUE,FALSE,TRUE,-,-,-,-,-,-,-,-,-,-,-,-,-,167
Enemy_Golem_Little_Ice,Frost Pebblit,,20,Frost Pebblit,0,-,-,-,-,12,-,-,-,Ice,FALSE,0,0,FALSE,0,FALSE,0,20,20,0,0,0,TRUE,FALSE,FALSE,-,FALSE,TRUE,1,2,1,10,FALSE,-,TRUE,-,-,0,FALSE,TRUE,FALSE,TRUE,-,-,-,-,-,-,-,-,-,-,-,-,-,168
Enemy_Golem_Junior,Stone Talus,,380,Stone Talus,15,10,300,-,-,24,2,-,-,-,FALSE,0,0,FALSE,0,FALSE,0,130,70,0,0,0,FALSE,FALSE,FALSE,-,FALSE,TRUE,1,2,1,1,FALSE,00:03,TRUE,-,-,0,FALSE,TRUE,FALSE,FALSE,-,-,-,-,-,-,-,-,-,-,-,-,-,169
Enemy_Golem_Middle,Stone Talus (Luminous),,620,Stone Talus (Luminous),25,10,,-,-,48,2,-,-,-,FALSE,0,0,FALSE,0,FALSE,0,130,70,0,0,0,FALSE,FALSE,FALSE,-,FALSE,TRUE,1,2,1,1,FALSE,00:03,TRUE,-,-,0,FALSE,TRUE,FALSE,FALSE,-,-,-,-,-,-,-,-,-,-,-,-,-,170
Enemy_Golem_Senior,Stone Talus (Rare),,"1,080",Stone Talus (Rare),30,10,,-,-,60,2,-,-,-,FALSE,0,0,FALSE,0,FALSE,0,130,70,0,0,0,FALSE,FALSE,FALSE,-,FALSE,TRUE,1,2,1,1,FALSE,00:03,TRUE,-,-,0,FALSE,TRUE,FALSE,FALSE,-,-,-,-,-,-,-,-,-,-,-,-,-,171
Enemy_Golem_Fort_A,Battle Talus,,380,Battle Talus,20,10,400,-,-,24,2,-,-,-,FALSE,0,0,FALSE,0,FALSE,0,130,70,0,0,0,FALSE,FALSE,FALSE,-,FALSE,TRUE,1,2,1,1,FALSE,00:03,TRUE,-,-,0,FALSE,TRUE,FALSE,FALSE,-,-,-,-,-,-,-,-,-,-,-,-,-,172
Enemy_Golem_Fire,Igneo Talus,,"1,000",Igneo Talus,35,10,700,-,-,60,2,-,-,Fire,FALSE,0,0,FALSE,0,FALSE,0,130,70,0,0,0,FALSE,FALSE,FALSE,-,FALSE,TRUE,1,2,1,1,FALSE,00:03,TRUE,-,-,2,FALSE,TRUE,FALSE,TRUE,-,-,-,-,-,-,-,-,-,-,-,-,-,173
Enemy_Golem_Ice,Frost Talus,,"1,000",Frost Talus,35,10,700,-,-,60,2,-,-,Ice,FALSE,0,0,FALSE,0,FALSE,0,130,70,0,0,0,FALSE,FALSE,FALSE,-,FALSE,TRUE,1,2,1,1,FALSE,00:03,TRUE,-,-,0,FALSE,TRUE,FALSE,TRUE,-,-,-,-,-,-,-,-,-,-,-,-,-,174
Enemy_Giant_Junior,Hinox,,600,Hinox,15,10,300,-,-,30,24,-,-,-,FALSE,0,0,FALSE,0,TRUE,10,120,60,0,0,0,FALSE,TRUE,TRUE,Eyeball,FALSE,FALSE,1,2,1,1,TRUE,00:01,TRUE,-,-,1,TRUE,TRUE,FALSE,TRUE,-,-,-,-,-,-,-,-,-,-,-,-,-,175
Enemy_Giant_Middle,Blue Hinox,,800,Blue Hinox,25,10,500,-,-,60,48,-,-,-,FALSE,0,0,FALSE,0,TRUE,10,120,60,0,0,0,FALSE,TRUE,TRUE,Eyeball,FALSE,FALSE,1,2,1,1,TRUE,00:01,TRUE,-,-,1,TRUE,TRUE,FALSE,TRUE,-,-,-,-,-,-,-,-,-,-,-,-,-,176
Enemy_Giant_Senior,Black Hinox,,"1,000",Black Hinox,35,10,700,-,-,75,60,-,-,-,FALSE,0,0,FALSE,0,TRUE,10,120,60,0,0,0,FALSE,TRUE,TRUE,Eyeball,FALSE,FALSE,1,2,1,1,TRUE,00:01,TRUE,-,-,1,TRUE,TRUE,FALSE,TRUE,-,-,-,-,-,-,-,-,-,-,-,-,-,177
Enemy_Giant_Bone,Stalnox,,"1,000",Stalnox,25,10,500,-,-,90,72,-,-,-,FALSE,0,0,FALSE,0,TRUE,10,120,60,0,0,0,FALSE,TRUE,TRUE,Eyeball,FALSE,FALSE,1,2,1,1,TRUE,00:01,TRUE,-,-,1,TRUE,TRUE,FALSE,TRUE,-,-,-,-,-,-,-,-,-,-,-,-,-,178
Enemy_Giant_Bone_Eye,Stalnox Eye,,"1,000",Stalnox Eye,0,-,-,-,-,-,-,-,-,-,FALSE,0,0,FALSE,0,FALSE,0,100,60,0,0,0,FALSE,FALSE,FALSE,-,FALSE,FALSE,1,2,1,1,TRUE,00:01,TRUE,-,-,1,TRUE,TRUE,FALSE,TRUE,-,-,-,-,-,-,-,-,-,-,-,-,-,178
Enemy_Sandworm,Molduga,,"1,500",Molduga,50,10,"1,000",-,-,60,-,-,-,-,FALSE,0,0,FALSE,0,FALSE,0,120,60,0,0,0,FALSE,FALSE,FALSE,-,FALSE,FALSE,1,2,1,1,TRUE,00:01,TRUE,-,-,0,FALSE,FALSE,FALSE,TRUE,-,-,-,-,-,-,-,-,-,-,-,-,-,179
Enemy_Drake_Fire,Flame Gleeok,,"8,000",Flame Gleeok,150,10,"3,000",-,-,50,80,45,44,Fire,FALSE,0,0,FALSE,0,FALSE,0,120,60,0,0,0,FALSE,TRUE,TRUE,"Chin_1, Chin_1_L, Chin_1_R",FALSE,FALSE,1,2,1,1,TRUE,00:01,TRUE,-,-,1,FALSE,FALSE,FALSE,TRUE,-,-,-,-,-,-,-,-,-,-,-,-,-,180
Enemy_Drake_Ice,Frost Gleeok,,"8,000",Frost Gleeok,150,10,"3,000",-,-,50,60,48,28,Ice,FALSE,0,0,FALSE,0,FALSE,0,120,60,0,0,0,FALSE,TRUE,TRUE,"Chin_1, Chin_1_L, Chin_1_R",FALSE,FALSE,1,2,1,1,TRUE,00:01,TRUE,-,-,1,FALSE,FALSE,FALSE,TRUE,-,-,-,-,-,-,-,-,-,-,-,-,-,181
Enemy_Drake_Electric,Thunder Gleeok,,"8,000",Thunder Gleeok,150,10,"3,000",-,-,50,40 - 42,38,30,Electric,FALSE,0,0,FALSE,0,FALSE,0,120,60,0,0,0,FALSE,TRUE,TRUE,"Chin_1, Chin_1_L, Chin_1_R",FALSE,FALSE,1,2,1,1,TRUE,00:01,TRUE,-,-,1,FALSE,FALSE,FALSE,TRUE,-,-,-,-,-,-,-,-,-,-,-,-,-,182
Enemy_Drake_Mix,King Gleeok,,"12,000",King Gleeok,180,10,"3,600",-,-,50,80,60,28 - 48,Fire / Ice / Electric,FALSE,0,0,FALSE,0,FALSE,0,120,60,0,0,0,FALSE,TRUE,TRUE,"Chin_1, Chin_1_L, Chin_1_R",FALSE,FALSE,1,2,1,1,TRUE,00:01,TRUE,-,-,1,FALSE,TRUE,FALSE,TRUE,-,-,-,-,-,1.4,1.4,1.4,1.4,1.4,-,-,-,183
Enemy_Mogurudo_Baby_Junior,Little Frox,,16,Little Frox,0,-,-,-,-,8,-,-,-,-,TRUE,10,3,TRUE,10,TRUE,16,16,16,0,0,0,TRUE,TRUE,FALSE,Head,FALSE,TRUE,1,20,1,1,TRUE,00:03,TRUE,-,-,2,TRUE,FALSE,FALSE,TRUE,-,-,-,-,-,-,-,-,-,-,-,-,-,184
Enemy_Mogurudo_Junior,Frox,,700,Frox,30,10,600,-,-,22,-,-,-,-,FALSE,0,0,FALSE,0,FALSE,0,1,1,0,0,0,FALSE,TRUE,FALSE,Eye,FALSE,FALSE,1,2,1,1,TRUE,00:03,TRUE,-,-,1,FALSE,FALSE,FALSE,TRUE,-,-,-,-,-,-,-,-,-,-,-,-,-,185
Enemy_Mogurudo_WeakPoint,Frox Ore,,140,-,0,-,-,-,-,-,-,-,-,-,FALSE,0,0,FALSE,0,FALSE,0,120,60,0,0,0,FALSE,FALSE,FALSE,-,FALSE,TRUE,1,2,1,1,TRUE,00:03,FALSE,-,-,1,FALSE,FALSE,FALSE,TRUE,-,-,-,-,-,-,-,-,-,-,-,-,-,185
Enemy_Mogurudo_Middle,Obsidian Frox,,"1,350",Obsidian Frox,50,10,"1,000",-,-,42,-,-,-,-,FALSE,0,0,FALSE,0,FALSE,0,1,1,0,0,0,FALSE,TRUE,FALSE,Eye,FALSE,FALSE,1,2,1,1,TRUE,00:03,TRUE,-,-,1,FALSE,FALSE,FALSE,TRUE,-,-,-,-,-,-,-,-,-,-,-,-,-,186
Enemy_Mogurudo_Middle_WeakPoint,Obsidian Frox Ore,,270,-,0,-,-,-,-,-,-,-,-,-,FALSE,0,0,FALSE,0,FALSE,0,120,60,0,0,0,FALSE,FALSE,FALSE,-,FALSE,TRUE,1,2,1,1,TRUE,00:03,FALSE,-,-,1,FALSE,FALSE,FALSE,TRUE,-,-,-,-,-,-,-,-,-,-,-,-,-,186
Enemy_Mogurudo_Senior,Blue-White Frox,,"2,100",Blue-White Frox,70,10,"1,400",-,-,58,-,-,-,-,FALSE,0,0,FALSE,0,FALSE,0,1,1,0,0,0,FALSE,TRUE,FALSE,Eye,FALSE,FALSE,1,2,1,1,TRUE,00:03,TRUE,-,-,1,FALSE,FALSE,FALSE,TRUE,-,-,-,-,-,-,-,-,-,-,-,-,-,187
Enemy_Mogurudo_Senior_WeakPoint,Blue-White Frox Ore,,420,-,0,-,-,-,-,-,-,-,-,-,FALSE,0,0,FALSE,0,FALSE,0,120,60,0,0,0,FALSE,FALSE,FALSE,-,FALSE,TRUE,1,2,1,1,TRUE,00:03,FALSE,-,-,1,FALSE,FALSE,FALSE,TRUE,-,-,-,-,-,-,-,-,-,-,-,-,-,187
Enemy_DungeonBoss_Rito,Colgera,,600,Colgera,300,1,315,-,-,19,-,-,-,-,FALSE,0,0,FALSE,0,FALSE,0,0,0,0,0,0,FALSE,FALSE,FALSE,-,FALSE,FALSE,1,2,1,1,FALSE,-,FALSE,-,-,0,FALSE,FALSE,FALSE,FALSE,-,-,-,-,-,1,1.6,2.2,2.8,3.4,-,-,-,191
Enemy_DungeonBoss_Rito_Uncleared,Colgera (Final Boss),,600,Colgera (Final Boss),0,-,-,-,-,19,-,-,-,-,FALSE,0,0,FALSE,0,FALSE,0,0,0,0,0,0,FALSE,FALSE,FALSE,-,FALSE,FALSE,1,2,1,1,FALSE,-,FALSE,-,-,0,FALSE,FALSE,FALSE,FALSE,-,-,-,-,-,2.8,2.8,2.8,2.8,2.8,-,-,-,191
Enemy_DungeonBoss_Rito_Underground,Colgera (Depths),,600,Colgera (Depths),100,2,400,-,-,19,-,-,-,-,FALSE,0,0,FALSE,0,FALSE,0,0,0,0,0,0,FALSE,FALSE,FALSE,-,FALSE,FALSE,1,2,1,1,FALSE,-,FALSE,-,-,0,FALSE,FALSE,FALSE,FALSE,-,-,-,-,-,2.8,2.8,2.8,2.8,2.8,-,-,-,191
Enemy_MiddleBoss_Goron,Moragia,,3,Moragia,100,1,150,-,-,-,-,-,-,-,FALSE,0,0,FALSE,0,FALSE,0,0,0,0,0,0,FALSE,FALSE,FALSE,-,FALSE,FALSE,1,2,1,1,TRUE,00:01,FALSE,-,-,1,FALSE,FALSE,FALSE,TRUE,-,-,-,-,-,-,-,-,-,-,-,-,-,192
Enemy_DungeonBoss_Goron,Marbled Gohma,,800 - 2400,Marbled Gohma,300,1,315,-,-,20,16,12,-,-,FALSE,0,0,FALSE,0,FALSE,0,120,60,0,0,0,FALSE,FALSE,FALSE,-,FALSE,FALSE,1,2,1,1,FALSE,-,FALSE,-,-,0,TRUE,FALSE,FALSE,TRUE,800,"1,200","1,600","2,000","2,400",1,1.5,2,2.5,3,-,-,-,193
Enemy_DungeonBoss_Goron_Uncleared,Marbled Gohma (Final Boss),,"2,000",Marbled Gohma (Final Boss),0,-,-,-,-,20,16,12,-,-,FALSE,0,0,FALSE,0,FALSE,0,120,60,0,0,0,FALSE,FALSE,FALSE,-,FALSE,FALSE,1,2,1,1,FALSE,-,FALSE,-,-,0,TRUE,FALSE,FALSE,TRUE,-,-,-,-,-,2.5,2.5,2.5,2.5,2.5,-,-,-,193
Enemy_DungeonBoss_Goron_Underground,Marbled Gohma (Depths),,"2,000",Marbled Gohma (Depths),100,2,400,-,-,20,16,12,-,-,FALSE,0,0,FALSE,0,FALSE,0,120,60,0,0,0,FALSE,FALSE,FALSE,-,FALSE,FALSE,1,2,1,1,FALSE,-,FALSE,-,-,0,TRUE,FALSE,FALSE,TRUE,-,-,-,-,-,2.5,2.5,2.5,2.5,2.5,-,-,-,193
Enemy_DungeonBoss_Goron_WeakPoint,Marbled Gohma Weak Point,,100,Marbled Gohma Weak Point,0,-,-,-,-,-,-,-,-,-,FALSE,0,0,FALSE,0,FALSE,0,100,60,0,0,0,FALSE,FALSE,FALSE,-,FALSE,FALSE,1,2,1,1,FALSE,-,FALSE,-,-,0,TRUE,FALSE,FALSE,TRUE,-,-,-,-,-,-,-,-,-,-,-,-,-,193
Enemy_LikeLike_Tar,Sludge Like,,"1,000",Sludge Like,100,1,300,-,-,22,-,-,-,-,TRUE,3,3,TRUE,10,TRUE,20,120,60,0,0,0,FALSE,TRUE,TRUE,Pulse,FALSE,FALSE,1,2,1,1,TRUE,00:03,FALSE,-,-,2,TRUE,FALSE,FALSE,TRUE,-,-,-,-,-,-,-,-,-,-,-,-,-,194
Enemy_DungeonBoss_Zora,Mucktorok,,"1,300 - 2,275",Mucktorok,300,1,315,-,-,20,16,12,-,-,FALSE,0,0,FALSE,0,TRUE,20,120,60,0,0,0,FALSE,FALSE,FALSE,-,FALSE,FALSE,0.6,2,0.2,1,TRUE,00:01,FALSE,-,-,0,TRUE,FALSE,FALSE,TRUE,"1,300","1,300","1,625","1,950","2,275",1,1.5,2,2.5,3,-,-,-,195
Enemy_DungeonBoss_Zora_Uncleared,Mucktorok (Final Boss),,"1,950",Mucktorok (Final Boss),0,-,-,-,-,20,16,12,-,-,FALSE,0,0,FALSE,0,TRUE,20,120,60,0,0,0,FALSE,FALSE,FALSE,-,FALSE,FALSE,0.6,2,0.2,1,TRUE,00:01,FALSE,-,-,0,TRUE,FALSE,FALSE,TRUE,-,-,-,-,-,2.5,2.5,2.5,2.5,2.5,-,-,-,195
Enemy_DungeonBoss_Zora_Underground,Mucktorok (Depths),,"2,850",Mucktorok (Depths),100,2,400,-,-,20,16,12,-,-,FALSE,0,0,FALSE,0,TRUE,20,120,60,0,0,0,FALSE,FALSE,FALSE,-,FALSE,FALSE,0.6,2,0.2,1,TRUE,00:01,FALSE,-,-,0,TRUE,FALSE,FALSE,TRUE,-,-,-,-,-,2.5,2.5,2.5,2.5,2.5,-,-,-,195
Enemy_DungeonBoss_Gerudo,Queen Gibdo,,"2,270 - 3,632",Queen Gibdo,300,1,405,-,-,24,20,16,-,-,TRUE,25,20,TRUE,25,TRUE,25,150,150,25,10,3,FALSE,TRUE,FALSE,"Head, Spine_1",FALSE,FALSE,1,1.5,0.2,1,TRUE,00:01,FALSE,-,-,2,TRUE,FALSE,FALSE,TRUE,"2,270","2,270","2,724","3,178","3,632",1,1.5,2,2.5,3,-,-,-,196
Enemy_DungeonBoss_Gerudo_Uncleared,Queen Gibdo (Final Boss),,"3,178",Queen Gibdo (Final Boss),0,-,-,-,-,24,20,16,-,-,TRUE,25,20,TRUE,25,TRUE,25,150,150,25,10,3,FALSE,TRUE,FALSE,"Head, Spine_1",FALSE,FALSE,1,1.5,0.2,1,TRUE,00:01,FALSE,-,-,2,TRUE,FALSE,FALSE,TRUE,-,-,-,-,-,2.5,2.5,2.5,2.5,2.5,-,-,-,196
Enemy_DungeonBoss_Gerudo_Underground,Queen Gibdo (Depths),,"2,800",Queen Gibdo (Depths),100,2,400,-,-,24,20,16,-,-,TRUE,25,20,TRUE,25,TRUE,25,150,150,25,10,3,FALSE,TRUE,FALSE,"Head, Spine_1",FALSE,FALSE,1,1.5,0.2,1,TRUE,00:01,FALSE,-,-,2,TRUE,FALSE,FALSE,TRUE,-,-,-,-,-,2.5,2.5,2.5,2.5,2.5,-,-,-,196
Enemy_DungeonBoss_Zonau,Seized Construct,,"20,000",Seized Construct,300,1,375,-,-,41,32,3,-,-,TRUE,10,3,TRUE,10,TRUE,10,120,60,0,0,0,FALSE,FALSE,FALSE,-,FALSE,FALSE,1,2,0.2,1,TRUE,00:03,FALSE,-,-,2,FALSE,FALSE,FALSE,TRUE,-,-,-,-,-,-,-,-,-,-,-,-,-,197
Enemy_DungeonBoss_Zonau_Uncleared,Seized Construct (Final Boss),,"20,000 - 40,000",Seized Construct (Final Boss),0,-,-,-,-,41,32,3,-,-,TRUE,10,3,TRUE,10,TRUE,10,120,60,0,0,0,FALSE,FALSE,FALSE,-,FALSE,FALSE,1,2,0.2,1,TRUE,00:03,FALSE,-,-,2,FALSE,FALSE,FALSE,TRUE,"20,000","25,000","30,000","35,000","40,000",-,-,-,-,-,-,-,-,197
MiasmaTentacle,Gloom Spawn,,"1,250",-,0,-,-,-,-,12,-,-,-,-,TRUE,3,3,TRUE,10,TRUE,20,1250,60,0,0,0,FALSE,TRUE,FALSE,Head,FALSE,FALSE,1,2,1,1,TRUE,00:01,FALSE,-,-,2,TRUE,FALSE,FALSE,TRUE,-,-,-,-,-,-,-,-,-,-,-,-,-,-
MiasmaSwarm,Phantom Ganon (Gloom Spawn),,"1,200",Phantom Ganon (Gloom Spawn),40,10,800,-,-,18,3,2,1,-,FALSE,0,0,FALSE,0,FALSE,0,120,60,0,0,0,FALSE,TRUE,FALSE,Head,FALSE,FALSE,1,2,0.2,1,TRUE,00:03,FALSE,-,-,1,FALSE,FALSE,TRUE,TRUE,-,-,-,-,-,-,-,-,-,-,-,-,-,-
MiasmaSwarm_DekuTree,Phantom Ganon (Gloom Spawn) (Deku Tree),,"1,800",Phantom Ganon (Gloom Spawn) (Deku Tree),0,-,-,-,-,78,7 - 13,-,-,-,FALSE,0,0,FALSE,0,FALSE,0,120,60,0,0,0,FALSE,TRUE,FALSE,Head,FALSE,FALSE,1,2,0.2,1,TRUE,00:03,FALSE,-,-,1,FALSE,FALSE,TRUE,TRUE,-,-,-,-,-,-,-,-,-,-,-,-,-,-
Enemy_PhantomGanon,Phantom Ganon (Boss),,"4,500",Phantom Ganon (Boss),30,10,600,-,-,18,3,2,1,-,FALSE,0,0,FALSE,0,FALSE,0,120,60,0,0,0,FALSE,TRUE,FALSE,Head,FALSE,FALSE,1,2,0.2,1,TRUE,00:03,FALSE,-,-,1,TRUE,FALSE,TRUE,TRUE,-,-,-,-,-,-,-,-,-,-,-,-,-,198
Enemy_Ganondorf,Demon King Ganondorf,,"2,500",Demon King Ganondorf,0,-,-,-,-,8,6,5,4,-,FALSE,0,0,FALSE,0,FALSE,0,120,60,0,0,0,FALSE,TRUE,FALSE,Head,FALSE,FALSE,1,2,0.2,1,TRUE,00:03,FALSE,-,-,1,TRUE,FALSE,TRUE,TRUE,-,-,-,-,-,-,-,-,-,-,-,-,-,199
Enemy_Ganondorf_Miasma,Demon King Ganondorf (2nd Form),,"5,000",Demon King Ganondorf (2nd Form),800,10,"11,200",-,-,8,6,5,4,-,FALSE,0,0,FALSE,0,FALSE,0,120,60,0,0,0,FALSE,TRUE,FALSE,Head,FALSE,FALSE,1,2,0.2,1,TRUE,00:03,FALSE,-,-,1,TRUE,FALSE,TRUE,TRUE,-,-,-,-,-,-,-,-,-,-,-,-,-,200
Ganondorf_Miasma_Parturition,Demon King Ganondorf (2nd Form) Clone,,900,Demon King Ganondorf (2nd Form) Clone,0,-,-,-,-,18,3,2,1,-,FALSE,0,0,FALSE,0,FALSE,0,120,60,0,0,0,FALSE,TRUE,FALSE,Head,FALSE,FALSE,1,2,0.2,1,TRUE,00:03,FALSE,-,-,1,TRUE,FALSE,TRUE,TRUE,-,-,-,-,-,-,-,-,-,-,-,-,-,-
Enemy_Dragon_Darkness,Demon Dragon,,"6,000",Demon Dragon,0,-,-,-,-,1,-,-,-,-,FALSE,0,0,FALSE,0,FALSE,0,6000,60,0,0,0,FALSE,FALSE,FALSE,-,FALSE,FALSE,1,2,1,1,FALSE,-,FALSE,-,-,0,FALSE,FALSE,TRUE,FALSE,-,-,-,-,-,-,-,-,-,-,-,-,-,201
Enemy_Dragon_Darkness_WeakPoint,Demon Dragon Weak Point,,"1,200",-,0,-,-,-,-,-,-,-,-,-,FALSE,0,0,FALSE,0,FALSE,0,1200,60,0,0,0,FALSE,FALSE,FALSE,-,FALSE,FALSE,1,2,1,1,FALSE,-,FALSE,-,-,1,FALSE,FALSE,TRUE,TRUE,-,-,-,-,-,-,-,-,-,-,-,-,-,-
Enemy_Dragon_Darkness_SecretStone,Demon Dragon Secret Stone,,"1,200",-,0,-,-,-,-,-,-,-,-,-,FALSE,0,0,FALSE,0,FALSE,0,1200,60,0,0,0,FALSE,FALSE,FALSE,-,FALSE,FALSE,1,2,1,1,FALSE,-,FALSE,-,-,1,FALSE,FALSE,TRUE,TRUE,-,-,-,-,-,-,-,-,-,-,-,-,-,-