Accessory_Battery,MsgNotFound
Accessory_Battery_Demo,MsgNotFound
Accessory_SupportDevice,MsgNotFound
Accessory_SupportDevice_Acting,MsgNotFound
AncientBall,MsgNotFound
Animal_Bear_A,Honeyvore Bear
Animal_Bear_B,Grizzlemaw Bear
Animal_Boar_A,Woodland Boar
Animal_Boar_B,Red-Tusked Boar
Animal_Bull_A,Water Buffalo
Animal_Cassowary_A,Eldin Ostrich
Animal_Cow_A,Hateno Cow
Animal_Crow_A,Mountain Crow
Animal_Crow_Swarm,Mountain Crow
Animal_Deer_A,Mountain Buck
Animal_Doe_A,Mountain Doe
Animal_Dog_A,Hylian Retriever
Animal_Dog_B,Hylian Retriever
Animal_Dog_C,Hylian Retriever
Animal_Donkey_B,Donkey
Animal_Donkey_B_MOTD,Donkey
Animal_Donkey_C,Donkey
Animal_Elk_A,Tabantha Moose
Animal_Fish_A,Hyrule Bass
Animal_Fish_AA,Ancient Arowana
Animal_Fish_AC,Glowing Cave Fish
Animal_Fish_B,Hearty Bass
Animal_Fish_C,Chillfin Trout
Animal_Fish_D,Voltfin Trout
Animal_Fish_E,Mighty Carp
Animal_Fish_F,Mighty Porgy
Animal_Fish_G,Armored Porgy
Animal_Fish_H,Armored Carp
Animal_Fish_I,Hearty Salmon
Animal_Fish_J,Sizzlefin Trout
Animal_Fish_L,Staminoka Bass
Animal_Fish_M,Sneaky River Snail
Animal_Fish_X,Stealthfin Trout
Animal_Fish_Z,Sanke Carp
Animal_Fox_A,Grassland Fox
Animal_Fox_B,Snowcoat Fox
Animal_Goat_A,White Goat
Animal_Goat_B,White Goat
Animal_Gull_A,Seagull
Animal_Gull_Swarm,Seagull
Animal_Hawk_A,Islander Hawk
Animal_Heron_A,Blue-Winged Heron
Animal_Heron_B,Pink Heron
Animal_Horse_A,Horse
Animal_Horse_A_00L,Giant Horse
Animal_Horse_A_01L,Giant White Stallion
Animal_Horse_A_Epona,Horse
Animal_Horse_A_Gold,Golden Horse
Animal_Horse_A_SpPattern,Horse
Animal_Horse_A_Zelda,White Horse
Animal_Horse_B,Horse
Animal_Insect_A,Hot-Footed Frog
Animal_Insect_AA,Energetic Rhino Beetle
Animal_Insect_AB,Smotherwing Butterfly
Animal_Insect_AG,Sticky Frog
Animal_Insect_AH,Sticky Lizard
Animal_Insect_AI,Deep Firefly
Animal_Insect_B,Tireless Frog
Animal_Insect_C,Cold Darner
Animal_Insect_E,Sunset Firefly
Animal_Insect_F,Fairy
Animal_Insect_G,Bladed Rhino Beetle
Animal_Insect_H,Restless Cricket
Animal_Insect_I,Electric Darner
Animal_Insect_K,Razorclaw Crab
Animal_Insect_M,Hearty Lizard
Animal_Insect_N,Winterwing Butterfly
Animal_Insect_NA,Winterwing Butterfly
Animal_Insect_O,Ironshell Crab
Animal_Insect_P,Rugged Rhino Beetle
Animal_Insect_Q,Summerwing Butterfly
Animal_Insect_R,Thunderwing Butterfly
Animal_Insect_S,Hightail Lizard
Animal_Insect_T,Warm Darner
Animal_Insect_X,Fireproof Lizard
Animal_Insect_Z,Bright-Eyed Crab
Animal_Kokko_A,Cucco
Animal_Kokko_B,Cucco
Animal_Kokko_B2,Cucco
Animal_Kokko_C,Cucco
Animal_Kokko_C2,Cucco
Animal_Kokko_D,Cucco
Animal_Kokko_E,Cucco
Animal_Kokko_E2,Cucco
Animal_Kokko_E3,Cucco
Animal_Kokko_E4,Cucco
Animal_LittleBird_A,Common Sparrow
Animal_LittleBird_B,Red Sparrow
Animal_LittleBird_C,Blue Sparrow
Animal_LittleBird_D,Rainbow Sparrow
Animal_LittleBird_E,Sand Sparrow
Animal_LittleBird_F,Golden Sparrow
Animal_LittleBird_G,Rainbow Sparrow
Animal_Pao_A,Dondon
Animal_Pigeon_A,Wood Pigeon
Animal_Pigeon_B,Rainbow Pigeon
Animal_Pigeon_B_Swarm,Rainbow Pigeon
Animal_Pigeon_Swarm,Wood Pigeon
Animal_Ptarmigan_A,White Pigeon
Animal_Ptarmigan_B,Hotfeather Pigeon
Animal_RupeeRabbit_A,Blupee
Animal_RupeeRabbit_FromCaveMaster,Blupee
Animal_RupeeRabbit_NushiShop,Blupee
Animal_Sheep_A,Highland Sheep
Animal_Sheep_B,Highland Sheep
Animal_SkyCassowary_A,Forest Ostrich
Animal_SkyGull_A,Cloud Seagull
Animal_SkyGull_Swarm,Cloud Seagull
Animal_SkyLittleBird_F,Golden Sparrow
Animal_SkyPigeon_A,Accented Pigeon
Animal_Squirrel_A,Bushy-Tailed Squirrel
Animal_SunazarashiSP_A,Sand Seal
Animal_SunazarashiSP_C,Patricia
Animal_SunazarashiSP_C_NoMove,Patricia
Animal_Sunazarashi_A,Sand Seal
Animal_Sunazarashi_B,Sand Seal
Animal_Sunazarashi_B_NoMove,Sand Seal
Animal_Sunazarashi_C,Sand Seal
Animal_WildDuck_A,Bright-Chested Duck
Animal_WildGoat_A,Mountain Goat
Animal_Wolf_A,Maraudo Wolf
Animal_Wolf_B,Wasteland Coyote
Animal_Wolf_C,Cold-Footed Wolf
Armor_001_Head,Hylian Hood
Armor_001_Head_B,Hylian Hood
Armor_001_Lower,Hylian Trousers
Armor_001_Upper,Hylian Tunic
Armor_002_Head,Hylian Hood
Armor_002_Head_B,Hylian Hood
Armor_002_Lower,Hylian Trousers
Armor_002_Upper,Hylian Tunic
Armor_003_Head,Hylian Hood
Armor_003_Head_B,Hylian Hood
Armor_003_Lower,Hylian Trousers
Armor_003_Upper,Hylian Tunic
Armor_004_Head,Hylian Hood
Armor_004_Head_B,Hylian Hood
Armor_004_Lower,Hylian Trousers
Armor_004_Upper,Hylian Tunic
Armor_005_Head,Cap of the Wild
Armor_005_Lower,Trousers of the Wild
Armor_005_Upper,Tunic of the Wild
Armor_006_Head,Zora Helm
Armor_006_Lower,Zora Greaves
Armor_006_Upper,Zora Armor
Armor_007_Head,Zora Helm
Armor_007_Lower,Zora Greaves
Armor_007_Upper,Zora Armor
Armor_008_Head,Desert Voe Headband
Armor_008_Lower,Desert Voe Trousers
Armor_008_Upper,Desert Voe Spaulder
Armor_009_Head,Snowquill Headdress
Armor_009_Lower,Snowquill Trousers
Armor_009_Upper,Snowquill Tunic
Armor_011_Head,Flamebreaker Helm
Armor_011_Lower,Flamebreaker Boots
Armor_011_Upper,Flamebreaker Armor
Armor_012_Head,Stealth Mask
Armor_012_Head_B,Stealth Mask
Armor_012_Lower,Stealth Tights
Armor_012_Upper,Stealth Chest Guard
Armor_014_Head,Climber's Bandanna
Armor_014_Lower,Climbing Boots
Armor_014_Upper,Climbing Gear
Armor_015_Head,Hylian Hood
Armor_015_Head_B,Hylian Hood
Armor_015_Lower,Hylian Trousers
Armor_015_Upper,Hylian Tunic
Armor_017_Head,Radiant Mask
Armor_017_Lower,Radiant Tights
Armor_017_Upper,Radiant Shirt
Armor_020_Head,Soldier's Helm
Armor_020_Lower,Soldier's Greaves
Armor_020_Upper,Soldier's Armor
Armor_022_Head,Bokoblin Mask
Armor_022_Head_B,Bokoblin Mask
Armor_024_Head,Diamond Circlet
Armor_025_Head,Ruby Circlet
Armor_026_Head,Sapphire Circlet
Armor_027_Head,Topaz Earrings
Armor_028_Head,Opal Earrings
Armor_029_Head,Amber Earrings
Armor_035_Head,Cap of the Wild
Armor_035_Lower,Trousers of the Wild
Armor_035_Upper,Tunic of the Wild
Armor_036_Head,Snowquill Headdress
Armor_036_Lower,Snowquill Trousers
Armor_036_Upper,Snowquill Tunic
Armor_037_Head,Flamebreaker Helm
Armor_037_Lower,Flamebreaker Boots
Armor_037_Upper,Flamebreaker Armor
Armor_039_Head,Cap of the Wild
Armor_039_Lower,Trousers of the Wild
Armor_039_Upper,Tunic of the Wild
Armor_040_Head,Desert Voe Headband
Armor_040_Lower,Desert Voe Trousers
Armor_040_Upper,Desert Voe Spaulder
Armor_042_Head,Stealth Mask
Armor_042_Head_B,Stealth Mask
Armor_042_Lower,Stealth Tights
Armor_042_Upper,Stealth Chest Guard
Armor_045_Head,Moblin Mask
Armor_046_Head,Rubber Helm
Armor_046_Lower,Rubber Tights
Armor_046_Upper,Rubber Armor
Armor_048_Head,Barbarian Helm
Armor_048_Lower,Barbarian Leg Wraps
Armor_048_Upper,Barbarian Armor
Armor_049_Lower,Sand Boots
Armor_055_Head,Lizalfos Mask
Armor_056_Head,Lynel Mask
Armor_060_Head,Cap of the Wild
Armor_060_Lower,Trousers of the Wild
Armor_060_Upper,Tunic of the Wild
Armor_061_Head,Cap of the Wild
Armor_061_Lower,Trousers of the Wild
Armor_061_Upper,Tunic of the Wild
Armor_062_Head,Zora Helm
Armor_062_Lower,Zora Greaves
Armor_062_Upper,Zora Armor
Armor_063_Head,Zora Helm
Armor_063_Lower,Zora Greaves
Armor_063_Upper,Zora Armor
Armor_064_Head,Zora Helm
Armor_064_Lower,Zora Greaves
Armor_064_Upper,Zora Armor
Armor_065_Head,Desert Voe Headband
Armor_065_Lower,Desert Voe Trousers
Armor_065_Upper,Desert Voe Spaulder
Armor_066_Head,Desert Voe Headband
Armor_066_Lower,Desert Voe Trousers
Armor_066_Upper,Desert Voe Spaulder
Armor_067_Head,Desert Voe Headband
Armor_067_Lower,Desert Voe Trousers
Armor_067_Upper,Desert Voe Spaulder
Armor_071_Head,Snowquill Headdress
Armor_071_Lower,Snowquill Trousers
Armor_071_Upper,Snowquill Tunic
Armor_072_Head,Snowquill Headdress
Armor_072_Lower,Snowquill Trousers
Armor_072_Upper,Snowquill Tunic
Armor_073_Head,Snowquill Headdress
Armor_073_Lower,Snowquill Trousers
Armor_073_Upper,Snowquill Tunic
Armor_074_Head,Flamebreaker Helm
Armor_074_Lower,Flamebreaker Boots
Armor_074_Upper,Flamebreaker Armor
Armor_075_Head,Flamebreaker Helm
Armor_075_Lower,Flamebreaker Boots
Armor_075_Upper,Flamebreaker Armor
Armor_076_Head,Flamebreaker Helm
Armor_076_Lower,Flamebreaker Boots
Armor_076_Upper,Flamebreaker Armor
Armor_077_Head,Stealth Mask
Armor_077_Head_B,Stealth Mask
Armor_077_Lower,Stealth Tights
Armor_077_Upper,Stealth Chest Guard
Armor_078_Head,Stealth Mask
Armor_078_Head_B,Stealth Mask
Armor_078_Lower,Stealth Tights
Armor_078_Upper,Stealth Chest Guard
Armor_079_Head,Stealth Mask
Armor_079_Head_B,Stealth Mask
Armor_079_Lower,Stealth Tights
Armor_079_Upper,Stealth Chest Guard
Armor_083_Head,Climber's Bandanna
Armor_083_Lower,Climbing Boots
Armor_083_Upper,Climbing Gear
Armor_084_Head,Climber's Bandanna
Armor_084_Lower,Climbing Boots
Armor_084_Upper,Climbing Gear
Armor_085_Head,Climber's Bandanna
Armor_085_Lower,Climbing Boots
Armor_085_Upper,Climbing Gear
Armor_086_Head,Climber's Bandanna
Armor_086_Lower,Climbing Boots
Armor_086_Upper,Climbing Gear
Armor_087_Head,Radiant Mask
Armor_087_Lower,Radiant Tights
Armor_087_Upper,Radiant Shirt
Armor_088_Head,Radiant Mask
Armor_088_Lower,Radiant Tights
Armor_088_Upper,Radiant Shirt
Armor_089_Head,Radiant Mask
Armor_089_Lower,Radiant Tights
Armor_089_Upper,Radiant Shirt
Armor_090_Head,Radiant Mask
Armor_090_Lower,Radiant Tights
Armor_090_Upper,Radiant Shirt
Armor_095_Head,Soldier's Helm
Armor_095_Lower,Soldier's Greaves
Armor_095_Upper,Soldier's Armor
Armor_096_Head,Soldier's Helm
Armor_096_Lower,Soldier's Greaves
Armor_096_Upper,Soldier's Armor
Armor_097_Head,Soldier's Helm
Armor_097_Lower,Soldier's Greaves
Armor_097_Upper,Soldier's Armor
Armor_098_Head,Soldier's Helm
Armor_098_Lower,Soldier's Greaves
Armor_098_Upper,Soldier's Armor
Armor_1006_Head,Glide Mask
Armor_1006_Lower,Glide Tights
Armor_1006_Upper,Glide Shirt
Armor_1007_Head,Glide Mask
Armor_1007_Lower,Glide Tights
Armor_1007_Upper,Glide Shirt
Armor_1008_Head,Glide Mask
Armor_1008_Lower,Glide Tights
Armor_1008_Upper,Glide Shirt
Armor_1009_Head,Glide Mask
Armor_1009_Lower,Glide Tights
Armor_1009_Upper,Glide Shirt
Armor_1010_Head,Glide Mask
Armor_1010_Lower,Glide Tights
Armor_1010_Upper,Glide Shirt
Armor_1036_Head,Ancient Hero's Aspect
Armor_1036_Lower,MsgNotFound
Armor_1036_Upper,MsgNotFound
Armor_1037_Head,Ancient Hero's Aspect
Armor_1037_Lower,MsgNotFound
Armor_1037_Upper,MsgNotFound
Armor_1038_Head,Ancient Hero's Aspect
Armor_1038_Lower,MsgNotFound
Armor_1038_Upper,MsgNotFound
Armor_1039_Head,Ancient Hero's Aspect
Armor_1039_Lower,MsgNotFound
Armor_1039_Upper,MsgNotFound
Armor_103_Head,Rubber Helm
Armor_103_Lower,Rubber Tights
Armor_103_Upper,Rubber Armor
Armor_1040_Head,Ancient Hero's Aspect
Armor_1040_Lower,MsgNotFound
Armor_1040_Upper,MsgNotFound
Armor_1043_Lower,Archaic Legwear
Armor_1043_Upper,Archaic Tunic
Armor_1044_Lower,Archaic Warm Greaves
Armor_1046_Head,Froggy Hood
Armor_1046_Lower,Froggy Leggings
Armor_1046_Upper,Froggy Sleeve
Armor_1047_Head,Froggy Hood
Armor_1047_Lower,Froggy Leggings
Armor_1047_Upper,Froggy Sleeve
Armor_1048_Head,Froggy Hood
Armor_1048_Lower,Froggy Leggings
Armor_1048_Upper,Froggy Sleeve
Armor_1049_Head,Froggy Hood
Armor_1049_Lower,Froggy Leggings
Armor_1049_Upper,Froggy Sleeve
Armor_104_Head,Rubber Helm
Armor_104_Lower,Rubber Tights
Armor_104_Upper,Rubber Armor
Armor_1050_Head,Froggy Hood
Armor_1050_Lower,Froggy Leggings
Armor_1050_Upper,Froggy Sleeve
Armor_1051_Head,Miner's Mask
Armor_1051_Lower,Miner's Trousers
Armor_1051_Upper,Miner's Top
Armor_1052_Head,Miner's Mask
Armor_1052_Lower,Miner's Trousers
Armor_1052_Upper,Miner's Top
Armor_1053_Head,Miner's Mask
Armor_1053_Lower,Miner's Trousers
Armor_1053_Upper,Miner's Top
Armor_1054_Head,Miner's Mask
Armor_1054_Lower,Miner's Trousers
Armor_1054_Upper,Miner's Top
Armor_1055_Head,Miner's Mask
Armor_1055_Lower,Miner's Trousers
Armor_1055_Upper,Miner's Top
Armor_105_Head,Rubber Helm
Armor_105_Lower,Rubber Tights
Armor_105_Upper,Rubber Armor
Armor_1061_Head,Ember Headdress
Armor_1061_Lower,Ember Trousers
Armor_1061_Upper,Ember Shirt
Armor_1062_Head,Ember Headdress
Armor_1062_Lower,Ember Trousers
Armor_1062_Upper,Ember Shirt
Armor_1063_Head,Ember Headdress
Armor_1063_Lower,Ember Trousers
Armor_1063_Upper,Ember Shirt
Armor_1064_Head,Ember Headdress
Armor_1064_Lower,Ember Trousers
Armor_1064_Upper,Ember Shirt
Armor_1065_Head,Ember Headdress
Armor_1065_Lower,Ember Trousers
Armor_1065_Upper,Ember Shirt
Armor_1066_Head,Charged Headdress
Armor_1066_Lower,Charged Trousers
Armor_1066_Upper,Charged Shirt
Armor_1067_Head,Charged Headdress
Armor_1067_Lower,Charged Trousers
Armor_1067_Upper,Charged Shirt
Armor_1068_Head,Charged Headdress
Armor_1068_Lower,Charged Trousers
Armor_1068_Upper,Charged Shirt
Armor_1069_Head,Charged Headdress
Armor_1069_Lower,Charged Trousers
Armor_1069_Upper,Charged Shirt
Armor_106_Head,Rubber Helm
Armor_106_Lower,Rubber Tights
Armor_106_Upper,Rubber Armor
Armor_1070_Head,Charged Headdress
Armor_1070_Lower,Charged Trousers
Armor_1070_Upper,Charged Shirt
Armor_1071_Head,Frostbite Headdress
Armor_1071_Lower,Frostbite Trousers
Armor_1071_Upper,Frostbite Shirt
Armor_1072_Head,Frostbite Headdress
Armor_1072_Lower,Frostbite Trousers
Armor_1072_Upper,Frostbite Shirt
Armor_1073_Head,Frostbite Headdress
Armor_1073_Lower,Frostbite Trousers
Armor_1073_Upper,Frostbite Shirt
Armor_1074_Head,Frostbite Headdress
Armor_1074_Lower,Frostbite Trousers
Armor_1074_Upper,Frostbite Shirt
Armor_1075_Head,Frostbite Headdress
Armor_1075_Lower,Frostbite Trousers
Armor_1075_Upper,Frostbite Shirt
Armor_1076_Head,Cece Hat
Armor_1086_Head,Mystic Headpiece
Armor_1086_Lower,Mystic Trousers
Armor_1086_Upper,Mystic Robe
Armor_1091_Head,Zonaite Helm
Armor_1091_Lower,Zonaite Shin Guards
Armor_1091_Upper,Zonaite Waistguard
Armor_1092_Head,Zonaite Helm
Armor_1092_Lower,Zonaite Shin Guards
Armor_1092_Upper,Zonaite Waistguard
Armor_1093_Head,Zonaite Helm
Armor_1093_Lower,Zonaite Shin Guards
Armor_1093_Upper,Zonaite Waistguard
Armor_1094_Head,Zonaite Helm
Armor_1094_Lower,Zonaite Shin Guards
Armor_1094_Upper,Zonaite Waistguard
Armor_1095_Head,Zonaite Helm
Armor_1095_Lower,Zonaite Shin Guards
Armor_1095_Upper,Zonaite Waistguard
Armor_1096_Head,Mask of Awakening
Armor_1096_Lower,Trousers of Awakening
Armor_1096_Upper,Tunic of Awakening
Armor_1097_Head,Mask of Awakening
Armor_1097_Lower,Trousers of Awakening
Armor_1097_Upper,Tunic of Awakening
Armor_1098_Head,Mask of Awakening
Armor_1098_Lower,Trousers of Awakening
Armor_1098_Upper,Tunic of Awakening
Armor_1099_Head,Mask of Awakening
Armor_1099_Lower,Trousers of Awakening
Armor_1099_Upper,Tunic of Awakening
Armor_1100_Head,Mask of Awakening
Armor_1100_Lower,Trousers of Awakening
Armor_1100_Upper,Tunic of Awakening
Armor_1106_Upper,Champion's Leathers
Armor_1107_Upper,Champion's Leathers
Armor_1108_Upper,Champion's Leathers
Armor_1109_Upper,Champion's Leathers
Armor_1110_Upper,Champion's Leathers
Armor_111_Head,Barbarian Helm
Armor_111_Lower,Barbarian Leg Wraps
Armor_111_Upper,Barbarian Armor
Armor_1125_Head,Horriblin Mask
Armor_1125_Head_B,Horriblin Mask
Armor_112_Head,Barbarian Helm
Armor_112_Lower,Barbarian Leg Wraps
Armor_112_Upper,Barbarian Armor
Armor_113_Head,Barbarian Helm
Armor_113_Lower,Barbarian Leg Wraps
Armor_113_Upper,Barbarian Armor
Armor_1141_Head,Hood of the Depths
Armor_1141_Lower,Gaiters of the Depths
Armor_1141_Upper,Tunic of the Depths
Armor_1142_Head,Hood of The Depths
Armor_1142_Lower,Gaiters of the Depths
Armor_1142_Upper,Tunic of the Depths
Armor_1143_Head,Hood of the Depths
Armor_1143_Lower,Gaiters of the Depths
Armor_1143_Upper,Tunic of the Depths
Armor_1144_Head,Hood of the Depths
Armor_1144_Lower,Gaiters of the Depths
Armor_1144_Upper,Tunic of the Depths
Armor_1145_Head,Hood of the Depths
Armor_1145_Lower,Gaiters of the Depths
Armor_1145_Upper,Tunic of the Depths
Armor_1146_Head,Royal Guard Cap
Armor_1146_Lower,Royal Guard Boots
Armor_1146_Upper,Royal Guard Uniform
Armor_1147_Head,Royal Guard Cap
Armor_1147_Lower,Royal Guard Boots
Armor_1147_Upper,Royal Guard Uniform
Armor_1148_Head,Royal Guard Cap
Armor_1148_Lower,Royal Guard Boots
Armor_1148_Upper,Royal Guard Uniform
Armor_1149_Head,Royal Guard Cap
Armor_1149_Lower,Royal Guard Boots
Armor_1149_Upper,Royal Guard Uniform
Armor_114_Head,Barbarian Helm
Armor_114_Lower,Barbarian Leg Wraps
Armor_114_Upper,Barbarian Armor
Armor_1150_Upper,MsgNotFound
Armor_1151_Head,Well-Worn Hair Band
Armor_1152_Head,Hylian Hood
Armor_1152_Head_B,Hylian Hood
Armor_1153_Head,Hylian Hood
Armor_1153_Head_B,Hylian Hood
Armor_1154_Head,Hylian Hood
Armor_1154_Head_B,Hylian Hood
Armor_1155_Head,Hylian Hood
Armor_1155_Head_B,Hylian Hood
Armor_1156_Head,Hylian Hood
Armor_1156_Head_B,Hylian Hood
Armor_115_Head,Lightning Helm
Armor_116_Upper,Tunic of Memories
Armor_117_Head,Diamond Circlet
Armor_118_Head,Diamond Circlet
Armor_119_Head,Diamond Circlet
Armor_120_Head,Diamond Circlet
Armor_121_Head,Ruby Circlet
Armor_122_Head,Ruby Circlet
Armor_123_Head,Ruby Circlet
Armor_124_Head,Ruby Circlet
Armor_125_Head,Sapphire Circlet
Armor_126_Head,Sapphire Circlet
Armor_127_Head,Sapphire Circlet
Armor_128_Head,Sapphire Circlet
Armor_129_Head,Topaz Earrings
Armor_1300_Head,Yiga Mask
Armor_1300_Lower,Yiga Tights
Armor_1300_Upper,Yiga Armor
Armor_1301_Head,Yiga Mask
Armor_1301_Lower,Yiga Tights
Armor_1301_Upper,Yiga Armor
Armor_1302_Head,Yiga Mask
Armor_1302_Lower,Yiga Tights
Armor_1302_Upper,Yiga Armor
Armor_1303_Head,Yiga Mask
Armor_1303_Lower,Yiga Tights
Armor_1303_Upper,Yiga Armor
Armor_1304_Head,Yiga Mask
Armor_1304_Lower,Yiga Tights
Armor_1304_Upper,Yiga Armor
Armor_130_Head,Topaz Earrings
Armor_131_Head,Topaz Earrings
Armor_132_Head,Topaz Earrings
Armor_133_Head,Opal Earrings
Armor_134_Head,Opal Earrings
Armor_135_Head,Opal Earrings
Armor_136_Head,Opal Earrings
Armor_137_Head,Amber Earrings
Armor_138_Head,Amber Earrings
Armor_139_Head,Amber Earrings
Armor_140_Head,Amber Earrings
Armor_141_Lower,Snow Boots
Armor_148_Upper,Tunic of Memories
Armor_149_Upper,Tunic of Memories
Armor_1501_Upper,MsgNotFound
Armor_150_Upper,Tunic of Memories
Armor_151_Upper,Tunic of Memories
Armor_152_Lower,Sand Boots
Armor_153_Lower,Sand Boots
Armor_154_Lower,Sand Boots
Armor_155_Lower,Sand Boots
Armor_156_Lower,Snow Boots
Armor_157_Lower,Snow Boots
Armor_158_Lower,Snow Boots
Armor_159_Lower,Snow Boots
Armor_160_Head,Dark Hood
Armor_160_Lower,Dark Trousers
Armor_160_Upper,Dark Tunic
Armor_168_Head,Vah Naboris Divine Helm
Armor_169_Head,Vah Naboris Divine Helm
Armor_171_Head,Phantom Helmet
Armor_171_Lower,Phantom Greaves
Armor_171_Upper,Phantom Armor
Armor_172_Head,Majora's Mask
Armor_173_Head,Midna's Helmet
Armor_174_Head,Tingle's Hood
Armor_174_Lower,Tingle's Tights
Armor_174_Upper,Tingle's Shirt
Armor_175_Upper,Island Lobster Shirt
Armor_176_Head,Korok Mask
Armor_177_Head,Ravio's Hood
Armor_177_Head_B,Ravio's Hood
Armor_178_Head,Zant's Helmet
Armor_178_Head_B,Zant's Helmet
Armor_179_Head,Royal Guard Cap
Armor_179_Lower,Royal Guard Boots
Armor_179_Upper,Royal Guard Uniform
Armor_180_Head,Evil Spirit Mask
Armor_180_Lower,Evil Spirit Greaves
Armor_180_Upper,Evil Spirit Armor
Armor_181_Head,Vah Ruta Divine Helm
Armor_182_Head,Vah Medoh Divine Helm
Armor_183_Head,Vah Rudania Divine Helm
Armor_184_Head,Vah Naboris Divine Helm
Armor_186_Head,Vah Ruta Divine Helm
Armor_187_Head,Vah Ruta Divine Helm
Armor_188_Head,Vah Ruta Divine Helm
Armor_189_Head,Vah Ruta Divine Helm
Armor_190_Head,Vah Medoh Divine Helm
Armor_191_Head,Vah Medoh Divine Helm
Armor_192_Head,Vah Medoh Divine Helm
Armor_193_Head,Vah Medoh Divine Helm
Armor_194_Head,Vah Rudania Divine Helm
Armor_195_Head,Vah Rudania Divine Helm
Armor_196_Head,Vah Rudania Divine Helm
Armor_197_Head,Vah Rudania Divine Helm
Armor_198_Head,Vah Naboris Divine Helm
Armor_199_Head,Vah Naboris Divine Helm
Armor_200_Head,Cap of Time
Armor_200_Lower,Trousers of Time
Armor_200_Upper,Tunic of Time
Armor_201_Head,Cap of Time
Armor_201_Lower,Trousers of Time
Armor_201_Upper,Tunic of Time
Armor_202_Head,Cap of Time
Armor_202_Lower,Trousers of Time
Armor_202_Upper,Tunic of Time
Armor_203_Head,Cap of Time
Armor_203_Lower,Trousers of Time
Armor_203_Upper,Tunic of Time
Armor_204_Head,Cap of Time
Armor_204_Lower,Trousers of Time
Armor_204_Upper,Tunic of Time
Armor_205_Head,Cap of the Wind
Armor_205_Lower,Trousers of the Wind
Armor_205_Upper,Tunic of the Wind
Armor_206_Head,Cap of the Wind
Armor_206_Lower,Trousers of the Wind
Armor_206_Upper,Tunic of the Wind
Armor_207_Head,Cap of the Wind
Armor_207_Lower,Trousers of the Wind
Armor_207_Upper,Tunic of the Wind
Armor_208_Head,Cap of the Wind
Armor_208_Lower,Trousers of the Wind
Armor_208_Upper,Tunic of the Wind
Armor_209_Head,Cap of the Wind
Armor_209_Lower,Trousers of the Wind
Armor_209_Upper,Tunic of the Wind
Armor_210_Head,Cap of Twilight
Armor_210_Lower,Trousers of Twilight
Armor_210_Upper,Tunic of Twilight
Armor_211_Head,Cap of Twilight
Armor_211_Lower,Trousers of Twilight
Armor_211_Upper,Tunic of Twilight
Armor_212_Head,Cap of Twilight
Armor_212_Lower,Trousers of Twilight
Armor_212_Upper,Tunic of Twilight
Armor_213_Head,Cap of Twilight
Armor_213_Lower,Trousers of Twilight
Armor_213_Upper,Tunic of Twilight
Armor_214_Head,Cap of Twilight
Armor_214_Lower,Trousers of Twilight
Armor_214_Upper,Tunic of Twilight
Armor_215_Head,Cap of the Sky
Armor_215_Lower,Trousers of the Sky
Armor_215_Upper,Tunic of the Sky
Armor_216_Head,Cap of the Sky
Armor_216_Lower,Trousers of the Sky
Armor_216_Upper,Tunic of the Sky
Armor_217_Head,Cap of the Sky
Armor_217_Lower,Trousers of the Sky
Armor_217_Upper,Tunic of the Sky
Armor_218_Head,Cap of the Sky
Armor_218_Lower,Trousers of the Sky
Armor_218_Upper,Tunic of the Sky
Armor_219_Head,Cap of the Sky
Armor_219_Lower,Trousers of the Sky
Armor_219_Upper,Tunic of the Sky
Armor_220_Head,Sheik's Mask
Armor_220_Head_B,Sheik's Mask
Armor_221_Head,Sheik's Mask
Armor_221_Head_B,Sheik's Mask
Armor_222_Head,Sheik's Mask
Armor_222_Head_B,Sheik's Mask
Armor_223_Head,Sheik's Mask
Armor_223_Head_B,Sheik's Mask
Armor_224_Head,Sheik's Mask
Armor_224_Head_B,Sheik's Mask
Armor_225_Head,Fierce Deity Mask
Armor_225_Lower,Fierce Deity Boots
Armor_225_Upper,Fierce Deity Armor
Armor_226_Head,Fierce Deity Mask
Armor_226_Lower,Fierce Deity Boots
Armor_226_Upper,Fierce Deity Armor
Armor_227_Head,Fierce Deity Mask
Armor_227_Lower,Fierce Deity Boots
Armor_227_Upper,Fierce Deity Armor
Armor_228_Head,Fierce Deity Mask
Armor_228_Lower,Fierce Deity Boots
Armor_228_Upper,Fierce Deity Armor
Armor_229_Head,Fierce Deity Mask
Armor_229_Lower,Fierce Deity Boots
Armor_229_Upper,Fierce Deity Armor
Armor_230_Head,Cap of the Hero
Armor_230_Lower,Trousers of the Hero
Armor_230_Upper,Tunic of the Hero
Armor_231_Head,Cap of the Hero
Armor_231_Lower,Trousers of the Hero
Armor_231_Upper,Tunic of the Hero
Armor_232_Head,Cap of the Hero
Armor_232_Lower,Trousers of the Hero
Armor_232_Upper,Tunic of the Hero
Armor_233_Head,Cap of the Hero
Armor_233_Lower,Trousers of the Hero
Armor_233_Upper,Tunic of the Hero
Armor_234_Head,Cap of the Hero
Armor_234_Lower,Trousers of the Hero
Armor_234_Upper,Tunic of the Hero
Armor_999_Head,MsgNotFound
Armor_Bokoblin_Junior,MsgNotFound
Armor_Default_Lower,MsgNotFound
Armor_Default_Upper,MsgNotFound
AsbObj_CaravanWagon_A_01,MsgNotFound
AsbObj_CaravanWagon_A_02,MsgNotFound
AsbObj_CaravanWagon_A_04,MsgNotFound
AsbObj_CaravanWagon_A_04_BP,MsgNotFound
AsbObj_CaravanWagon_A_05,MsgNotFound
AsbObj_CaravanWagon_A_05_BP,MsgNotFound
AsbObj_CaravanWagon_A_06,MsgNotFound
AsbObj_CaravanWagon_A_06_BP,MsgNotFound
AsbObj_StoneRectangle_B_LL_01,MsgNotFound
AsbObj_StoneRectangle_B_LL_02,MsgNotFound
AsbObj_WoodRectangle_A_LL_01,MsgNotFound
AsbObj_WoodRectangle_QuickSand_A_LL_01,MsgNotFound
AsbObj_WoodSail_A_01,MsgNotFound
AsbObj_WoodSail_A_01_ForAttachment,MsgNotFound
AsbObj_WoodSail_A_02,MsgNotFound
AsbObj_WoodSail_A_02_ForAttachment,MsgNotFound
AsbObj_WoodSail_A_03,MsgNotFound
AsbObj_WoodSquare_A_M_01,MsgNotFound
AsbObj_WoodSquare_A_M_01_HorseRace,MsgNotFound
AsbObj_WoodSquare_A_M_01_WellCover,MsgNotFound
AsbObj_WoodSquare_QuickSand_A_M_01,MsgNotFound
AsbObj_WoodWheel_A_01,Wheel
AsbObj_WoodWheel_A_02,Wheel
AsbObj_WoodWheel_A_03,Wheel
AssasinTextNPC,MsgNotFound
AssassinTextNPC_Tribune,Yiga Footsoldier
BeeHome,Courser Bee Honey
BoarMeat,Seared Steak
BombFruit,Bomb Flower
BrokenSnowBallForDrake,MsgNotFound
CaveMasterMedal,Bubbul Gem
ConfusionFruit,Muddle Bud
ConfusionFruit_Static,Muddle Bud
DeathMountainHatago_PhotographTarget_New,Daruk sculpture
Demo910_Torch,MsgNotFound
DgnObj_BoardIron_E,MsgNotFound
DgnObj_BoardIron_E_Cart_02,MsgNotFound
DgnObj_Motor_A_01,Motor
DgnObj_Small_BoxIron_B_06,MsgNotFound
DgnObj_Small_IronBall_02,MsgNotFound
DgnObj_Small_StonePole_A_01,MsgNotFound
DgnObj_Small_StonePole_A_02,MsgNotFound
DgnObj_Small_StonePole_A_03,MsgNotFound
DgnObj_StoneBall_Fire,Flame Ball
DgnObj_StoneBall_NoFire,Flame Ball
Dm_Enemy_Bokoblin_Boss_Senior,Black Boss Bokoblin
Dm_Enemy_Bokoblin_Junior,Bokoblin
Dm_Enemy_Bokoblin_Middle,Blue Bokoblin
Dm_Enemy_Bokoblin_Senior,Black Bokoblin
Dm_Enemy_Zombie_Junior_Defense,MsgNotFound
Dm_FldObj_ZonauShrine_KeyCrystal,MsgNotFound
Dm_Npc_Gerudo_AncientSage,MsgNotFound
Dm_Npc_Goron_AncientSage,MsgNotFound
Dm_Npc_Raul,Rauru
Dm_Npc_Raul_Soul,Rauru
Dm_Npc_Raumi,Mineru
Dm_Npc_Raumi_Ghost,Mineru
Dm_Npc_Rito_AncientSage,MsgNotFound
Dm_Npc_Sonia,MsgNotFound
Dm_Npc_Sonia_Soul,MsgNotFound
Dm_Npc_Zelda_AncientHyrule,Zelda
Dm_Npc_Zelda_Catch,Zelda
Dm_Npc_Zelda_Search_Improve,Zelda
Dm_Npc_Zora_AncientSage,MsgNotFound
Dm_Obj_MeatRock_Miasma_A_02,MsgNotFound
Dm_Sage_Soul_Gerudo,Riju
Dm_Sage_Soul_Goron,Yunobo
Dm_Sage_Soul_Rito,Tulin
Dm_Sage_Soul_Zora,Sidon
Dm_TBox_Field_Iron,Treasure Chest
DummyHorse,Horse
EastAkkalaHatago_PhotographTarget,Octorok-shaped Octorok Lake
EightHeroStatues_PhotographTarget,Monument to Seven Heroines
ElectricalFruit,Shock Fruit
Enemy_Assassin_Junior,Yiga Footsoldier
Enemy_Assassin_Junior_GateKeeper,Yiga Footsoldier
Enemy_Assassin_Junior_Practice,Yiga Footsoldier
Enemy_Assassin_Junior_Rider,Yiga Footsoldier
Enemy_Assassin_Junior_Rider_Bow,Yiga Footsoldier
Enemy_Assassin_Junior_Shooter_Subordinates,Yiga Footsoldier
Enemy_Assassin_Middle,Yiga Blademaster
Enemy_Assassin_Middle_Gatekeeper,Yiga Blademaster
Enemy_Assassin_Senior,Master Kohga
Enemy_Assassin_Shooter_Junior,Yiga Footsoldier
Enemy_Assassin_Shooter_Junior_Practice,Yiga Footsoldier
Enemy_Bokoblin_Armor_Dark,Silver Bokoblin
Enemy_Bokoblin_Armor_Junior,Bokoblin
Enemy_Bokoblin_Armor_Middle,Blue Bokoblin
Enemy_Bokoblin_Armor_Senior,Black Bokoblin
Enemy_Bokoblin_Bone_Junior,Stalkoblin
Enemy_Bokoblin_Bone_Junior_AllDay,Stalkoblin
Enemy_Bokoblin_Bone_Junior_AllDay_AlwaysRespawn,Stalkoblin
Enemy_Bokoblin_Bone_Junior_Head,Stalkoblin
Enemy_Bokoblin_Bone_Junior_Head_AllDay,Stalkoblin
Enemy_Bokoblin_Boss_Dark,Silver Boss Bokoblin
Enemy_Bokoblin_Boss_Junior,Boss Bokoblin
Enemy_Bokoblin_Boss_Middle,Blue Boss Bokoblin
Enemy_Bokoblin_Boss_Senior,Black Boss Bokoblin
Enemy_Bokoblin_Boss_Senior_NoOrder,Black Boss Bokoblin
Enemy_Bokoblin_Dark,Silver Bokoblin
Enemy_Bokoblin_Guard_Junior,Bokoblin
Enemy_Bokoblin_Guard_Junior_Ambush,Bokoblin
Enemy_Bokoblin_Guard_Junior_Cliff,Bokoblin
Enemy_Bokoblin_Guard_Junior_Golem_Fort,Bokoblin
Enemy_Bokoblin_Guard_Junior_TreeHouseTop,Bokoblin
Enemy_Bokoblin_Guard_Middle,Blue Bokoblin
Enemy_Bokoblin_Guard_Middle_Ambush,Blue Bokoblin
Enemy_Bokoblin_Guard_Middle_Cliff,Blue Bokoblin
Enemy_Bokoblin_Guard_Middle_TreeHouseTop,Blue Bokoblin
Enemy_Bokoblin_Junior,Bokoblin
Enemy_Bokoblin_Middle,Blue Bokoblin
Enemy_Bokoblin_NoSleep_Junior,Bokoblin
Enemy_Bokoblin_Senior,Black Bokoblin
Enemy_Bokoblin_Sniper_Junior,Bokoblin
Enemy_CaveMaster_000,Bubbulfrog
Enemy_CaveMaster_Middle,Bubbulfrog
Enemy_CaveMaster_Senior,Bubbulfrog
Enemy_CDungeon_Practice,Training Construct
Enemy_Chuchu_Electric_Junior,Electric Chuchu
Enemy_Chuchu_Electric_Middle,Electric Chuchu
Enemy_Chuchu_Electric_Middle_Army,Electric Chuchu
Enemy_Chuchu_Electric_Senior,Electric Chuchu
Enemy_Chuchu_Fire_Junior,Fire Chuchu
Enemy_Chuchu_Fire_Middle,Fire Chuchu
Enemy_Chuchu_Fire_Middle_Army,Fire Chuchu
Enemy_Chuchu_Fire_Senior,Fire Chuchu
Enemy_Chuchu_Ice_Junior,Ice Chuchu
Enemy_Chuchu_Ice_Middle,Ice Chuchu
Enemy_Chuchu_Ice_Middle_Army,Ice Chuchu
Enemy_Chuchu_Ice_Senior,Ice Chuchu
Enemy_Chuchu_Junior,Chuchu
Enemy_Chuchu_Middle,Chuchu
Enemy_Chuchu_Senior,Chuchu
Enemy_Dragon_Darkness,Demon Dragon
Enemy_Dragon_Electric,Farosh
Enemy_Dragon_Fire,Dinraal
Enemy_Dragon_Ice,Naydra
Enemy_Dragon_Light_001,Light Dragon
Enemy_Dragon_Light_002,Light Dragon
Enemy_Drake,MsgNotFound
Enemy_Drake_Electric,Thunder Gleeok
Enemy_Drake_Fire,Flame Gleeok
Enemy_Drake_Ice,Frost Gleeok
Enemy_Drake_Mix,King Gleeok
Enemy_DungeonBoss_Gerudo,Queen Gibdo
Enemy_DungeonBoss_Gerudo_Uncleared,Queen Gibdo
Enemy_DungeonBoss_Gerudo_Underground,Queen Gibdo
Enemy_DungeonBoss_Goron,Marbled Gohma
Enemy_DungeonBoss_Goron_Uncleared,Marbled Gohma
Enemy_DungeonBoss_Goron_Underground,Marbled Gohma
Enemy_DungeonBoss_Rito,Colgera
Enemy_DungeonBoss_Rito_Uncleared,Colgera
Enemy_DungeonBoss_Rito_Underground,Colgera
Enemy_DungeonBoss_Zonau,Seized Construct
Enemy_DungeonBoss_Zonau_Uncleared,Seized Construct
Enemy_DungeonBoss_Zora,Mucktorok
Enemy_DungeonBoss_Zora_Bullet_Shark,Mucktorok
Enemy_DungeonBoss_Zora_Bullet_SharkFin,Mucktorok
Enemy_DungeonBoss_Zora_Uncleared,Mucktorok
Enemy_DungeonBoss_Zora_Underground,Mucktorok
Enemy_Ganondorf,Demon King Ganondorf
Enemy_Ganondorf_Miasma,Demon King Ganondorf
Enemy_Giant_Bone,Stalnox
Enemy_Giant_Bone_AllDay,Stalnox
Enemy_Giant_Junior,Hinox
Enemy_Giant_Junior_KeyCrystal,Hinox
Enemy_Giant_Middle,Blue Hinox
Enemy_Giant_Senior,Black Hinox
Enemy_Golem_Fire,Igneo Talus
Enemy_Golem_Fire_KeyCrystal,Igneo Talus
Enemy_Golem_Fort_A,Battle Talus
Enemy_Golem_Fort_A_Wander,Battle Talus
Enemy_Golem_Ice,Frost Talus
Enemy_Golem_Ice_KeyCrystal,Frost Talus
Enemy_Golem_Junior,Stone Talus
Enemy_Golem_Junior_KeyCrystal,Stone Talus
Enemy_Golem_Little,Stone Pebblit
Enemy_Golem_Little_Fire,Igneo Pebblit
Enemy_Golem_Little_Ice,Frost Pebblit
Enemy_Golem_Middle,Stone Talus
Enemy_Golem_Senior,Stone Talus
Enemy_Horablin_Dark,Silver Horriblin
Enemy_Horablin_Guard_Junior,Horriblin
Enemy_Horablin_Guard_Middle,Blue Horriblin
Enemy_Horablin_Junior,Horriblin
Enemy_Horablin_Middle,Blue Horriblin
Enemy_Horablin_Senior,Black Horriblin
Enemy_Keese,Keese
Enemy_Keese_AllDay,Keese
Enemy_Keese_Cadaver,Keese
Enemy_Keese_Electric,Electric Keese
Enemy_Keese_Electric_AllDay,Electric Keese
Enemy_Keese_Fire,Fire Keese
Enemy_Keese_Fire_AllDay,Fire Keese
Enemy_Keese_Ice,Ice Keese
Enemy_Keese_Ice_AllDay,Ice Keese
Enemy_Keese_Ice_Army,Ice Keese
Enemy_Keese_Swarm,Keese
Enemy_Keese_Swarm_AllDay,Keese
Enemy_Keese_Swarm_Cave,Keese
Enemy_Kohga_Golem,MsgNotFound
Enemy_Kohga_GolemRider,Master Kohga
Enemy_LikeLike_Crack,Rock Like
Enemy_LikeLike_Crack_RagdollShort,Rock Like
Enemy_LikeLike_Electric,Shock Like
Enemy_LikeLike_Electric_RagdollShort,Shock Like
Enemy_LikeLike_Fire,Fire Like
Enemy_LikeLike_Fire_RagdollShort,Fire Like
Enemy_LikeLike_Ice,Ice Like
Enemy_LikeLike_Ice_RagdollShort,Ice Like
Enemy_LikeLike_Plane,Like Like
Enemy_LikeLike_Plane_RagdollShort,Like Like
Enemy_LikeLike_Tar,Sludge Like
Enemy_Lizalfos_Bone_Junior,Stalizalfos
Enemy_Lizalfos_Bone_Junior_Head,Stalizalfos
Enemy_Lizalfos_Dark,Silver Lizalfos
Enemy_Lizalfos_Electric,Electric Lizalfos
Enemy_Lizalfos_Fire,Fire-Breath Lizalfos
Enemy_Lizalfos_Fire_GerudoCanyon,Fire-Breath Lizalfos
Enemy_Lizalfos_Fire_GerudoCanyon_PopUp,Fire-Breath Lizalfos
Enemy_Lizalfos_Guard_Junior,Lizalfos
Enemy_Lizalfos_Guard_Junior_LongVisibility,Lizalfos
Enemy_Lizalfos_Guard_Middle,Blue Lizalfos
Enemy_Lizalfos_Guard_Middle_LongVisibility,Blue Lizalfos
Enemy_Lizalfos_Ice,Ice-Breath Lizalfos
Enemy_Lizalfos_Ice_GerudoCanyon,Ice-Breath Lizalfos
Enemy_Lizalfos_Ice_GerudoCanyon_Popup,Ice-Breath Lizalfos
Enemy_Lizalfos_Junior,Lizalfos
Enemy_Lizalfos_Middle,Blue Lizalfos
Enemy_Lizalfos_Senior,Black Lizalfos
Enemy_Lynel_Boss,Lynel
Enemy_Lynel_Boss_Dark,Silver Lynel
Enemy_Lynel_Boss_Middle,Blue-Maned Lynel
Enemy_Lynel_Boss_Senior,White-Maned Lynel
Enemy_Lynel_Dark,Silver Lynel
Enemy_Lynel_Junior,Lynel
Enemy_Lynel_Middle,Blue-Maned Lynel
Enemy_Lynel_Senior,White-Maned Lynel
Enemy_MiddleBoss_Goron,Moragia
Enemy_MiddleBoss_Goron_WeakPoint,Moragia
Enemy_MiddleBoss_Goron_WeakPoint_A,Moragia
Enemy_MiddleBoss_Goron_WeakPoint_B,Moragia
Enemy_MiddleBoss_Goron_WeakPoint_C,Moragia
Enemy_Mogurudo_Baby_Junior,Little Frox
Enemy_Mogurudo_Junior,Frox
Enemy_Mogurudo_Middle,Obsidian Frox
Enemy_Mogurudo_Senior,Blue-White Frox
Enemy_Moriblin_Bone_Junior,Stalmoblin
Enemy_Moriblin_Bone_Junior_AllDay,Stalmoblin
Enemy_Moriblin_Bone_Junior_AllDay_AlwaysRespawn,Stalmoblin
Enemy_Moriblin_Bone_Junior_Head,Stalmoblin
Enemy_Moriblin_Bone_Junior_Head_AllDay,Stalmoblin
Enemy_Moriblin_Dark,Silver Moblin
Enemy_Moriblin_Junior,Moblin
Enemy_Moriblin_Junior_LongSight,Moblin
Enemy_Moriblin_Junior_Lookout_Cliff,Moblin
Enemy_Moriblin_Middle,Blue Moblin
Enemy_Moriblin_Senior,Black Moblin
Enemy_Octarock,Water Octorok
Enemy_Octarock_Desert,Treasure Octorok
Enemy_Octarock_Forest,Forest Octorok
Enemy_Octarock_Snow,Snow Octorok
Enemy_Octarock_Stone,Rock Octorok
Enemy_PhantomGanon,Phantom Ganon
Enemy_Sandworm,Molduga
Enemy_Toby_Junior,Aerocuda
Enemy_Toby_Junior_Sky,Aerocuda
Enemy_Toby_Junior_Terminal,Aerocuda
Enemy_Treant_Bee,Evermean
Enemy_Treant_Broadleaf,Evermean
Enemy_Treant_D,Evermean
Enemy_Treant_E,Evermean
Enemy_Wizzrobe_Electric,Electric Wizzrobe
Enemy_Wizzrobe_Electric_Senior,Thunder Wizzrobe
Enemy_Wizzrobe_Fire,Fire Wizzrobe
Enemy_Wizzrobe_Fire_Senior,Meteo Wizzrobe
Enemy_Wizzrobe_Ice,Ice Wizzrobe
Enemy_Wizzrobe_Ice_Senior,Blizzrobe
Enemy_Zombie_Boss_Junior,Moth Gibdo
Enemy_Zombie_Boss_Junior_Defense,Moth Gibdo
Enemy_Zombie_Boss_Junior_ForDungeonBossGerudoBattle,Moth Gibdo
Enemy_Zombie_Junior,Gibdo
Enemy_Zombie_Junior_Defense,Gibdo
Enemy_Zombie_Junior_ForDungeonBossGerudoBattle,Gibdo
Enemy_Zonau_BlockMaster_Junior,Flux Construct I
Enemy_Zonau_BlockMaster_Junior_Beginning,Flux Construct I
Enemy_Zonau_BlockMaster_Middle,Flux Construct II
Enemy_Zonau_BlockMaster_Senior,Flux Construct III
Enemy_Zonau_Golem_Dark,Captain Construct IV
Enemy_Zonau_Golem_Junior,Captain Construct I
Enemy_Zonau_Golem_Junior_ForFirstSmallDungeon,Captain Construct I
Enemy_Zonau_Golem_Middle,Captain Construct II
Enemy_Zonau_Golem_Senior,Captain Construct III
Enemy_Zonau_Robot_Dark,Soldier Construct IV
Enemy_Zonau_Robot_Junior,Soldier Construct I
Enemy_Zonau_Robot_Junior_Beginning,Soldier Construct I
Enemy_Zonau_Robot_Junior_Lookout,Soldier Construct I
Enemy_Zonau_Robot_Junior_Lookout_Mile,Soldier Construct I
Enemy_Zonau_Robot_Middle,Soldier Construct II
Enemy_Zonau_Robot_Middle_Lookout,Soldier Construct II
Enemy_Zonau_Robot_Senior,Soldier Construct III
Energy_Material_01,Crystallized Charge
Energy_Material_02,Crystallized Charge
Energy_Material_03,Large Crystallized Charge
Energy_Material_04,Huge Crystallized Charge
FireFruit,Fire Fruit
FireWood,MsgNotFound
FireWoodFromBundle,MsgNotFound
FireWoodFromBundleBurnedByBoostedFire,MsgNotFound
FireWoodLong,MsgNotFound
FldObj_DevoteSpring_Book,Tattered Notebook
FldObj_GerudoTownBook,Chef Aurie Taamu Vol. 2
FldObj_HatenoGateBook,Calip's Journal
FldObj_HatenoGateBook_Kakariko,Calip's Journal
FldObj_HoleQuicksand_A_01,Quicksand sinkhole
FldObj_HoleWhirlingWaves_A_04,Whirlpool
FldObj_HyliaWoodRuinWell_A_02,Well
FldObj_HyliaWoodRuinWell_A_03,Well
FldObj_HyliaWoodWell_A_02,Well
FldObj_LinkHouse_A_01,Furnished Square Room
FldObj_LinkHouse_B_01,Blessing Room
FldObj_LinkHouse_C_01,Bedroom
FldObj_LinkHouse_D_01,Weapon Stand Room
FldObj_LinkHouse_E_01,Bow Stand Room
FldObj_LinkHouse_F_01,Shield Stand Room
FldObj_LinkHouse_G_01,Kitchen
FldObj_LinkHouse_H_01,Gallery
FldObj_LinkHouse_I_01,Outdoor Stairs
FldObj_LinkHouse_J_01,Indoor Stairs
FldObj_LinkHouse_K_01,Garden Pond
FldObj_LinkHouse_L_01,Flower Bed
FldObj_LinkHouse_M_01,Paddock
FldObj_LinkHouse_N_01,Foyer
FldObj_LinkHouse_O_01,Angled Room
FldObj_LinkHouse_P_01,Furnished Angled Room
FldObj_LinkHouse_Q_01,Study
FldObj_LinkHouse_R_01,Square Room
FldObj_MockUp_Item_Enemy_117,Fire Keese Eyeball
FldObj_MockUp_Item_Enemy_155,Gleeok Thunder Horn
FldObj_MockUp_Item_Enemy_156,Gleeok Wing
FldObj_MockUp_Item_Enemy_215,White-Maned Lynel Mace Horn
FldObj_MockUp_Item_Enemy_32,Hinox Toenail
FldObj_MockUp_Item_Enemy_42,Ice-Breath Lizalfos Tail
FldObj_Pinecone_A_01,Hylian Pine Cone
FldObj_RuinStatueDragon_A_02,MsgNotFound
FldObj_RuinStatueKnightSword_B_01,Forgotten Sword
FldObj_ShootingStar,MsgNotFound
FldObj_WisemanStatue_A_01,Statue bearing a sword
FldObj_WisemanStatue_A_04,Statue with raised arm
FldObj_WisemanStatue_A_05,MsgNotFound
FldObj_WisemanStatue_A_06,Winged statue
FldObj_WisemanStatue_A_06_End,Winged statue
FldObj_WisemanStatue_A_07,Finned statue
FldObj_ZonauShrine_KeyCrystal,MsgNotFound
FldObj_ZonauShrine_KeyCrystal_DropWhirlingWaves,MsgNotFound
FldObj_ZonauShrine_KeyCrystal_PresenceDistanceLong,MsgNotFound
FldObj_ZonauShrine_KeyCrystal_PresenceDistanceMiddle,MsgNotFound
FldObj_ZonauShrine_KeyCrystal_PresenceDistanceShort,MsgNotFound
FldObj_ZonauShrine_KeyCrystal_Zonau_BlockMaster,MsgNotFound
GameRomHorse,Horse
GameRomHorse00L,Giant Horse
GameRomHorse01,Horse
GameRomHorse01L,Giant White Stallion
GameRomHorse01S,Donkey
GameRomHorse02,Horse
GameRomHorse03,Horse
GameRomHorse04,Horse
GameRomHorse05,Horse
GameRomHorse06,Horse
GameRomHorse07,Horse
GameRomHorse08,Horse
GameRomHorse09,Horse
GameRomHorse10,Horse
GameRomHorse11,Horse
GameRomHorse12,Horse
GameRomHorse13,Horse
GameRomHorse14,Horse
GameRomHorse15,Horse
GameRomHorse16,Horse
GameRomHorse17,Horse
GameRomHorse18,Horse
GameRomHorse19,Horse
GameRomHorse20,Horse
GameRomHorse21,Horse
GameRomHorse22,Horse
GameRomHorse23,Horse
GameRomHorse25,Horse
GameRomHorse26,Horse
GameRomHorseBone,Stalhorse
GameRomHorseBone_AllDay,Stalhorse
GameRomHorseEpona,Horse
GameRomHorseForStreetVender,Horse
GameRomHorseGold,Golden Horse
GameRomHorseNushi,MsgNotFound
GameRomHorseReins_00,Stable Bridle
GameRomHorseReins_00L,MsgNotFound
GameRomHorseReins_01,Traveler's Bridle
GameRomHorseReins_02,Royal Bridle
GameRomHorseReins_03,Knight's Bridle
GameRomHorseReins_04,Monster Bridle
GameRomHorseReins_05,Extravagant Bridle
GameRomHorseReins_06,MsgNotFound
GameRomHorseSaddle_00,Stable Saddle
GameRomHorseSaddle_00L,MsgNotFound
GameRomHorseSaddle_00S,Stable Saddle
GameRomHorseSaddle_00S_AncientAssistant,Stable Saddle
GameRomHorseSaddle_01,Traveler's Saddle
GameRomHorseSaddle_01S,Stable Saddle
GameRomHorseSaddle_02,Royal Saddle
GameRomHorseSaddle_03,Knight's Saddle
GameRomHorseSaddle_04,Monster Saddle
GameRomHorseSaddle_05,Extravagant Saddle
GameRomHorseSaddle_06,MsgNotFound
GameRomHorseSaddle_07,Towing Harness
GameRomHorseSaddle_07_ExternalCoupler,Towing Harness
GameRomHorseSaddle_07_WithWagon,Towing Harness
GameRomHorseSpPattern,Horse
GameRomHorseZelda,White Horse
Ganondorf_Miasma_Parturition,MsgNotFound
GerudoHatago_LaughFace_PhotographTarget,Smiling Spectacle Rock
GoronReturntoNature_PhotographTarget,Full moon shining down
Harness_Coupler,MsgNotFound
Harness_Coupler_BP,MsgNotFound
Helmet_001,MsgNotFound
HorseGod001,Malanya
HorseGodTextNPC,Malanya
Horse_Link_Mane,Normal Mane
Horse_Link_Mane_00L,MsgNotFound
Horse_Link_Mane_00L_Reduction,MsgNotFound
Horse_Link_Mane_01,Long Mane
Horse_Link_Mane_01L,MsgNotFound
Horse_Link_Mane_01_Reduction,Long Mane
Horse_Link_Mane_02,Mohawk Mane
Horse_Link_Mane_03,French-Braided Mane
Horse_Link_Mane_04,Braided Mane
Horse_Link_Mane_05,Long Red Mane
Horse_Link_Mane_06,Long Blue Mane
Horse_Link_Mane_07,Long Green Mane
Horse_Link_Mane_08,Long Purple Mane
Horse_Link_Mane_09,Floral Mane
Horse_Link_Mane_Reduction,Normal Mane
IceFruit,Ice Fruit
Insect_Base,MsgNotFound
IronBall_Light,MsgNotFound
Item_Boiled_01,Hard-Boiled Egg
Item_CatchInAir,Star Fragment
Item_ChilledFish_01,Frozen Bass
Item_ChilledFish_01_L,Frozen Bass
Item_ChilledFish_02,Frozen Hearty Salmon
Item_ChilledFish_03,Frozen Trout
Item_ChilledFish_03_C,Frozen Trout
Item_ChilledFish_03_D,Frozen Trout
Item_ChilledFish_03_J,Frozen Trout
Item_ChilledFish_04,Frozen Carp
Item_ChilledFish_04_E,Frozen Carp
Item_ChilledFish_04_Z,Frozen Carp
Item_ChilledFish_05,Frozen Porgy
Item_ChilledFish_05_F,Frozen Porgy
Item_ChilledFish_06,Frozen Hearty Bass
Item_ChilledFish_07,Frozen Crab
Item_ChilledFish_07_K,Frozen Crab
Item_ChilledFish_07_O,Frozen Crab
Item_ChilledFish_08,Frozen River Snail
Item_ChilledFish_16,Frozen Arowana
Item_ChilledFish_18,Frozen Cave Fish
Item_Chilled_01,Icy Meat
Item_Chilled_02,Icy Prime Meat
Item_Chilled_03,Icy Gourmet Meat
Item_Chilled_04,Frozen Bird Drumstick
Item_Chilled_05,Frozen Bird Thigh
Item_Chilled_06,Frozen Whole Bird
Item_CookSet,MsgNotFound
Item_CookSetOnFire,MsgNotFound
Item_CookSetOnFire_C,MsgNotFound
Item_CookSetOnFire_PanOnly,MsgNotFound
Item_CookSet_C,MsgNotFound
Item_CookSet_PanOnly,MsgNotFound
Item_Enemy_01,Bokoblin Fang
Item_Enemy_02,Bokoblin Guts
Item_Enemy_04,Lizalfos Talon
Item_Enemy_05,Lizalfos Tail
Item_Enemy_07,Moblin Fang
Item_Enemy_08,Moblin Guts
Item_Enemy_100,Horriblin Horn
Item_Enemy_101,Blue Horriblin Horn
Item_Enemy_102,Black Horriblin Horn
Item_Enemy_103,Silver Horriblin Horn
Item_Enemy_104,Horriblin Claw
Item_Enemy_105,Horriblin Guts
Item_Enemy_106,Lizalfos Horn
Item_Enemy_107,Blue Lizalfos Horn
Item_Enemy_108,Black Lizalfos Horn
Item_Enemy_109,Silver Lizalfos Horn
Item_Enemy_114,Blue Lizalfos Tail
Item_Enemy_115,Black Lizalfos Tail
Item_Enemy_116,Silver Lizalfos Tail
Item_Enemy_117,Fire Keese Eyeball
Item_Enemy_118,Electric Keese Eyeball
Item_Enemy_119,Ice Keese Eyeball
Item_Enemy_121,Gibdo Guts
Item_Enemy_123,Gibdo Wing
Item_Enemy_124,Aerocuda Wing
Item_Enemy_13,Lynel Hoof
Item_Enemy_130,Zonai Charge
Item_Enemy_130_Bundle_A,Zonai Charge
Item_Enemy_130_Bundle_B,Zonai Charge
Item_Enemy_130_forDisplay,Zonai Charge
Item_Enemy_131,Large Zonai Charge
Item_Enemy_131_forDisplay,Large Zonai Charge
Item_Enemy_132,Blue Boss Bokoblin Horn
Item_Enemy_133,Black Boss Bokoblin Horn
Item_Enemy_134,Silver Boss Bokoblin Horn
Item_Enemy_135,Boss Bokoblin Fang
Item_Enemy_136,Boss Bokoblin Guts
Item_Enemy_14,Lynel Guts
Item_Enemy_142,Hinox Horn
Item_Enemy_143,Blue Hinox Horn
Item_Enemy_144,Black Hinox Horn
Item_Enemy_148,Lynel Saber Horn
Item_Enemy_149,Blue-Maned Lynel Saber Horn
Item_Enemy_15,Red Chuchu Jelly
Item_Enemy_150,White-Maned Lynel Saber Horn
Item_Enemy_151,Silver Lynel Saber Horn
Item_Enemy_153,Gleeok Flame Horn
Item_Enemy_154,Gleeok Frost Horn
Item_Enemy_155,Gleeok Thunder Horn
Item_Enemy_155_Bundle_A,Gleeok Thunder Horn
Item_Enemy_156,Gleeok Wing
Item_Enemy_156_Bundle_A,Gleeok Wing
Item_Enemy_157,Gleeok Guts
Item_Enemy_158,Light Dragon's Scale
Item_Enemy_159,Light Dragon's Talon
Item_Enemy_16,Yellow Chuchu Jelly
Item_Enemy_160,Shard of Light Dragon's Fang
Item_Enemy_166,Soldier Construct Horn
Item_Enemy_167,Soldier Construct II Horn
Item_Enemy_168,Soldier Construct III Horn
Item_Enemy_169,Soldier Construct IV Horn
Item_Enemy_17,White Chuchu Jelly
Item_Enemy_18,Keese Wing
Item_Enemy_181,Like Like Stone
Item_Enemy_182,Fire Like Stone
Item_Enemy_183,Shock Like Stone
Item_Enemy_184,Ice Like Stone
Item_Enemy_186,Frox Fang
Item_Enemy_187,Obsidian Frox Fang
Item_Enemy_188,Blue-White Frox Fang
Item_Enemy_189,Frox Fingernail
Item_Enemy_19,Keese Eyeball
Item_Enemy_190,Frox Guts
Item_Enemy_191,Captain Construct II Horn
Item_Enemy_192,Captain Construct III Horn
Item_Enemy_193,Captain Construct IV Horn
Item_Enemy_20,Octorok Tentacle
Item_Enemy_208,Stalnox Horn
Item_Enemy_21,Octorok Eyeball
Item_Enemy_210,Molduga Jaw
Item_Enemy_211,Dinraal's Horn
Item_Enemy_212,Naydra's Horn
Item_Enemy_213,Farosh's Horn
Item_Enemy_214,Light Dragon's Horn
Item_Enemy_215,Lynel Mace Horn
Item_Enemy_216,Blue-Maned Lynel Mace Horn
Item_Enemy_217,White-Maned Lynel Mace Horn
Item_Enemy_218,Silver Lynel Mace Horn
Item_Enemy_228,Shard of Dinraal's Spike
Item_Enemy_229,Shard of Naydra's Spike
Item_Enemy_230,Shard of Farosh's Spike
Item_Enemy_231,Shard of Light Dragon's Spike
Item_Enemy_24,Molduga Fin
Item_Enemy_25,Molduga Guts
Item_Enemy_32,Hinox Toenail
Item_Enemy_32_Bundle_A,Hinox Toenail
Item_Enemy_33,Hinox Tooth
Item_Enemy_34,Hinox Guts
Item_Enemy_38,Dinraal's Scale
Item_Enemy_39,Dinraal's Claw
Item_Enemy_40,Chuchu Jelly
Item_Enemy_41,Fire-Breath Lizalfos Tail
Item_Enemy_42,Ice-Breath Lizalfos Tail
Item_Enemy_43,Electric Lizalfos Tail
Item_Enemy_44,Fire Keese Wing
Item_Enemy_45,Electric Keese Wing
Item_Enemy_46,Ice Keese Wing
Item_Enemy_47,Shard of Dinraal's Fang
Item_Enemy_49,Naydra's Scale
Item_Enemy_50,Naydra's Claw
Item_Enemy_51,Shard of Naydra's Fang
Item_Enemy_53,Farosh's Scale
Item_Enemy_54,Farosh's Claw
Item_Enemy_55,Shard of Farosh's Fang
Item_Enemy_57,Octo Balloon
Item_Enemy_58,Fire-Breath Lizalfos Horn
Item_Enemy_59,Ice-Breath Lizalfos Horn
Item_Enemy_60,Electric Lizalfos Horn
Item_Enemy_64,Boss Bokoblin Horn
Item_Enemy_66,Aerocuda Eyeball
Item_Enemy_67,Captain Construct I Horn
Item_Enemy_69,Gibdo Bone
Item_Enemy_77,Bokoblin Horn
Item_Enemy_78,Blue Bokoblin Horn
Item_Enemy_79,Black Bokoblin Horn
Item_Enemy_80,Silver Bokoblin Horn
Item_Enemy_89,Moblin Horn
Item_Enemy_90,Blue Moblin Horn
Item_Enemy_91,Black Moblin Horn
Item_Enemy_92,Silver Moblin Horn
Item_Enemy_Base,MsgNotFound
Item_FishGet_A,Hyrule Bass
Item_FishGet_AA,Ancient Arowana
Item_FishGet_AC,Glowing Cave Fish
Item_FishGet_B,Hearty Bass
Item_FishGet_C,Chillfin Trout
Item_FishGet_D,Voltfin Trout
Item_FishGet_E,Mighty Carp
Item_FishGet_F,Mighty Porgy
Item_FishGet_G,Armored Porgy
Item_FishGet_H,Armored Carp
Item_FishGet_I,Hearty Salmon
Item_FishGet_J,Sizzlefin Trout
Item_FishGet_L,Staminoka Bass
Item_FishGet_M,Sneaky River Snail
Item_FishGet_X,Stealthfin Trout
Item_FishGet_Z,Sanke Carp
Item_Fruit_A,Apple
Item_Fruit_B,Wildberry
Item_Fruit_B_TemporaryOwnedByNpc,Wildberry
Item_Fruit_C,Voltfruit
Item_Fruit_E,Fleet-Lotus Seeds
Item_Fruit_F,Hydromelon
Item_Fruit_F_TemporaryOwnedByNpc,Hydromelon
Item_Fruit_G,Palm Fruit
Item_Fruit_H,Mighty Bananas
Item_Fruit_I,Spicy Pepper
Item_Fruit_J,Fortified Pumpkin
Item_Fruit_J_OwnedByNpc,Fortified Pumpkin
Item_Fruit_J_TemporaryOwnedByNpc,Fortified Pumpkin
Item_Fruit_K,Acorn
Item_Fruit_L,Chickaloo Tree Nut
Item_Fruit_M,Hylian Tomato
Item_Fruit_M_OwnedByNpc,Hylian Tomato
Item_Fruit_M_TemporaryOwnedByNpc,Hylian Tomato
Item_Fruit_N,Sun Pumpkin
Item_Fruit_N_OwnedByNpc,Sun Pumpkin
Item_Fruit_N_TemporaryOwnedByNpc,Sun Pumpkin
Item_Fruit_P,Golden Apple
Item_InsectGet_K,Razorclaw Crab
Item_InsectGet_O,Ironshell Crab
Item_InsectGet_Z,Bright-Eyed Crab
Item_KingScale,King's Scale
Item_Material_01,Cane Sugar
Item_Material_02,Goron Spice
Item_Material_03,Hylian Rice
Item_Material_04,Bird Egg
Item_Material_05,Fresh Milk
Item_Material_06,Goat Butter
Item_Material_07,Tabantha Wheat
Item_Material_08,Monster Extract
Item_Material_09,Oil Jar
Item_Material_10,Hateno Cheese
Item_Material_11,Dark Clump
Item_Meat_01,Raw Meat
Item_Meat_02,Raw Prime Meat
Item_Meat_06,Raw Bird Drumstick
Item_Meat_07,Raw Bird Thigh
Item_Meat_11,Raw Gourmet Meat
Item_Meat_12,Raw Whole Bird
Item_MushroomGet_D,Rushroom
Item_MushroomGet_K,Brightcap
Item_Mushroom_A,Stamella Shroom
Item_Mushroom_B,Chillshroom
Item_Mushroom_C,Sunshroom
Item_Mushroom_D,Rushroom
Item_Mushroom_E,Hylian Shroom
Item_Mushroom_F,Hearty Truffle
Item_Mushroom_H,Zapshroom
Item_Mushroom_J,Silent Shroom
Item_Mushroom_K,Brightcap
Item_Mushroom_L,Razorshroom
Item_Mushroom_M,Ironshroom
Item_Mushroom_N,Big Hearty Truffle
Item_Mushroom_O,Endura Shroom
Item_Mushroom_P,Skyshroom
Item_Ore_A,Diamond
Item_Ore_B,Ruby
Item_Ore_B_Bundle_A,Ruby
Item_Ore_B_GoronDisplay,Ruby
Item_Ore_C,Sapphire
Item_Ore_C_Bundle_A,Sapphire
Item_Ore_D,Topaz
Item_Ore_D_Bundle_A,Topaz
Item_Ore_E,Opal
Item_Ore_E_Bundle_B,Opal
Item_Ore_F,Amber
Item_Ore_G,Luminous Stone
Item_Ore_H,Rock Salt
Item_Ore_I,Flint
Item_Ore_J,Star Fragment
Item_Ore_L,Zonaite
Item_Ore_M,Large Zonaite
Item_PlantGet_A,Hyrule Herb
Item_PlantGet_B,Hearty Radish
Item_PlantGet_C,Big Hearty Radish
Item_PlantGet_E,Cool Safflina
Item_PlantGet_F,Warm Safflina
Item_PlantGet_G,Mighty Thistle
Item_PlantGet_H,Armoranth
Item_PlantGet_I,Blue Nightshade
Item_PlantGet_J,Silent Princess
Item_PlantGet_L,Electric Safflina
Item_PlantGet_M,Swift Carrot
Item_PlantGet_O,Swift Violet
Item_PlantGet_Q,Endura Carrot
Item_PlantGet_R,Sundelion
Item_PlantGet_S,Stambulb
Item_PlantGet_U,Korok Frond
Item_Plant_A,Hyrule Herb
Item_Plant_B,Hearty Radish
Item_Plant_B_TemporaryOwnedByNpc,Hearty Radish
Item_Plant_C,Big Hearty Radish
Item_Plant_C_TemporaryOwnedByNpc,Big Hearty Radish
Item_Plant_E,Cool Safflina
Item_Plant_F,Warm Safflina
Item_Plant_G,Mighty Thistle
Item_Plant_H,Armoranth
Item_Plant_I,Blue Nightshade
Item_Plant_I_OwnedByNpc,Blue Nightshade
Item_Plant_J,Silent Princess
Item_Plant_J_OwnedByNpc,Silent Princess
Item_Plant_L,Electric Safflina
Item_Plant_M,Swift Carrot
Item_Plant_M_OwnedByNpc,Swift Carrot
Item_Plant_M_TemporaryOwnedByNpc,Swift Carrot
Item_Plant_O,Swift Violet
Item_Plant_Q,Endura Carrot
Item_Plant_Q_TemporaryOwnedByNpc,Endura Carrot
Item_Plant_R,Sundelion
Item_Plant_R_Kakariko008,Sundelion
Item_Plant_S,Stambulb
Item_RoastFish_01,Roasted Bass
Item_RoastFish_01_L,Roasted Bass
Item_RoastFish_02,Roasted Hearty Bass
Item_RoastFish_03,Roasted Trout
Item_RoastFish_03_C,Roasted Trout
Item_RoastFish_03_D,Roasted Trout
Item_RoastFish_03_J,Roasted Trout
Item_RoastFish_04,Roasted Hearty Salmon
Item_RoastFish_07,Roasted Carp
Item_RoastFish_07_E,Roasted Carp
Item_RoastFish_07_Z,Roasted Carp
Item_RoastFish_09,Roasted Porgy
Item_RoastFish_09_F,Roasted Porgy
Item_RoastFish_13,Sneaky River Escargot
Item_RoastFish_15,Blackened Crab
Item_RoastFish_15_K,Blackened Crab
Item_RoastFish_15_O,Blackened Crab
Item_RoastFish_16,Roasted Arowana
Item_RoastFish_18,Roasted Cave Fish
Item_Roast_01,Seared Steak
Item_Roast_02,Roasted Bird Drumstick
Item_Roast_03,Baked Apple
Item_Roast_04,Toasty Stamella Shroom
Item_Roast_05,Toasted Hearty Truffle
Item_Roast_06,Toasty Hylian Shroom
Item_Roast_07,Roasted Wildberry
Item_Roast_08,Roasted Voltfruit
Item_Roast_10,Baked Palm Fruit
Item_Roast_11,Roasted Mighty Bananas
Item_Roast_12,Roasted Hydromelon
Item_Roast_13,Charred Pepper
Item_Roast_15,Baked Fortified Pumpkin
Item_Roast_16,Roasted Lotus Seeds
Item_Roast_18,Roasted Radish
Item_Roast_19,Roasted Big Radish
Item_Roast_24,Roasted Swift Carrot
Item_Roast_27,Roasted Mighty Thistle
Item_Roast_28,Roasted Armoranth
Item_Roast_31,Toasty Chillshroom
Item_Roast_32,Toasty Sunshroom
Item_Roast_33,Toasty Zapshroom
Item_Roast_36,Toasty Rushroom
Item_Roast_37,Toasty Razorshroom
Item_Roast_38,Toasty Ironshroom
Item_Roast_39,Toasty Silent Shroom
Item_Roast_40,Seared Prime Steak
Item_Roast_41,Roasted Bird Thigh
Item_Roast_45,Seared Gourmet Steak
Item_Roast_46,Roasted Whole Bird
Item_Roast_48,Roasted Acorn
Item_Roast_49,Toasted Big Hearty Truffle
Item_Roast_50,Roasted Endura Carrot
Item_Roast_51,Campfire Egg
Item_Roast_52,Roasted Tree Nut
Item_Roast_53,Toasty Endura Shroom
Item_Roast_54,Roasted Hylian Tomato
Item_Roast_55,Baked Sun Pumpkin
Item_Roast_56,Toasty Skyshroom
Item_Roast_58,Toasty Brightcap
Item_Roast_59,Baked Golden Apple
Item_Weapon_01,Ancient Blade
KeySmall,Small Key
Kibako_Contain_01,MsgNotFound
Kibako_Contain_01_NoRespawn,MsgNotFound
Kibako_Contain_HorseRace,MsgNotFound
LakeSideHatago_PhotographTarget,Floria Falls on a clear day
LightBallBud_Large,MsgNotFound
LightBallBud_Small,MsgNotFound
LightBall_Large,Giant Brightbloom Seed
LightBall_Large_NoReaction,Giant Brightbloom Seed
LightBall_Large_Pile_A_01,Giant Brightbloom Seed
LightBall_Large_Pile_A_02,Giant Brightbloom Seed
LightBall_Small,Brightbloom Seed
LightBall_Small_NoReaction,Brightbloom Seed
LightBall_Small_Pile_A_01,Brightbloom Seed
LightBall_Small_Pile_A_02,Brightbloom Seed
LightFootprint,MsgNotFound
LightFruit,Dazzlefruit
LostMemoryInUotori_PhotographTarget,Hyrule's finest sunrise
Mannequin_001_Head,Hylian Hood
Mannequin_001_Lower,Hylian Trousers
Mannequin_001_Upper,Hylian Tunic
Mannequin_003_Head,Stealth Mask
Mannequin_003_Lower,Stealth Tights
Mannequin_003_Upper,Stealth Chest Guard
Mannequin_004_Head,Snowquill Headdress
Mannequin_004_Lower,Snowquill Trousers
Mannequin_004_Upper,Snowquill Tunic
Mannequin_005_Head,Flamebreaker Helm
Mannequin_005_Lower,Flamebreaker Boots
Mannequin_005_Upper,Flamebreaker Armor
Mannequin_006_Head,Desert Voe Headband
Mannequin_006_Lower,Desert Voe Trousers
Mannequin_006_Upper,Desert Voe Spaulder
Mannequin_008_Head,Radiant Mask
Mannequin_008_Lower,Radiant Tights
Mannequin_008_Upper,Radiant Shirt
Mannequin_012_Upper,Royal Guard Uniform
Mannequin_014_Head,Cece Hat
Mannequin_014_Head_OnDisplay,Cece Hat
Mannequin_016_Head,Yiga Mask
Mannequin_016_Lower,Yiga Tights
Mannequin_016_Upper,Yiga Armor
Mannequin_017_Head,Mystic Headpiece
Mannequin_017_Lower,Mystic Trousers
Mannequin_017_Upper,Mystic Robe
Mannequin_025_Lower,Sand Boots
Mannequin_026_Lower,Snow Boots
Mannequin_029_Head,Moblin Mask
Mannequin_030_Head,Lizalfos Mask
Mannequin_031_Head,Lynel Mask
Mannequin_032_Head,Horriblin Mask
Mannequin_033_Head,Froggy Hood
Mannequin_033_Lower,Froggy Leggings
Mannequin_033_Upper,Froggy Sleeve
MiasmaSwarm,Phantom Ganon
MiasmaSwarm_DekuTree,Phantom Ganon
MiasmaSwarm_LastDungeon,Phantom Ganon
MinusObj_TreeGeneralleaf_E_01,MsgNotFound
MinusRupee_00,Poe
MinusRupee_01,Large Poe
MinusRupee_02,Grand Poe
NewHyruleWestHatago_01_PhotographTarget,Geoglyph
NewHyruleWestHatago_01_PhotographTarget_10,Geoglyph
NewHyruleWestHatago_01_PhotographTarget_11,Geoglyph
NewHyruleWestHatago_01_PhotographTarget_2,Geoglyph
NewHyruleWestHatago_01_PhotographTarget_3,Geoglyph
NewHyruleWestHatago_01_PhotographTarget_4,Geoglyph
NewHyruleWestHatago_01_PhotographTarget_5,Geoglyph
NewHyruleWestHatago_01_PhotographTarget_6,Geoglyph
NewHyruleWestHatago_01_PhotographTarget_7,Geoglyph
NewHyruleWestHatago_01_PhotographTarget_8,Geoglyph
NewHyruleWestHatago_01_PhotographTarget_9,Geoglyph
NormalArrow,Arrow
NorthHatelHatago_PhotographTarget,Ring Ruins
NorthHatelHatago_PhotographTarget_2,Ring Ruins
Npc_AkkareRoad_AncientAssistant,Bougan
Npc_AncientAssistant003_K1,Tauro
Npc_AncientDoctor,Purah
Npc_AncientDoctor_Hateno,Robbie
NPC_artist_000,Pikango
NPC_artist_001,Pikango
NPC_artist_Eldin,Pikango
NPC_artist_Firone,Pikango
NPC_artist_GerudoCanyon,Pikango
NPC_artist_Hebura,Pikango
NPC_artist_HyruleRidge,Pikango
Npc_Assassin_Senior_00,Master Kohga
Npc_Assassin_Senior_01,Master Kohga
Npc_Assassin_Zelda,Zelda
Npc_Attacked02_001,Savrey
Npc_Attacked02_002,Kaffi
Npc_Attacked02_003,Nars
Npc_Attacked02_004,Wadder
Npc_Attacked_002,Dillie
Npc_Attacked_002_Scholar,Dillie
Npc_Attacked_003,Regan
Npc_Attacked_003_Pants,Regan
Npc_Attacked_004,Tye
Npc_Attacked_005,Chabi
Npc_Attacked_006,Mils
Npc_Attacked_007,Jora
Npc_Attacked_007_Pants,Jora
Npc_Attacked_008,Nat
Npc_Attacked_008_Road,Nat
Npc_Attacked_009,Meghyn
Npc_Attacked_009_Road,Meghyn
Npc_Attacked_011,Mina
Npc_BaseCampSoldier_Hylia004,Jasz
Npc_BaseCampSoldier_Hylia004_Pants,Jasz
Npc_BaseCamp_Assistant,Josha
Npc_BaseCamp_Gerudo002,Jirba
Npc_BaseCamp_Gerudo002_Mercenary,Jirba
Npc_BaseCamp_Zora001,Numien
Npc_BaseCamp_Zora001_01,Numien
Npc_BaseCamp_Zora003,Tie
Npc_BaseCamp_Zora003_Venom,Tie
Npc_BaseCamp_Zora004,Capelo
Npc_BaseCamp_Zora004_Venom,Capelo
Npc_Bowling,Pondo
Npc_Bowling_SnowfieldHatago,Pondo
Npc_Cannon02_01,Sawson
Npc_Cannon02_02,Billson
Npc_Cannon03_02,Billson
Npc_Cannon04_01,Sawson
Npc_Cannon04_02,Billson
Npc_Cannon05_01,Sawson
Npc_Cannon05_02,Billson
Npc_Cannon06_02,Billson
Npc_Cannon06_03,Billson
Npc_Cannon07_02,Billson
Npc_Cannon08_02,Billson
Npc_Cannon09_01,Sawson
Npc_Cannon09_01_AfterRepair,Sawson
Npc_Cannon09_02,Billson
Npc_Cannon10_02,Billson
Npc_Cannon11_02,Billson
Npc_Cannon12_02,Billson
Npc_Cannon12_03,Billson
Npc_Cannon13_01,Elmerson
Npc_Cannon13_02,Billson
Npc_Cannon13_03,Elmerson
Npc_Cannon14_02,Billson
Npc_Cannon15_02,Billson
Npc_Cannon_01_Pants,Sawson
Npc_Cannon_02,Billson
Npc_Cannon_03,Elmerson
Npc_CraftSignboard001,Addison
Npc_CraftSignboard_Complete,Addison
Npc_DeathEastHatago_002,Kima
Npc_DeathEastHatago_002_HotSpring,Kima
Npc_DeathMt001,Mayro
Npc_DeathMt001_SnowfieldHatago,Mayro
Npc_DressFairy_00,Great Fairy Cotera
Npc_DressFairy_01,Great Fairy Mija
Npc_DressFairy_02,Great Fairy Kaysa
Npc_DressFairy_03,Great Fairy Tera
Npc_FakeZelda_Assassin,Zelda
Npc_FaronWoods006_Road,Brigo
Npc_FirstColony004,Dai
Npc_FirstColony004_RiverSide,Dai
Npc_FutagoRoad_AncientAssistant,Lammz
Npc_Gaman01,Bayge
Npc_Gaman02,Heehl
Npc_Gaman03,Kabetta
Npc_Ganondorf_Human,Demon King Ganondorf
Npc_GerudoCanyon002,Barles
Npc_GerudoCanyon003,Rahdo
Npc_GerudoDesert001,Sudrey
Npc_GerudoDesert001_Minigame,Sudrey
Npc_GerudoGate_AncientAssistant001,Nenea
Npc_GerudoGate_AncientAssistant002,Livo
Npc_GerudoGate_AncientAssistant003,Fenlin
Npc_GerudoGate_AncientAssistant004,Guspar
Npc_Gerudo_Hylia001,Platt
Npc_Gerudo_Queen_Young,Riju
Npc_Goron006,Bludo
Npc_Goron009,Gonguron
Npc_Goron010,Bladon
Npc_Goron013,Goron soaking in hot springs
Npc_Goron013_SageOfFire,Goron soaking in hot springs
Npc_Goron014,Goron soaking in hot springs
Npc_Goron014_SageOfFire,Goron soaking in hot springs
Npc_Goron015,Goron soaking in hot springs
Npc_Goron021,Bargoh
Npc_Goron021_AfterSage,Bargoh
Npc_Goron022,Krane
Npc_Goron022_AfterSage,Krane
Npc_Goron032,Goron soaking in hot springs
Npc_Goron051,Kresh
Npc_Goron_Yunbo,Yunobo
Npc_Goron_Yunbo_AfterSage,Yunobo
Npc_Goron_Yunbo_Sage,Yunobo
Npc_Goron_Yunbo_Sage_Puppet,Yunobo
Npc_HatenoGate002,Mimos
Npc_HatenoGate002_Road,Mimos
Npc_HatenoGate003,Garill
Npc_HatenoRoad_AncientAssistant,Lourda
Npc_HatenoVillage030,Karson
Npc_HatenoVillage032,Bolson
Npc_HiddenKorokFly,Korok
Npc_HiddenKorokGround,Korok
Npc_HighMountain001,Tulin
Npc_HighMountain004,Kaneli
Npc_HorseBuyer_01,Nembis
Npc_HorseBuyer_01_01,Nembis
Npc_HorseBuyer_03,Parga
Npc_HorseBuyer_04,Doritt
Npc_HutagoHatago_Woman_01,Sagessa
NPC_Hylia_MercenarySoldier_Flag,MsgNotFound
Npc_Hylia_Newspaper,MsgNotFound
Npc_HyruleDepthHatago006,Aliza
Npc_HyruleDepthHatago006_Road,Aliza
Npc_HyruleWestHatago001,Zumi
Npc_HyruleWestHatago002,Garshon
Npc_HyruleWestHatago002_Road,Garshon
NPC_Item_Plant_M,Swift Carrot
NPC_Item_Roast_24,Roasted Swift Carrot
Npc_Kakariko002_01,Paya
Npc_Kakariko005,Cado
Npc_Kakariko005_Dungeon046,Cado
Npc_Kakariko005_GerudoVillage,Cado
Npc_Kakariko005_GoronCity,Cado
Npc_Kakariko005_GP06,Cado
Npc_Kakariko005_Guide,Cado
Npc_Kakariko005_LostTemple,Cado
Npc_kakariko005_NewMaritta,Cado
Npc_Kakariko005_RitoVillage,Cado
Npc_Kakariko005_Zora,Cado
Npc_Kakariko016,Lasli
Npc_Kakariko016_Hateno,Lasli
Npc_KarakaraRoad_AncientAssistant,Senia
Npc_Lanayru003,Douma
Npc_LanayruRoad_AncientAssistant,Drant
Npc_MercenarySoldier_Hylia002,Sawtu
Npc_MercenarySoldier_Hylia002A,Mashmo
Npc_MercenarySoldier_Hylia002B,Derbos
Npc_MercenarySoldier_Hylia002B_BaseCamp,Derbos
Npc_MercenarySoldier_Hylia003,Wingo
Npc_MercenarySoldier_Hylia003A,Yutas
Npc_MercenarySoldier_Hylia003B,Landi
Npc_MercenarySoldier_Hylia003B_BaseCamp,Landi
Npc_MercenarySoldier_Hylia004,Flahva
Npc_MercenarySoldier_Hylia004A,Sharce
Npc_MercenarySoldier_Hylia005,Purpen
Npc_MercenarySoldier_Hylia005A,Raseno
Npc_MiniGame_Crosscountry,Konba
Npc_MiniGame_Crosscountry_Road,Konba
Npc_MS_Hylia002_CoH,Sawtu
Npc_MS_Hylia003A_CoH,Yutas
Npc_MS_Hylia003_CoH,Wingo
Npc_MS_Hylia004A_CoH,Sharce
Npc_MS_Hylia004_CoH,Flahva
Npc_MS_Hylia005A_CoH,Raseno
Npc_MS_Hylia005_CoH,Purpen
Npc_NewVolcanicRoad_AncientAssistant,Sango
Npc_NewVolcanicRoad_AncientAssistantNormal,Sango
Npc_NorthHatelHatago001,Izra
Npc_NorthHateru_around001,Benny
Npc_oasis006,Romah
Npc_oasis007,Buliara
Npc_oasis008,Pritana
Npc_oasis011,Makure
Npc_oasis012,Cara
Npc_oasis013,Kalani
Npc_oasis014,Rima
Npc_oasis015,Saula
Npc_oasis017,Pearle
Npc_oasis018,Nellie
Npc_oasis022,Fegran
Npc_oasis050,Rhondson
Npc_OasisMilk_A,Yaido
Npc_OasisMilk_A_InUG,Yaido
Npc_OasisMilk_B,Sumati
Npc_OasisMilk_B_InUG,Sumati
Npc_OasisMilk_C,Pyra
Npc_OasisMilk_C_InUG,Pyra
Npc_OldKorok,Hestu
Npc_Orchestra_BT_F,Pyper
Npc_Orchestra_BT_F_Road,Pyper
Npc_Orchestra_M_00,Mastro
Npc_Orchestra_M_00_FairyCotera,Mastro
Npc_Orchestra_M_00_FairyMisure,Mastro
Npc_Orchestra_M_00_FairySiza,Mastro
Npc_Orchestra_M_00_FairyTela,Mastro
Npc_Orchestra_M_H,Eustus
Npc_Orchestra_M_H_Road,Eustus
Npc_Orchestra_M_P,Beetz
Npc_Orchestra_M_P_Road,Beetz
Npc_Raul,Rauru
Npc_Raul_01,Rauru
Npc_Raul_02,Rauru
Npc_Raul_03,Rauru
Npc_Raul_04,Rauru
Npc_Raul_05,Rauru
Npc_Raul_06,Rauru
Npc_Raul_07,Rauru
Npc_Raul_InDungeon,Rauru
Npc_RaumiGolem_Sage,Mineru
Npc_RidgeRoad_AncientAssistant,Lecia
Npc_RidgeRoad_AncientAssistant_StableHostel,Lecia
Npc_Rito_Postman_001,Penn
Npc_Rito_Postman_0013,Penn
Npc_Rito_Postman_002,Penn
Npc_Rito_Postman_003,Penn
Npc_Rito_Postman_004,Penn
Npc_Rito_Postman_005,Penn
Npc_Rito_Postman_006,Penn
Npc_Rito_Postman_007,Penn
Npc_Rito_Postman_008,Penn
Npc_Rito_Postman_010,Penn
Npc_Rito_Postman_011,Penn
Npc_Rito_Postman_012,Penn
Npc_Rito_Postman_013,Penn
Npc_Rito_Postman_014,Penn
Npc_Rito_Postman_015,Penn
Npc_Road_002,Mezer
Npc_Road_002_Road,Mezer
Npc_Road_005,Kanny
Npc_Road_005_BeforeSage,Kanny
Npc_Road_011,Kyra
Npc_Road_011_Road,Kyra
Npc_Road_013,Meeshy
Npc_Road_013_01,Meeshy
Npc_Road_013_02,Meeshy
Npc_Road_013_04,Meeshy
Npc_Road_013_05,Meeshy
Npc_Road_013_06,Meeshy
Npc_Road_013_07,Meeshy
Npc_Road_013_08,Meeshy
Npc_Road_013_09,Meeshy
Npc_Road_013_10,Meeshy
Npc_Road_015,Chumin
Npc_Road_015_Road,Chumin
Npc_Road_015_Road_Hateno,Chumin
Npc_Road_017,Glendo
Npc_Road_026,Spoone
Npc_Road_026_Road,Spoone
Npc_Road_031,Maypin
Npc_Road_031_TamourHatago,Maypin
Npc_Road_037,Falmark
Npc_Road_037_Traveller,Falmark
Npc_Road_041,Pitar
Npc_Road_041_Road,Pitar
Npc_Road_045,Lonni
Npc_Road_045_Road,Lonni
Npc_SmallOasis007,Nobiro
Npc_SmallOasis012,Konora
Npc_SmallOasis012_Cherry,Konora
Npc_Strange_Beacon,Moza
Npc_TabanthaRoad_AncientAssistant,Juga
Npc_TabanthaRoad_AncientAssistant_SnowfieldHatago,Juga
Npc_TamourHatago004,Hoz
Npc_TripMaster_00,Beedle
Npc_TripMaster_01,Beedle
Npc_TripMaster_02,Beedle
Npc_TripMaster_03,Beedle
Npc_TripMaster_04,Beedle
Npc_TripMaster_05,Beedle
Npc_TripMaster_07,Beedle
Npc_TripMaster_08,Beedle
Npc_TripMaster_09,Beedle
Npc_TripMaster_10,Beedle
Npc_TripMaster_11,Beedle
Npc_TripMaster_12,Beedle
Npc_TripMaster_13,Beedle
Npc_TripMaster_14,Beedle
Npc_Tulin_Sage,Tulin
Npc_UMiiVillage031,Hudson
Npc_UMiiVillage033,Mattison
Npc_UMiiVillage033_Gerudo,Mattison
Npc_ValleyVillage010,Teba
Npc_VolcanicRoad_AncientAssistant,Bissi
Npc_VolcanicRoad_AncientAssistant_StableHostel,Bissi
Npc_Wanderer,Impa
Npc_Wanderer_Dungeon046,Impa
Npc_Wanderer_GerudoVillage,Impa
Npc_Wanderer_GoronCity,Impa
Npc_Wanderer_GP06,Impa
Npc_Wanderer_Kakariko,Impa
Npc_Wanderer_LostTemple,Impa
Npc_Wanderer_RitoVillage,Impa
Npc_Wanderer_Zora,Impa
Npc_Zelda_Black_Chase,MsgNotFound
Npc_Zelda_Black_Event,MsgNotFound
Npc_Zelda_Opening,Zelda
Npc_Zelda_Torch,MsgNotFound
Npc_Zonau_Golem_Servant_FirstIsland_00,Steward Construct
Npc_Zonau_Golem_Servant_FirstIsland_01,MsgNotFound
Npc_Zonau_Golem_Servant_FirstIsland_02,Ranger Construct
Npc_Zonau_Golem_Servant_FirstIsland_03,Culinary Construct
Npc_Zonau_Golem_Servant_FirstIsland_04,Ranger Construct
Npc_Zonau_Golem_Servant_FirstIsland_06,Maker Construct
Npc_Zonau_Golem_Servant_FirstIsland_07,Maker Construct
Npc_Zonau_Golem_Servant_FirstIsland_08,Mining Construct
Npc_Zonau_Golem_Servant_FirstIsland_09,MsgNotFound
Npc_Zonau_Golem_Servant_FirstIsland_10,Steward Construct
Npc_Zonau_Golem_Servant_FirstIsland_11,Steward Construct
Npc_Zonau_Golem_Servant_FirstIsland_12,Maker Construct
Npc_Zonau_Golem_Servant_FirstIsland_13,Maker Construct
Npc_Zonau_Golem_Servant_FirstIsland_14,Maker Construct
Npc_Zonau_Golem_Servant_FirstIsland_15,Mining Construct
Npc_Zonau_Golem_Servant_FirstIsland_16,Mining Construct
Npc_Zonau_Golem_Servant_FirstIsland_17,Ranger Construct
Npc_Zonau_Golem_Servant_FirstIsland_18,Maker Construct
Npc_Zonau_Golem_Servant_FirstIsland_19,Steward Construct
Npc_Zonau_Golem_Servant_FirstIsland_20,Steward Construct
Npc_Zonau_Golem_Servant_FirstIsland_21,Forge Construct
Npc_Zonau_Golem_Servant_FirstIsland_23,Maker Construct
Npc_Zonau_Golem_Servant_MainField0001,Steward Construct
Npc_Zonau_Golem_Servant_Minus0001,Steward Construct
Npc_Zonau_Golem_Servant_Minus0002,Steward Construct
Npc_Zonau_Golem_Servant_Minus0003,Steward Construct
Npc_Zonau_Golem_Servant_Minus0004,Steward Construct
Npc_Zonau_Golem_Servant_Minus0005,Steward Construct
Npc_Zonau_Golem_Servant_Minus0006,Steward Construct
Npc_Zonau_Golem_Servant_Minus0007,Steward Construct
Npc_Zonau_Golem_Servant_Minus0008,Steward Construct
Npc_Zonau_Golem_Servant_Minus0009,Steward Construct
Npc_Zonau_Golem_Servant_Minus0010,Steward Construct
Npc_Zonau_Golem_Servant_Minus0012,Forge Construct
Npc_Zonau_Golem_Servant_Minus0013,Forge Construct
Npc_Zonau_Golem_Servant_Minus0014,Forge Construct
Npc_Zonau_Golem_Servant_Minus0015,Forge Construct
Npc_Zonau_Golem_Servant_Minus0016,Forge Construct
Npc_Zonau_Golem_Servant_Minus0017,Forge Construct
Npc_Zonau_Golem_Servant_Minus0018,Forge Construct
Npc_Zonau_Golem_Servant_Minus0019,Forge Construct
Npc_Zonau_Golem_Servant_Minus0020,Forge Construct
Npc_Zonau_Golem_Servant_Minus0021,Steward Construct
Npc_Zonau_Golem_Servant_Minus0022,Steward Construct
Npc_Zonau_Golem_Servant_Minus0024,Steward Construct
Npc_Zonau_Golem_Servant_Minus0025,Steward Construct
Npc_Zonau_Golem_Servant_Minus0026,Forge Construct
Npc_Zonau_Golem_Servant_Shrine_00,Steward Construct
Npc_Zonau_Golem_Servant_Shrine_01,Steward Construct
Npc_Zonau_Golem_Servant_SkyIsland0001,Steward Construct
Npc_Zonau_Golem_Servant_SkyIsland0002,Steward Construct
Npc_Zonau_Golem_Servant_SkyIsland0003,Steward Construct
Npc_Zonau_Golem_Servant_ZonauChallenge_00,Caretaker Construct
Npc_Zonau_Golem_Servant_ZonauChallenge_01,Smithing Construct
Npc_Zonau_Golem_Servant_ZonauChallenge_02,Mining Construct
Npc_Zonau_RaumiGolem,Mineru
Npc_Zora001,Tottika
Npc_Zora001_Venom,Tottika
Npc_Zora002,Cleff
Npc_Zora003,Dorephan
Npc_Zora003_Venom,Dorephan
Npc_Zora004,Muzu
Npc_Zora006,Fronk
Npc_Zora006_Cleaning,Fronk
Npc_Zora010,Mei
Npc_Zora010_SkyField,Mei
Npc_Zora013,Ledo
Npc_Zora013_01,Ledo
Npc_Zora013_Cleaning,Ledo
Npc_Zora014,Seggin
Npc_Zora020,Kayden
Npc_Zora025,Tona
Npc_Zora025_Venom,Tona
Npc_Zora026,Finley
Npc_Zora028,Tula
Npc_Zora029,Gruve
Npc_Zora031,Rivan
Npc_Zora032,Bazz
Npc_Zora032_Venom,Bazz
Npc_Zora034,Gaddison
Npc_Zora036,Torfeau
Npc_Zora037,Dunma
Npc_ZoraB001,Sidon
Npc_ZoraB001_Around,Sidon
Npc_ZoraFencer,Yona
Npc_Zora_Attendant001,Chroma
Npc_Zora_Attendant002,Khira
Npc_Zora_NewFaceSoldier002,Pinoa
Npc_Zora_NewFaceSoldier002_Venom,Pinoa
Npc_Zora_Prince_Sage,Sidon
Obj_Album,MsgNotFound
Obj_AmiiboItem,amiibo
Obj_ArrowBundle_A_01,Arrow x 5
Obj_ArrowBundle_A_02,Arrow x 10
Obj_ArrowNormal_A_01,Arrow
Obj_AutoBuilder,Autobuild
Obj_BoxIron_A_M_01,MsgNotFound
Obj_BoxIron_B_2x2x2_01,MsgNotFound
Obj_BoxIron_MtDeath,MsgNotFound
Obj_Camera,Camera
Obj_CaravanWagon_A_01,MsgNotFound
Obj_Cushion,Ruby Circlet
Obj_DiaryAssassin_A_01,Yiga Clan Journal
Obj_DiaryAssassin_A_02,Yiga Clan Journal
Obj_DiaryAssassin_A_03,Yiga Clan Journal
Obj_DiaryAssassin_A_05,Yiga Clan Journal
Obj_DiaryTamul_A_01,Purah's Diary
Obj_DiaryTamul_A_06,Purah's Diary
Obj_DiaryTamul_A_07,Purah's Diary
Obj_DiaryTamul_A_08,Purah's Diary
Obj_DRStone_Get,Purah Pad
Obj_DungeonClearSeal,Light of Blessing
Obj_FireWoodBundle,Wood
Obj_GerudoUndergroundStatueHead_A_01,Monument to Seven Heroines
Obj_Hateno_MessageBook,Ralera's Letter
Obj_Head_024,Diamond Circlet
Obj_Head_025,Ruby Circlet
Obj_Head_026,Sapphire Circlet
Obj_Head_027,Topaz Earrings
Obj_Head_028,Opal Earrings
Obj_Head_029,Amber Earrings
Obj_HeartUtuwa_A_01,Heart Container
Obj_KorokNuts,Korok Seed
Obj_LiftRockEldin_A_01,MsgNotFound
Obj_LiftRockEldin_Korok_A_01,MsgNotFound
Obj_LiftRockGerudo_A_01,MsgNotFound
Obj_LiftRockGerudo_Korok_A_01,MsgNotFound
Obj_LiftRockWhite_A_01,MsgNotFound
Obj_LiftRockWhite_Korok_A_01,MsgNotFound
Obj_LinkHouse_A_01,Furnished Square Room
Obj_LinkHouse_B_01,Blessing Room
Obj_LinkHouse_C_01,Bedroom
Obj_LinkHouse_D_01,Weapon Stand Room
Obj_LinkHouse_E_01,Bow Stand Room
Obj_LinkHouse_F_01,Shield Stand Room
Obj_LinkHouse_G_01,Kitchen
Obj_LinkHouse_H_01,Gallery
Obj_LinkHouse_I_01,Outdoor Stairs
Obj_LinkHouse_J_01,Indoor Stairs
Obj_LinkHouse_K_01,Garden Pond
Obj_LinkHouse_L_01,Flower Bed
Obj_LinkHouse_M_01,Paddock
Obj_LinkHouse_N_01,Foyer
Obj_LinkHouse_O_01,Angled Room
Obj_LinkHouse_P_01,Furnished Angled Room
Obj_LinkHouse_Q_01,Study
Obj_LinkHouse_R_01,Square Room
Obj_MeatRock_Miasma_A_02,MsgNotFound
Obj_MineralBury_A_01,Ore Deposit
Obj_Mineral_A_01,Ore Deposit
Obj_Mineral_B_01,Rare Ore Deposit
Obj_Mineral_B_02,Rare Ore Deposit
Obj_Mineral_C_01,Luminous Stone Deposit
Obj_Mineral_D_01,Zonaite Deposit
Obj_Notepad_Assassin_A_01,Yiga Clan Notebook
Obj_Notepad_Assassin_A_02,Tattered Notebook
Obj_Notepad_Tips_A_01,Note on the Table
Obj_Notepad_Tips_A_02,Note on the Table
Obj_Notepad_Tips_A_03,Note on the Table
Obj_Notepad_Tips_A_04,Note on the Table
Obj_OneTouchBond,Fuse
Obj_PictureBook,Hyrule Compendium
Obj_ProofKorok,Hestu's Gift
Obj_ReverseRecorder,Recall
Obj_SageWill,Sage's Will
Obj_SheikerWakkaCharm_A_01,Ring Garland
Obj_SheikerWakkaCharm_A_02,Ring Garland
Obj_SheikerWakkaCharm_A_03,Ring Garland
Obj_SpikeBall_B,MsgNotFound
Obj_SpikeBall_B_Mercenary,MsgNotFound
Obj_StableHostlePointCard,Pony Points Card
Obj_StaminaUtuwa_A_01,Stamina Vessel
Obj_SubstituteCloth_00,Goron Fabric
Obj_SubstituteCloth_01,Zora Fabric
Obj_SubstituteCloth_02,Gerudo Fabric
Obj_SubstituteCloth_03,Royal Hyrulean Fabric
Obj_SubstituteCloth_04,Zonai Fabric
Obj_SubstituteCloth_05,Sheikah Fabric
Obj_SubstituteCloth_06,Yiga Fabric
Obj_SubstituteCloth_07,Monster-Control-Crew Fabric
Obj_SubstituteCloth_08,Zonai Survey Team Fabric
Obj_SubstituteCloth_09,Horse-God Fabric
Obj_SubstituteCloth_10,Lurelin Village Fabric
Obj_SubstituteCloth_11,Lucky Clover Gazette Fabric
Obj_SubstituteCloth_12,Hudson Construction Fabric
Obj_SubstituteCloth_13,Koltin's Fabric
Obj_SubstituteCloth_14,Korok Fabric
Obj_SubstituteCloth_15,Grizzlemaw-Bear Fabric
Obj_SubstituteCloth_16,Robbie's Fabric
Obj_SubstituteCloth_17,Cece Fabric
Obj_SubstituteCloth_18,Aerocuda Fabric
Obj_SubstituteCloth_19,Eldin-Ostrich Fabric
Obj_SubstituteCloth_20,Cucco Fabric
Obj_SubstituteCloth_21,Horse Fabric
Obj_SubstituteCloth_22,Chuchu Fabric
Obj_SubstituteCloth_23,Lynel Fabric
Obj_SubstituteCloth_24,Gleeok Fabric
Obj_SubstituteCloth_25,Stalnox Fabric
Obj_SubstituteCloth_26,Tunic of Memories Fabric
Obj_SubstituteCloth_27,Hylian-Hood Fabric
Obj_SubstituteCloth_28,Hyrule-Princess Fabric
Obj_SubstituteCloth_29,Goron-Champion Fabric
Obj_SubstituteCloth_30,Rito-Champion Fabric
Obj_SubstituteCloth_31,Zora-Champion Fabric
Obj_SubstituteCloth_32,Gerudo-Champion Fabric
Obj_SubstituteCloth_33,Ancient-Sheikah Fabric
Obj_SubstituteCloth_34,Bokoblin Fabric
Obj_SubstituteCloth_35,Demon King Fabric
Obj_SubstituteCloth_36,King of Red Lions Fabric
Obj_SubstituteCloth_37,Sheik Fabric
Obj_SubstituteCloth_38,Mirror of Twilight Fabric
Obj_SubstituteCloth_39,Princess of Twilight Fabric
Obj_SubstituteCloth_40,Lon Lon Ranch Fabric
Obj_SubstituteCloth_41,Majora's Mask Fabric
Obj_SubstituteCloth_43,Bygone-Royal Fabric
Obj_SubstituteCloth_45,Sword-Spirit Fabric
Obj_SubstituteCloth_46,Pixel Fabric
Obj_SubstituteCloth_48,Egg Fabric
Obj_SubstituteCloth_49,Goddess Fabric
Obj_SubstituteCloth_51,Champion's Leathers Fabric
Obj_SubstituteCloth_52,Princess Zelda Fabric
Obj_SubstituteCloth_53,Gerudo-King Fabric
Obj_SubstituteCloth_55,Nostalgic Fabric
Obj_SubstituteCloth_56,Addison's Fabric
Obj_SubstituteCloth_Default,Ordinary Fabric
Obj_Tooreroof,Ascend
Obj_TreeCherry_A_01,Cherry-blossom tree
Obj_TreeCherry_A_01_CentralHyrule,Cherry-blossom tree
Obj_TreeDeadLeaf_Assassin_00,MsgNotFound
Obj_TreeDeadLeaf_Assassin_01,MsgNotFound
Obj_TreeDeadLeaf_Assassin_02,MsgNotFound
Obj_TreeDeadLeaf_Assassin_03,MsgNotFound
Obj_TreeDeadLeaf_Assassin_04,MsgNotFound
Obj_TreeDeadLeaf_Assassin_05,MsgNotFound
Obj_TreeSkyBroadleaf_A_L_Trunk,MsgNotFound
Obj_TreeSkyBroadleaf_A_L_Trunk_Aligned,MsgNotFound
Obj_TreeSkyBroadleaf_A_L_Trunk_NoDamage,MsgNotFound
Obj_TreeWhiteWood_A_01_ForAttachment,MsgNotFound
Obj_UltraHand,Ultrahand
Obj_Village_IchikaraEnokidaCutout_A_01,President Hudson Cutout
Obj_Village_IchikaraEnokidaCutout_A_02,President Hudson Cutout
Obj_Warp,MsgNotFound
Obj_WarpDLC,Travel Medallion
Obj_WarpDLC_Prototype,Travel Medallion Prototype
Obj_Zonau_RockRelief_A_03,Tablet in ancient Hyrulean
Obj_Zonau_RockRelief_A_04,Tablet in ancient Hyrulean
Obj_Zonau_RockRelief_A_05,Tablet in ancient Hyrulean
Obj_Zonau_RockRelief_A_06,Tablet in ancient Hyrulean
Obj_Zonau_RockRelief_A_07,Tablet in ancient Hyrulean
Obj_Zonau_RockRelief_A_08,Tablet in ancient Hyrulean
Obj_Zonau_RockRelief_A_09,Tablet in ancient Hyrulean
Obj_Zonau_RockRelief_A_10,Tablet in ancient Hyrulean
Obj_Zonau_RockRelief_A_11,Tablet in ancient Hyrulean
Obj_Zonau_RockRelief_A_12,Tablet in ancient Hyrulean
Obj_Zonau_RockRelief_A_13,Tablet in ancient Hyrulean
Obj_Zonau_RockRelief_A_14,Tablet in ancient Hyrulean
Parasail,Paraglider
Parasail_Event,Paraglider
PhotographTarget,MsgNotFound
PlayerRaulHand,MsgNotFound
PutRupee,Green Rupee
PutRupee_Blue,Blue Rupee
PutRupee_Gold,Gold Rupee
PutRupee_Purple,Purple Rupee
PutRupee_Red,Red Rupee
PutRupee_Silver,Silver Rupee
RaumiGolem_Parts_Head,MsgNotFound
RaumiGolem_Parts_Head_A,MsgNotFound
RaumiGolem_Parts_Head_B,MsgNotFound
RBox_Field_A,MsgNotFound
RBox_Field_B,MsgNotFound
RBox_Field_C,MsgNotFound
RBox_Field_D,MsgNotFound
RBox_Field_D_02,MsgNotFound
RBox_Field_E,MsgNotFound
RBox_Field_E_02,MsgNotFound
RBox_Field_F,MsgNotFound
RBox_Field_F_02,MsgNotFound
RBox_Field_G,MsgNotFound
RBox_Field_G_02,MsgNotFound
RBox_Field_H,MsgNotFound
RBox_Field_H_02,MsgNotFound
RBox_Field_I,MsgNotFound
RBox_Field_I_02,MsgNotFound
RBox_Field_J,MsgNotFound
RBox_Field_J_02,MsgNotFound
RBox_Field_K,MsgNotFound
RBox_Field_K_02,MsgNotFound
RBox_Field_K_03,MsgNotFound
RBox_Field_L,MsgNotFound
RBox_Field_L_02,MsgNotFound
RBox_Field_M,MsgNotFound
RBox_Field_M_02,MsgNotFound
RBox_Field_N,MsgNotFound
RBox_Field_P,MsgNotFound
RBox_Field_Q,MsgNotFound
RBox_Field_R,MsgNotFound
RBox_Field_R_02,MsgNotFound
RBox_Field_S,MsgNotFound
RBox_Field_T,MsgNotFound
Sage_NormalArrow,Arrow
Sage_Soul_Gerudo,Riju
Sage_Soul_Goron,Yunobo
Sage_Soul_Rito,Tulin
Sage_Soul_Zonau,Mineru
Sage_Soul_Zora,Sidon
SkyObj_GoddesStatue_A_01,Great Goddess Statue
SkyObj_StoneRectangle_B_LL_01,MsgNotFound
SkyObj_Zonau_RockRelief_A_01,Ring Ruins stone slab
SmokeFruit,Puffshroom
SmokeFuit_Static,Puffshroom
SnowfieldHatago_PhotographTarget,Bird with outstretched wings
SoulSage_NormalArrow,Arrow
SpObj_BalloonEnvelope_A_01,Balloon
SpObj_BalloonEnvelope_A_03,Balloon
SpObj_BalloonEnvelope_A_04,Balloon
SpObj_BalloonEnvelope_A_05,Balloon
SpObj_BalloonEnvelope_A_06,Balloon
SpObj_BalloonEnvelope_Capsule_A_01,Balloon
SpObj_Beamos_A_01,Beam Emitter
SpObj_Beamos_Capsule_A_01,Beam Emitter
SpObj_Cannon_A_01,Cannon
SpObj_Cannon_Capsule_A_01,Cannon
SpObj_Cart_A_01,Cart
SpObj_Cart_Capsule_A_01,Cart
SpObj_Chaser_A_01,Homing Cart
SpObj_Chaser_Capsule_A_01,Homing Cart
SpObj_ControlStick_A_01,Steering Stick
SpObj_ControlStick_A_02,Steering Stick
SpObj_ControlStick_A_03,Steering Stick
SpObj_ControlStick_Capsule_A_01,Steering Stick
SpObj_CookSetOnFire_A_01,Portable Pot
SpObj_CookSet_Capsule_A_01,Portable Pot
SpObj_ElectricBoxGenerator,Shock Emitter
SpObj_ElectricBoxGenerator_Capsule_A_01,Shock Emitter
SpObj_EnergyBank_A_01,Battery
SpObj_EnergyBank_A_02,Big Battery
SpObj_EnergyBank_Capsule_A_01,Battery
SpObj_EnergyBank_Capsule_A_02,Big Battery
SpObj_FastWheel_A_01,Small Wheel
SpObj_FastWheel_Capsule_A_01,Small Wheel
SpObj_FastWheel_Capsule_B_01,Big Wheel
SpObj_FlameThrower_A_01,Flame Emitter
SpObj_FlameThrower_Capsule_A_01,Flame Emitter
SpObj_FlashLight_A_01,Light
SpObj_FlashLight_A_02,Light
SpObj_FlashLight_Capsule_A_01,Light
SpObj_FloatingStone_A_01,Hover Stone
SpObj_FloatingStone_Capsule_A_01,Hover Stone
SpObj_GolemHead_A_01,Construct Head
SpObj_GolemHead_Capsule_A_01,Construct Head
SpObj_LiftableWaterPump_Capsule_A_01,Hydrant
SpObj_LiftGeneratorWing_A_01,Wing
SpObj_LiftGeneratorWing_A_01_MiniGame,Wing
SpObj_LiftGeneratorWing_Capsule_A_01,Wing
SpObj_LightMirror_A_01,Mirror
SpObj_LightMirror_Capsule_A_01,Mirror
SpObj_Pile_A_01,Stake
SpObj_Pile_Capsule_A_01,Stake
SpObj_Rocket_A_01,Rocket
SpObj_Rocket_Capsule_A_01,Rocket
SpObj_SlipBoard_A_01,Sled
SpObj_SlipBoard_Capsule_A_01,Sled
SpObj_SnowMachine_A_01,Frost Emitter
SpObj_SnowMachine_Capsule_A_01,Frost Emitter
SpObj_SpringPiston_A_01,Spring
SpObj_SpringPiston_Capsule_A_01,Spring
SpObj_SwitchWheel_B_01,Big Wheel
SpObj_TiltingDoll_A_01,Stabilizer
SpObj_TiltingDoll_Capsule_A_01,Stabilizer
SpObj_TimerBomb_A_01,Time Bomb
SpObj_TimerBomb_Capsule_A_01,Time Bomb
SpObj_WaterPump_A_01,Hydrant
SpObj_WindGenerator_A_01,Fan
SpObj_WindGenerator_A_03,Fan
SpObj_WindGenerator_Capsule_A_01,Fan
subchallnpc000,Domidak
subchallnpc000_DuelPeak,Domidak
subchallnpc000_twin,Prissen
subchallnpc000_twin_DuelPeak,Prissen
TabanthaBridgeHatago_PhotographTarget,Ancient Columns at sunrise
TBox_Dungeon_Iron,Treasure Chest
TBox_Dungeon_Iron_Opened,Treasure Chest
TBox_Dungeon_Stone,Treasure Chest
TBox_Dungeon_Wood,Treasure Chest
TBox_Dungeon_Wood_Opened,Treasure Chest
TBox_Field_Enemy,Treasure Chest
TBox_Field_Enemy_Assassin,Treasure Chest
TBox_Field_Enemy_Miasma,Treasure Chest
TBox_Field_Enemy_Zonau,Treasure Chest
TBox_Field_Gamble,Treasure Chest
TBox_Field_Iron,Treasure Chest
TBox_Field_Iron_NoReaction,Treasure Chest
TBox_Field_Iron_Opened,Treasure Chest
TBox_Field_Iron_Sandworm,Treasure Chest
TBox_Field_Iron_Zonau,Treasure Chest
TBox_Field_Iron_Zonau_Opened,Treasure Chest
TBox_Field_Iron_Zonau_Zonau_BlockMaster,Treasure Chest
TBox_Field_Stone,Treasure Chest
TBox_Field_Stone_CanNotOpen,Treasure Chest
TBox_Field_Stone_NoReaction,Treasure Chest
TBox_Field_Stone_Zonau,Treasure Chest
TBox_Field_Stone_Zonau_NoDelete,Treasure Chest
TBox_Field_Wood,Treasure Chest
TBox_Field_Wood_For_Enemy_Carrier,Treasure Chest
TBox_Field_Wood_Liftable_CreateToby,Treasure Chest
TBox_Field_Wood_Opened,Treasure Chest
TBox_Field_Wood_Zonau,Treasure Chest
TBox_Field_Wood_Zonau_Opened,Treasure Chest
TwnObj_DemonStatue_A_01,Horned Statue
TwnObj_FairySpringClose_A_01,Great Fairy Cotera
TwnObj_FairySpringClose_B_01,Great Fairy Kaysa
TwnObj_FairySpringClose_C_01,Great Fairy Mija
TwnObj_FairySpringClose_D_01,Great Fairy Tera
TwnObj_FairySpringClose_E_01,Malanya
TwnObj_GerudoDollBlue_A_02,Blue-Seal Toy
TwnObj_GerudoDollBlue_A_02_CollectObject,Blue-Seal Toy
TwnObj_GerudoDollGreen_A_02,Green-Seal Toy
TwnObj_GerudoDollSmallGreen_A_01,Green-Seal Toy
TwnObj_GerudoDollSmallGreen_A_01_CollectObject,Green-Seal Toy
TwnObj_GerudoDollSmallGreen_A_01_FindSunaNui,Green-Seal Toy
TwnObj_GerudoDollSmallRed_A_01,Red-Seal Toy
TwnObj_GerudoDollSmallRed_A_01_CollectObject,Red-Seal Toy
TwnObj_GerudoUndergroundStatue_A_02,Monument to Seven Heroines
TwnObj_GerudoUndergroundStatue_A_05,MsgNotFound
TwnObj_GerudoUndergroundStatue_A_06,Monument to Seven Heroines
TwnObj_GerudoUndergroundStatue_A_10,Monument to Seven Heroines
TwnObj_GoddesStatue_A_01,Temple of Time Statue
TwnObj_GoddesStatue_Courage_A_10,Spring of Courage Statue
TwnObj_GoddesStatue_Power_A_10,Spring of Power Statue
TwnObj_GoddesStatue_Wisdom_A_10,Spring of Wisdom Statue
TwnObj_HyruleCastle_Bell_A_01,MsgNotFound
TwnObj_SuperGoddesStatue_A_01,Forgotten Temple Statue
TwnObj_SuperGoddesStatue_Down_A_01,Forgotten Temple Statue
TwnObj_Village_Fishing_Boat_A_02,Boat
TwnObj_Village_Fishing_Boat_A_02_ForAttachment,Boat
TwnObj_Village_HatenoBell_A_01,MsgNotFound
TwnObj_Village_IchikaraSpring_A_02,Unity Bell
TwnObj_Village_Korok_DekuTree_A_01,Great Deku Tree
TwnObj_Village_Korok_DekuTree_A_01_Far,Great Deku Tree
TwnObj_Village_SheikerZeldaTradition,Screen depicting the Calamity
WaterFruit,Splash Fruit
Weapon_Base,MsgNotFound
Weapon_Bow_001,Traveler's Bow
Weapon_Bow_002,Soldier’s Bow
Weapon_Bow_003,Spiked Boko Bow
Weapon_Bow_004,Boko Bow
Weapon_Bow_006,Lizal Bow
Weapon_Bow_009,Lynel Bow
Weapon_Bow_011,Strengthened Lizal Bow
Weapon_Bow_013,Forest Dweller's Bow
Weapon_Bow_014,Zora Bow
Weapon_Bow_015,Gerudo Bow
Weapon_Bow_016,Swallow Bow
Weapon_Bow_016_Event,Swallow Bow
Weapon_Bow_017,Falcon Bow
Weapon_Bow_026,Mighty Lynel Bow
Weapon_Bow_027,Dragonbone Boko Bow
Weapon_Bow_028,Great Eagle Bow
Weapon_Bow_029,Phrenic Bow
Weapon_Bow_030,Steel Lizal Bow
Weapon_Bow_032,Savage Lynel Bow
Weapon_Bow_033,Royal Guard's Bow
Weapon_Bow_035,Knight's Bow
Weapon_Bow_036,Royal Bow
Weapon_Bow_038,Wooden Bow
Weapon_Bow_040,Duplex Bow
Weapon_Bow_072,Dusk Bow
Weapon_Bow_101,Zonaite Bow
Weapon_Bow_104,Construct Bow
Weapon_Bow_105,Strong Construct Bow
Weapon_Bow_106,Mighty Construct Bow
Weapon_Bow_107,Old Wooden Bow
Weapon_Bow_116,Swallow Bow
Weapon_Bow_128,Great Eagle Bow
Weapon_Bow_129,Great Eagle Bow
Weapon_Bow_166,Demon King's Bow
Weapon_Bow_166_For_Ganondorf,Demon King's Bow
Weapon_DungeonBossZonau,MsgNotFound
Weapon_Goron_Knuckle,MsgNotFound
Weapon_Lsword_001,Traveler's Claymore✨
Weapon_Lsword_002,Soldier's Claymore✨
Weapon_Lsword_003,Knight's Claymore✨
Weapon_Lsword_019,Moblin Arm
Weapon_Lsword_020,Rusty Claymore
Weapon_Lsword_024,Royal Claymore✨
Weapon_Lsword_027,Zora Longsword✨
Weapon_Lsword_029,Gerudo Claymore✨
Weapon_Lsword_036,Cobble Crusher✨
Weapon_Lsword_038,Boat Oar
Weapon_Lsword_041,Eightfold Longblade✨
Weapon_Lsword_045,Farming Hoe
Weapon_Lsword_047,Royal Guard's Claymore✨
Weapon_Lsword_051,Giant Boomerang✨
Weapon_Lsword_054,Boulder Breaker
Weapon_Lsword_057,Dusk Claymore
Weapon_Lsword_059,Biggoron's Sword
Weapon_Lsword_060,Fierce Deity Sword
Weapon_Lsword_101,Zonaite Longsword
Weapon_Lsword_103,Thick Stick
Weapon_Lsword_106,Traveler's Claymore
Weapon_Lsword_108,Sturdy Thick Stick
Weapon_Lsword_109,Gnarled Thick Stick
Weapon_Lsword_112,Soldier's Claymore
Weapon_Lsword_113,Knight's Claymore
Weapon_Lsword_114,Eightfold Longblade
Weapon_Lsword_124,Royal Claymore
Weapon_Lsword_127,Zora Longsword
Weapon_Lsword_129,Gerudo Claymore
Weapon_Lsword_136,Cobble Crusher
Weapon_Lsword_147,Royal Guard's Claymore
Weapon_Lsword_154,Boulder Breaker
Weapon_Lsword_161,Magic Scepter
Weapon_Lsword_163,Strong Zonaite Longsword
Weapon_Lsword_164,Mighty Zonaite Longsword
Weapon_Lsword_166,Gloom Club
Weapon_Lsword_168,Thick Stick
Weapon_Lsword_174,Giant Boomerang
Weapon_Lsword_Base,MsgNotFound
Weapon_Lsword_Bone_Base,MsgNotFound
Weapon_Lsword_Metal_Base,MsgNotFound
Weapon_Lsword_Rod_Base,MsgNotFound
Weapon_Lsword_Wood_Base,MsgNotFound
Weapon_Lsword_Zonau_Base,MsgNotFound
Weapon_RaumiGolem_Left,MsgNotFound
Weapon_RaumiGolem_Right,MsgNotFound
Weapon_Shield_001,Wooden Shield
Weapon_Shield_001_NoBurned,Wooden Shield
Weapon_Shield_002,Soldier’s Shield
Weapon_Shield_002_NoBurned,Soldier’s Shield
Weapon_Shield_003,Knight's Shield
Weapon_Shield_004,Boko Shield
Weapon_Shield_005,Spiked Boko Shield
Weapon_Shield_006,Dragonbone Boko Shield
Weapon_Shield_007,Lizal Shield
Weapon_Shield_008,Reinforced Lizal Shield
Weapon_Shield_009,Steel Lizal Shield
Weapon_Shield_016,Lynel Shield
Weapon_Shield_017,Mighty Lynel Shield
Weapon_Shield_018,Savage Lynel Shield
Weapon_Shield_021,Rusty Shield
Weapon_Shield_022,Royal Shield
Weapon_Shield_023,Forest Dweller's Shield
Weapon_Shield_025,Zora Shield
Weapon_Shield_026,Gerudo Shield
Weapon_Shield_030,Hylian Shield
Weapon_Shield_031,Hunter's Shield
Weapon_Shield_031_NoBurned,Hunter's Shield
Weapon_Shield_032,Fisherman's Shield
Weapon_Shield_032_NoBurned,Fisherman's Shield
Weapon_Shield_033,Royal Guard's Shield
Weapon_Shield_034,Emblazoned Shield
Weapon_Shield_034_NoBurned,Emblazoned Shield
Weapon_Shield_035,Traveler's Shield
Weapon_Shield_035_NoBurned,Traveler's Shield
Weapon_Shield_036,Radiant Shield
Weapon_Shield_037,Daybreaker
Weapon_Shield_040,Pot Lid
Weapon_Shield_041,Shield of the Mind's Eye
Weapon_Shield_042,Kite Shield
Weapon_Shield_042_NoBurned,Kite Shield
Weapon_Shield_057,Sea-Breeze Shield
Weapon_Shield_101,Zonaite Shield
Weapon_Shield_102,Strong Zonaite Shield
Weapon_Shield_103,Mighty Zonaite Shield
Weapon_Shield_107,Old Wooden Shield
Weapon_Spear_001,Traveler's Spear✨
Weapon_Spear_002,Soldier's Spear✨
Weapon_Spear_003,Knight's Halberd✨
Weapon_Spear_021,Rusty Halberd
Weapon_Spear_022,Farmer's Pitchfork
Weapon_Spear_024,Royal Halberd✨
Weapon_Spear_025,Forest Dweller's Spear✨
Weapon_Spear_027,Zora Spear✨
Weapon_Spear_029,Gerudo Spear✨
Weapon_Spear_030,Throwing Spear✨
Weapon_Spear_032,Feathered Spear✨
Weapon_Spear_036,Wooden Mop
Weapon_Spear_036_MercenarySoldier,Wooden Mop
Weapon_Spear_038,Fishing Harpoon
Weapon_Spear_047,Royal Guard's Spear✨
Weapon_Spear_050,Lightscale Trident
Weapon_Spear_101,Zonaite Spear
Weapon_Spear_103,Long Stick
Weapon_Spear_106,Traveler's Spear
Weapon_Spear_108,Sturdy Long Stick
Weapon_Spear_109,Gnarled Long Stick
Weapon_Spear_112,Soldier's Spear
Weapon_Spear_113,Knight's Halberd
Weapon_Spear_124,Royal Halberd
Weapon_Spear_125,Forest Dweller's Spear
Weapon_Spear_127,Zora Spear
Weapon_Spear_129,Gerudo Spear
Weapon_Spear_132,Feathered Spear
Weapon_Spear_147,Royal Guard's Spear
Weapon_Spear_150,Lightscale Trident
Weapon_Spear_161,Magic Staff
Weapon_Spear_163,Strong Zonaite Spear
Weapon_Spear_164,Mighty Zonaite Spear
Weapon_Spear_166,Gloom Spear
Weapon_Spear_168,Long Stick
Weapon_Spear_173,Throwing Spear
Weapon_Spear_Base,MsgNotFound
Weapon_Spear_Metal_Base,MsgNotFound
Weapon_Spear_Rod_Base,MsgNotFound
Weapon_Spear_Wood_Base,MsgNotFound
Weapon_Spear_Zonau_Base,MsgNotFound
Weapon_Sword_001,Traveler's Sword✨
Weapon_Sword_002,Soldier's Broadsword✨
Weapon_Sword_003,Knight's Broadsword✨
Weapon_Sword_019,Bokoblin Arm
Weapon_Sword_020,Lizalfos Arm
Weapon_Sword_021,Rusty Broadsword
Weapon_Sword_022,Soup Ladle
Weapon_Sword_024,Royal Broadsword✨
Weapon_Sword_025,Forest Dweller's Sword✨
Weapon_Sword_027,Zora Sword✨
Weapon_Sword_029,Gerudo Scimitar✨
Weapon_Sword_031,Feathered Edge✨
Weapon_Sword_041,Eightfold Blade✨
Weapon_Sword_043,Torch
Weapon_Sword_043_SetFire,MsgNotFound
Weapon_Sword_044,Tree Branch
Weapon_Sword_047,Royal Guard's Sword✨
Weapon_Sword_051,Boomerang✨
Weapon_Sword_052,Scimitar of the Seven
Weapon_Sword_057,White Sword of the Sky
Weapon_Sword_058,Sword of the Hero
Weapon_Sword_059,Sea-Breeze Boomerang
Weapon_Sword_070,Master Sword
Weapon_Sword_070_Broken,Decayed Master Sword
Weapon_Sword_070_ForGrabEvent,Master Sword
Weapon_Sword_071,Master Sword
Weapon_Sword_071_Broken,Master Sword
Weapon_Sword_077,MsgNotFound
Weapon_Sword_101,Zonaite Sword
Weapon_Sword_103,Wooden Stick
Weapon_Sword_105,Boomerang
Weapon_Sword_106,Traveler's Sword
Weapon_Sword_107,Lizal Boomerang
Weapon_Sword_108,Sturdy Wooden Stick
Weapon_Sword_109,Gnarled Wooden Stick
Weapon_Sword_112,Soldier's Broadsword
Weapon_Sword_113,Knight's Broadsword
Weapon_Sword_114,Eightfold Blade
Weapon_Sword_124,Royal Broadsword
Weapon_Sword_125,Forest Dweller's Sword
Weapon_Sword_127,Zora Sword
Weapon_Sword_129,Gerudo Scimitar
Weapon_Sword_131,Feathered Edge
Weapon_Sword_147,Royal Guard's Sword
Weapon_Sword_152_Main,Scimitar of the Seven
Weapon_Sword_152_Sub,Scimitar of the Seven
Weapon_Sword_161,Magic Rod
Weapon_Sword_163,Strong Zonaite Sword
Weapon_Sword_164,Mighty Zonaite Sword
Weapon_Sword_166,Gloom Sword
Weapon_Sword_167,Tree Branch
Weapon_Sword_168,Wooden Stick
Weapon_Sword_Base,MsgNotFound
Weapon_Sword_Bone_Base,MsgNotFound
Weapon_Sword_Metal_Base,MsgNotFound
Weapon_Sword_Rod_Base,MsgNotFound
Weapon_Sword_Wood_Base,MsgNotFound
Weapon_Sword_Zonau_Base,MsgNotFound
ZoraStatue_Picture_PhotographTarget,Moonlit Mipha statue