Shop ActorName,NPC ActorName,Shop Name,NPC Name,Location,Required Quest,Currency,Object Map Link,Item,Price,Stock,Item,Price,Stock,Item,Price,Stock,Item,Price,Stock,Item,Price,Stock,Item,Price,Stock,Item,Price,Stock,Item,Price,Stock,Item,Price,Stock,Item,Price,Stock,Item,Price,Stock,Item,Price,Stock,Item,Price,Stock,Item,Price,Stock,Item,Price,Stock,Item,Price,Stock,Item,Price,Stock,Item,Price,Stock,Item,Price,Stock,Item,Price,Stock,Item,Price,Stock,Item,Price,Stock,Item,Price,Stock,Item,Price,Stock,Item,Price,Stock,Item,Price,Stock,Item,Price,Stock,Item,Price,Stock,Item,Price,Stock,Item,Price,Stock,Item,Price,Stock,Item,Price,Stock,Item,Price,Stock,Item,Price,Stock,Item,Price,Stock,Item,Price,Stock,Item,Price,Stock,Item,Price,Stock,Item,Price,Stock,Item,Price,Stock,Item,Price,Stock,Item,Price,Stock,Item,Price,Stock,Item,Price,Stock,Item,Price,Stock,Item,Price,Stock,Item,Price,Stock,Item,Price,Stock,Item,Price,Stock,Item,Price,Stock,Item,Price,Stock,Item,Price,Stock,Item,Price,Stock,Item,Price,Stock,Item,Price,Stock,Item,Price,Stock,Item,Price,Stock,Item,Price,Stock,Item,Price,Stock,Item,Price,Stock
ShopGeneral_BaseCamp,Npc_SouthernVillage005,General Store,Mubs,Lookout Landing,-,Rupees,General Store,Arrow x 5,20,5,Apple,12,5,Hylian Rice,12,3,Hyrule Bass,24,3,Fresh Milk / Hateno Cheese,12 / 20,4 / 3,Hylian Hood,70,1,Hylian Tunic,130,1,Hylian Trousers,120,1,Radiant Shirt,800,1,Stealth Chest Guard,700,1,Flamebreaker Armor,700,1,Snowquill Tunic,500,1,,,,,,,,,,,,,,,,,,,,,,,,,,,,,,,,,,,,,,,,,,,,,,,,,,,,,,,,,,,,,,,,,,,,,,,,,,,,,,,,,,,,,,,,,,,,,,,,,,,,,,,,,,,,,,,,,,,,,,,,,,,,,,,,,,,,,,,,,,,,,,,,
ShopArmor_Kakariko,Npc_Kakariko012,Enchanted,Claree,Kakariko Village,-,Rupees,Enchanted,Stealth Mask,500 / 5000,1,Stealth Chest Guard,700 / 5000,1,Stealth Tights,600 / 5000,1,Radiant Mask,800 / 5000,1,Radiant Tights,800 / 5000,1,Radiant Shirt,800 / 5000,1,,,,,,,,,,,,,,,,,,,,,,,,,,,,,,,,,,,,,,,,,,,,,,,,,,,,,,,,,,,,,,,,,,,,,,,,,,,,,,,,,,,,,,,,,,,,,,,,,,,,,,,,,,,,,,,,,,,,,,,,,,,,,,,,,,,,,,,,,,,,,,,,,,,,,,,,,,,,,,,,,,
ShopGeneral_Kakariko,Npc_Kakariko014,High Spirits Produce,Trissa,Kakariko Village,-,Rupees,High Spirits Produce,Swift Carrot,16,12,Fortified Pumpkin,20,3,Bird Egg,12,5,Goat Butter,12,5,,,,,,,,,,,,,,,,,,,,,,,,,,,,,,,,,,,,,,,,,,,,,,,,,,,,,,,,,,,,,,,,,,,,,,,,,,,,,,,,,,,,,,,,,,,,,,,,,,,,,,,,,,,,,,,,,,,,,,,,,,,,,,,,,,,,,,,,,,,,,,,,,,,,,,,,,,,,,,,,,,,,,,,,
ShopGeneral_Kakariko,Npc_Kakariko010,The Curious Quiver,Rola,Kakariko Village,-,Rupees,The Curious Quiver,Arrow x 5,20,2,Arrow,5,10,Aerocuda Wing,24,3,Aerocuda Eyeball,16,3,,,,,,,,,,,,,,,,,,,,,,,,,,,,,,,,,,,,,,,,,,,,,,,,,,,,,,,,,,,,,,,,,,,,,,,,,,,,,,,,,,,,,,,,,,,,,,,,,,,,,,,,,,,,,,,,,,,,,,,,,,,,,,,,,,,,,,,,,,,,,,,,,,,,,,,,,,,,,,,,,,,,,,,,
ShopGeneral_Hateno,Npc_HatenoVillage002,East Wind,Pruce,Hateno Village,-,Rupees,East Wind,Goat Butter,12,5,Hylian Shroom,12,3,Fortified Pumpkin,20,2,Arrow x 5,20,3,Fresh Milk,12,3,Swift Carrot,16,10,Hylian Tomato,16,10,Bird Egg,12,5,Hylian Rice,12,5,Sun Pumpkin,20,2,Hateno Cheese,20,5,,,,,,,,,,,,,,,,,,,,,,,,,,,,,,,,,,,,,,,,,,,,,,,,,,,,,,,,,,,,,,,,,,,,,,,,,,,,,,,,,,,,,,,,,,,,,,,,,,,,,,,,,,,,,,,,,,,,,,,,,,,,,,,,,,,,,,,,,,,,,,,,,,,
ShopArmor_Hateno,Npc_HatenoVillage019,Ventest Clothing Boutique,Sophie,Hateno Village,-,Rupees,Ventest Clothing Boutique,Hylian Hood,70,1,Hylian Tunic,130,1,Hylian Trousers,120,1,Royal Guard Uniform,2200,1,Cece Hat,4000,1,,,,,,,,,,,,,,,,,,,,,,,,,,,,,,,,,,,,,,,,,,,,,,,,,,,,,,,,,,,,,,,,,,,,,,,,,,,,,,,,,,,,,,,,,,,,,,,,,,,,,,,,,,,,,,,,,,,,,,,,,,,,,,,,,,,,,,,,,,,,,,,,,,,,,,,,,,,,,,,,,,,,,
-,Npc_HatenoVillage019_SisterA,Cece,Cece,Hateno Village,The Mayoral Election,Rupees,Cece,Well-Worn Hair Band,20,1,Archaic Tunic,50,1,Archaic Legwear,50,1,Archaic Warm Greaves,80,1,Soldier's Helm,180,1,Soldier's Armor,250,1,Soldier's Greaves,200,1,Climber's Bandanna,800,1,Climbing Gear,700,1,Climbing Boots,600,1,Rubber Helm,4000,1,Rubber Armor,4000,1,Rubber Tights,4000,1,Barbarian Helm,4000,1,Barbarian Armor,4000,1,Barbarian Leg Wraps,4000,1,Glide Mask,4000,1,Glide Shirt,4000,1,Glide Tights,4000,1,Froggy Hood,4000,1,Froggy Sleeve,4000,1,Froggy Leggings,4000,1,Miner's Mask,4000,1,Miner's Top,4000,1,Miner's Trousers,4000,1,Ember Headdress,4000,1,Ember Shirt,4000,1,Ember Trousers,4000,1,Frostbite Headdress,4000,1,Frostbite Shirt,4000,1,Frostbite Trousers,4000,1,Mystic Headpiece,4000,1,Mystic Robe,4000,1,Mystic Trousers,4000,1,Zonaite Helm,4000,1,Zonaite Waistguard,4000,1,Zonaite Shin Guards,4000,1,Bokoblin Mask,4000,1,Moblin Mask,4000,1,Lizalfos Mask,4000,1,Horriblin Mask,4000,1,Lynel Mask,4000,1,Yiga Mask,4000,1,Yiga Armor,4000,1,Yiga Tights,4000,1,Royal Guard Cap,4000,1,Royal Guard Boots,4000,1,Vah Ruta Divine Helm,4000,1,Vah Medoh Divine Helm,4000,1,Vah Rudania Divine Helm,4000,1,Vah Naboris Divine Helm,4000,1,Hylian Shield,3000,1,,,,,,,,,,,,,,,,,,,,,,,,
-,Npc_HatenoVillage025,Koyin,Koyin,Hateno Village,The Mayoral Election,Rupees,Koyin,Hateno Cheese,20,8,,,,,,,,,,,,,,,,,,,,,,,,,,,,,,,,,,,,,,,,,,,,,,,,,,,,,,,,,,,,,,,,,,,,,,,,,,,,,,,,,,,,,,,,,,,,,,,,,,,,,,,,,,,,,,,,,,,,,,,,,,,,,,,,,,,,,,,,,,,,,,,,,,,,,,,,,,,,,,,,,,,,,,,,,,,,,,,,,
-,Obj_HatenoLaboBook_A_01,Compendium Shop,-,Hateno Ancient Tech Lab,Filling Out the Compendium,Rupees,Compendium Shop,Fauna Picture,100,1,Enemy Picture,100,10,Material Picture,100,1,Weapon Picture,100,1,Other Picture,100,1,Elite Enemy Picture,500,1,,,,,,,,,,,,,,,,,,,,,,,,,,,,,,,,,,,,,,,,,,,,,,,,,,,,,,,,,,,,,,,,,,,,,,,,,,,,,,,,,,,,,,,,,,,,,,,,,,,,,,,,,,,,,,,,,,,,,,,,,,,,,,,,,,,,,,,,,,,,,,,,,,,,,,,,,,,,,,,,,,
-,Npc_AncientAssistant003,Dream Home Shop,Grantéson,Link's House,Home on Arrange,Rupees,Dream Home Shop,Angled Room,300,10,Furnished Angled Room,400,10,Square Room,350,10,Furnished Square Room,450,10,Weapon Stand Room,600,3,Bow Stand Room,600,3,Shield Stand Room,600,3,Gallery,400,3,Bedroom,400,5,Kitchen,400,5,Blessing Room,400,5,Paddock,400,10,Foyer,300,15,Study,250,15,Indoor Stairs,300,15,Outdoor Stairs,300,15,Garden Pond,300,15,Flower Bed,250,15,,,,,,,,,,,,,,,,,,,,,,,,,,,,,,,,,,,,,,,,,,,,,,,,,,,,,,,,,,,,,,,,,,,,,,,,,,,,,,,,,,,,,,,,,,,,,,,,,,,,,,,,,,,,,,,,,,,,,,,,,,,,,,
ShopGeneral_UMiiVillage,Npc_HighMountain010,General Store,Fyson,Tarrey Town,-,Rupees,General Store,Arrow x 5,20,3,Monster Extract,50,3,Bomb Flower,40,4,Dazzlefruit,20,4,,,,,,,,,,,,,,,,,,,,,,,,,,,,,,,,,,,,,,,,,,,,,,,,,,,,,,,,,,,,,,,,,,,,,,,,,,,,,,,,,,,,,,,,,,,,,,,,,,,,,,,,,,,,,,,,,,,,,,,,,,,,,,,,,,,,,,,,,,,,,,,,,,,,,,,,,,,,,,,,,,,,,,,,
ShopGeneral_Rito,Npc_HighMountain034,The Slippery Falcon,Cree,Rito Village,-,Rupees,The Slippery Falcon,Goat Butter,12,3,Tabantha Wheat,12,3,Cane Sugar,12,3,Arrow x 5,20,3,Oil Jar,12,3,Sunshroom,16,4,,,,,,,,,,,,,,,,,,,,,,,,,,,,,,,,,,,,,,,,,,,,,,,,,,,,,,,,,,,,,,,,,,,,,,,,,,,,,,,,,,,,,,,,,,,,,,,,,,,,,,,,,,,,,,,,,,,,,,,,,,,,,,,,,,,,,,,,,,,,,,,,,,,,,,,,,,,,,,,,,,
ShopGeneral_Rito,Npc_HighMountain021,The Slippery Falcon,Misa,Rito Village,Tulin of Rito Village,Rupees,The Slippery Falcon,Goat Butter,12,3,Tabantha Wheat,12,3,Cane Sugar,12,3,Arrow x 5,20,3,Oil Jar,12,3,Sunshroom,16,4,,,,,,,,,,,,,,,,,,,,,,,,,,,,,,,,,,,,,,,,,,,,,,,,,,,,,,,,,,,,,,,,,,,,,,,,,,,,,,,,,,,,,,,,,,,,,,,,,,,,,,,,,,,,,,,,,,,,,,,,,,,,,,,,,,,,,,,,,,,,,,,,,,,,,,,,,,,,,,,,,,
ShopArmor_Rito,Npc_HighMountain035,Brazen Beak,Kheel,Rito Village,-,Rupees,Brazen Beak,Snowquill Headdress,650,1,Snowquill Tunic,500,1,Snowquill Trousers,1000,1,,,,,,,,,,,,,,,,,,,,,,,,,,,,,,,,,,,,,,,,,,,,,,,,,,,,,,,,,,,,,,,,,,,,,,,,,,,,,,,,,,,,,,,,,,,,,,,,,,,,,,,,,,,,,,,,,,,,,,,,,,,,,,,,,,,,,,,,,,,,,,,,,,,,,,,,,,,,,,,,,,,,,,,,,,,
ShopArmor_Rito,Npc_HighMountain008,Brazen Beak,Nekk,Rito Village,Tulin of Rito Village,Rupees,Brazen Beak,Snowquill Headdress,650,1,Snowquill Tunic,500,1,Snowquill Trousers,1000,1,,,,,,,,,,,,,,,,,,,,,,,,,,,,,,,,,,,,,,,,,,,,,,,,,,,,,,,,,,,,,,,,,,,,,,,,,,,,,,,,,,,,,,,,,,,,,,,,,,,,,,,,,,,,,,,,,,,,,,,,,,,,,,,,,,,,,,,,,,,,,,,,,,,,,,,,,,,,,,,,,,,,,,,,,,,
-,NPC_Lanayru001,Russ,Russ,Selmie's Spot,-,Rupees,Russ,Wooden Shield,30,1,Soldier’s Shield,100,1,Knight's Shield,300,1,,,,,,,,,,,,,,,,,,,,,,,,,,,,,,,,,,,,,,,,,,,,,,,,,,,,,,,,,,,,,,,,,,,,,,,,,,,,,,,,,,,,,,,,,,,,,,,,,,,,,,,,,,,,,,,,,,,,,,,,,,,,,,,,,,,,,,,,,,,,,,,,,,,,,,,,,,,,,,,,,,,,,,,,,,,
-,Npc_Road_027,Dayto,Dayto,YunoboCo HQ,-,Rupees,Dayto,Flamebreaker Armor,700,1,,,,,,,,,,,,,,,,,,,,,,,,,,,,,,,,,,,,,,,,,,,,,,,,,,,,,,,,,,,,,,,,,,,,,,,,,,,,,,,,,,,,,,,,,,,,,,,,,,,,,,,,,,,,,,,,,,,,,,,,,,,,,,,,,,,,,,,,,,,,,,,,,,,,,,,,,,,,,,,,,,,,,,,,,,,,,,,,,
ShopArmor_Goron,Npc_goron004,Armor Shop,Rogaro,Goron City,-,Rupees,Armor Shop,Flamebreaker Helm,1400,1,Flamebreaker Armor,700,1,Flamebreaker Boots,1200,1,,,,,,,,,,,,,,,,,,,,,,,,,,,,,,,,,,,,,,,,,,,,,,,,,,,,,,,,,,,,,,,,,,,,,,,,,,,,,,,,,,,,,,,,,,,,,,,,,,,,,,,,,,,,,,,,,,,,,,,,,,,,,,,,,,,,,,,,,,,,,,,,,,,,,,,,,,,,,,,,,,,,,,,,,,,
ShopGeneral_Goron,Npc_goron002,General Store,Tanko,Goron City,-,Rupees,General Store,Rock Salt,12,3,Cane Sugar,12,3,Goron Spice,16,3,Arrow x 5,20,4,Fire Fruit,12,5,,,,,,,,,,,,,,,,,,,,,,,,,,,,,,,,,,,,,,,,,,,,,,,,,,,,,,,,,,,,,,,,,,,,,,,,,,,,,,,,,,,,,,,,,,,,,,,,,,,,,,,,,,,,,,,,,,,,,,,,,,,,,,,,,,,,,,,,,,,,,,,,,,,,,,,,,,,,,,,,,,,,,
-,Npc_Goron005,Aji,Aji,Goron City,-,Rupees,Aji,Sapphire,300,3,,,,,,,,,,,,,,,,,,,,,,,,,,,,,,,,,,,,,,,,,,,,,,,,,,,,,,,,,,,,,,,,,,,,,,,,,,,,,,,,,,,,,,,,,,,,,,,,,,,,,,,,,,,,,,,,,,,,,,,,,,,,,,,,,,,,,,,,,,,,,,,,,,,,,,,,,,,,,,,,,,,,,,,,,,,,,,,,,
-,Npc_Goron009,Gonguron,Gonguron,Goron City,-,Rupees,Gonguron,Diamond,1000,3,,,,,,,,,,,,,,,,,,,,,,,,,,,,,,,,,,,,,,,,,,,,,,,,,,,,,,,,,,,,,,,,,,,,,,,,,,,,,,,,,,,,,,,,,,,,,,,,,,,,,,,,,,,,,,,,,,,,,,,,,,,,,,,,,,,,,,,,,,,,,,,,,,,,,,,,,,,,,,,,,,,,,,,,,,,,,,,,,
-,Npc_Goron019,YunoboCo Mineral Market,Shmid,Eldin,-,Rupees,YunoboCo Mineral Market,Flint,10,3,,,,,,,,,,,,,,,,,,,,,,,,,,,,,,,,,,,,,,,,,,,,,,,,,,,,,,,,,,,,,,,,,,,,,,,,,,,,,,,,,,,,,,,,,,,,,,,,,,,,,,,,,,,,,,,,,,,,,,,,,,,,,,,,,,,,,,,,,,,,,,,,,,,,,,,,,,,,,,,,,,,,,,,,,,,,,,,,,
-,Npc_Goron010,YunoboCo Mineral Market,Bladon,Eldin,-,Rupees,YunoboCo Mineral Market,Ruby,220,3,,,,,,,,,,,,,,,,,,,,,,,,,,,,,,,,,,,,,,,,,,,,,,,,,,,,,,,,,,,,,,,,,,,,,,,,,,,,,,,,,,,,,,,,,,,,,,,,,,,,,,,,,,,,,,,,,,,,,,,,,,,,,,,,,,,,,,,,,,,,,,,,,,,,,,,,,,,,,,,,,,,,,,,,,,,,,,,,,
-,Npc_Goron_Cafe001,Bedrock Bistro,Cooke,Bedrock Bistro,Rock Roast or Dust,Rupees,Bedrock Bistro,Seared Prime Steak,58,1,Roasted Bird Thigh,28,1,Seared Gourmet Steak,140,1,,,,,,,,,,,,,,,,,,,,,,,,,,,,,,,,,,,,,,,,,,,,,,,,,,,,,,,,,,,,,,,,,,,,,,,,,,,,,,,,,,,,,,,,,,,,,,,,,,,,,,,,,,,,,,,,,,,,,,,,,,,,,,,,,,,,,,,,,,,,,,,,,,,,,,,,,,,,,,,,,,,,,,,,,,,
ShopGeneral_Zora,Npc_Zora002,Coral Reef,Cleff,Zora's Domain,-,Rupees,Coral Reef,Arrow x 5,20,3,Hylian Rice,12,4,Swift Violet,40,4,Hylian Tomato,16,4,Splash Fruit,10,4,Sizzlefin Trout,24,2,Mighty Carp,40,2,Armored Carp,40,2,,,,,,,,,,,,,,,,,,,,,,,,,,,,,,,,,,,,,,,,,,,,,,,,,,,,,,,,,,,,,,,,,,,,,,,,,,,,,,,,,,,,,,,,,,,,,,,,,,,,,,,,,,,,,,,,,,,,,,,,,,,,,,,,,,,,,,,,,,,,,,,,,,,,,,,,,,,,
ShopGeneral_Oasis,Npc_SmallOasis004,General Store,Kachoo,Kara Kara Bazaar,-,Rupees,General Store,Arrow,5,1,Chuchu Jelly,8,1,Red Chuchu Jelly,16,1,Yellow Chuchu Jelly,16,1,White Chuchu Jelly,16,1,,,,,,,,,,,,,,,,,,,,,,,,,,,,,,,,,,,,,,,,,,,,,,,,,,,,,,,,,,,,,,,,,,,,,,,,,,,,,,,,,,,,,,,,,,,,,,,,,,,,,,,,,,,,,,,,,,,,,,,,,,,,,,,,,,,,,,,,,,,,,,,,,,,,,,,,,,,,,,,,,,,,,
ShopGeneral_Oasis,Npc_SmallOasis010,General Store,Emri,Kara Kara Bazaar,-,Rupees,General Store,Oil Jar,12,5,Hydromelon,16,7,Electric Safflina,12,3,,,,,,,,,,,,,,,,,,,,,,,,,,,,,,,,,,,,,,,,,,,,,,,,,,,,,,,,,,,,,,,,,,,,,,,,,,,,,,,,,,,,,,,,,,,,,,,,,,,,,,,,,,,,,,,,,,,,,,,,,,,,,,,,,,,,,,,,,,,,,,,,,,,,,,,,,,,,,,,,,,,,,,,,,,,
ShopArmor_Gerudo,Npc_oasis015,Armor Shop,Saula,Kara Kara Bazaar,-,Rupees,Armor Shop,Desert Voe Headband,450,1,,,,,,,,,,,,,,,,,,,,,,,,,,,,,,,,,,,,,,,,,,,,,,,,,,,,,,,,,,,,,,,,,,,,,,,,,,,,,,,,,,,,,,,,,,,,,,,,,,,,,,,,,,,,,,,,,,,,,,,,,,,,,,,,,,,,,,,,,,,,,,,,,,,,,,,,,,,,,,,,,,,,,,,,,,,,,,,,,
ShopGeneral_Oasis,Npc_SmallOasis009,General Store,Maike,Kara Kara Bazaar,-,Rupees,General Store,Roasted Bass,23,3,Seared Steak,30,3,Lizalfos Tail,72,3,,,,,,,,,,,,,,,,,,,,,,,,,,,,,,,,,,,,,,,,,,,,,,,,,,,,,,,,,,,,,,,,,,,,,,,,,,,,,,,,,,,,,,,,,,,,,,,,,,,,,,,,,,,,,,,,,,,,,,,,,,,,,,,,,,,,,,,,,,,,,,,,,,,,,,,,,,,,,,,,,,,,,,,,,,,
ShopGeneral_Gerudo,Npc_oasis002,General Store,Danda,Gerudo Town,Riju of Gerudo Town,Rupees,General Store,Arrow x 5,20,3,Red Chuchu Jelly,16,3,White Chuchu Jelly,16,3,Yellow Chuchu Jelly,16,3,Bomb Flower,40,3,,,,,,,,,,,,,,,,,,,,,,,,,,,,,,,,,,,,,,,,,,,,,,,,,,,,,,,,,,,,,,,,,,,,,,,,,,,,,,,,,,,,,,,,,,,,,,,,,,,,,,,,,,,,,,,,,,,,,,,,,,,,,,,,,,,,,,,,,,,,,,,,,,,,,,,,,,,,,,,,,,,,,
ShopGeneral_Gerudo,Npc_oasis046,General Store,Estan,Gerudo Town,Riju of Gerudo Town,Rupees,General Store,Seared Steak,30,1,Seared Prime Steak,58,1,Seared Gourmet Steak,140,1,,,,,,,,,,,,,,,,,,,,,,,,,,,,,,,,,,,,,,,,,,,,,,,,,,,,,,,,,,,,,,,,,,,,,,,,,,,,,,,,,,,,,,,,,,,,,,,,,,,,,,,,,,,,,,,,,,,,,,,,,,,,,,,,,,,,,,,,,,,,,,,,,,,,,,,,,,,,,,,,,,,,,,,,,,,
ShopJewelry_Gerudo,Npc_oasis012,Starlight Memories,Cara,Gerudo Town,Riju of Gerudo Town,Rupees,Starlight Memories,Ruby Circlet,1300,1,Sapphire Circlet,1400,1,Amber Earrings,400,1,Opal Earrings,700,1,Topaz Earrings,1200,1,Diamond Circlet,2400,1,,,,,,,,,,,,,,,,,,,,,,,,,,,,,,,,,,,,,,,,,,,,,,,,,,,,,,,,,,,,,,,,,,,,,,,,,,,,,,,,,,,,,,,,,,,,,,,,,,,,,,,,,,,,,,,,,,,,,,,,,,,,,,,,,,,,,,,,,,,,,,,,,,,,,,,,,,,,,,,,,,
ShopGeneral_Gerudo,Npc_oasis045,General Store,Lorn,Gerudo Town,Riju of Gerudo Town,Rupees,General Store,Voltfruit,16,3,Hydromelon,16,3,Palm Fruit,16,3,,,,,,,,,,,,,,,,,,,,,,,,,,,,,,,,,,,,,,,,,,,,,,,,,,,,,,,,,,,,,,,,,,,,,,,,,,,,,,,,,,,,,,,,,,,,,,,,,,,,,,,,,,,,,,,,,,,,,,,,,,,,,,,,,,,,,,,,,,,,,,,,,,,,,,,,,,,,,,,,,,,,,,,,,,,
ShopGeneral_Gerudo,Npc_oasis043,General Store,Ardin,Gerudo Town,Riju of Gerudo Town,Rupees,General Store,Ironshroom,20,1,Razorshroom,20,1,Sunshroom,16,1,Zapshroom,16,1,Chillshroom,16,1,,,,,,,,,,,,,,,,,,,,,,,,,,,,,,,,,,,,,,,,,,,,,,,,,,,,,,,,,,,,,,,,,,,,,,,,,,,,,,,,,,,,,,,,,,,,,,,,,,,,,,,,,,,,,,,,,,,,,,,,,,,,,,,,,,,,,,,,,,,,,,,,,,,,,,,,,,,,,,,,,,,,,
ShopGeneral_Gerudo,Npc_oasis044,General Store,Spera,Gerudo Town,Riju of Gerudo Town,Rupees,General Store,Rock Salt,12,3,Hylian Rice,12,3,Tabantha Wheat,12,3,,,,,,,,,,,,,,,,,,,,,,,,,,,,,,,,,,,,,,,,,,,,,,,,,,,,,,,,,,,,,,,,,,,,,,,,,,,,,,,,,,,,,,,,,,,,,,,,,,,,,,,,,,,,,,,,,,,,,,,,,,,,,,,,,,,,,,,,,,,,,,,,,,,,,,,,,,,,,,,,,,,,,,,,,,,
-,Npc_oasis005,Gerudo Secret Club,Greta,Gerudo Town,-,Rupees,Gerudo Secret Club,Desert Voe Spaulder,1300,1,Desert Voe Trousers,650,1,Snow Boots,1300,1,Sand Boots,1200,1,,,,,,,,,,,,,,,,,,,,,,,,,,,,,,,,,,,,,,,,,,,,,,,,,,,,,,,,,,,,,,,,,,,,,,,,,,,,,,,,,,,,,,,,,,,,,,,,,,,,,,,,,,,,,,,,,,,,,,,,,,,,,,,,,,,,,,,,,,,,,,,,,,,,,,,,,,,,,,,,,,,,,,,,
-,Npc_Assassin_Junior_Azito002,Yiga Footsoldier,Yiga Footsoldier,Yiga Clan Hideout,Infiltrating the Yiga Clan,Rupees,Yiga Footsoldier,Eightfold Blade,110,1,Eightfold Longblade,264,1,,,,,,,,,,,,,,,,,,,,,,,,,,,,,,,,,,,,,,,,,,,,,,,,,,,,,,,,,,,,,,,,,,,,,,,,,,,,,,,,,,,,,,,,,,,,,,,,,,,,,,,,,,,,,,,,,,,,,,,,,,,,,,,,,,,,,,,,,,,,,,,,,,,,,,,,,,,,,,,,,,,,,,,,,,,,,,
-,Npc_Assassin_Junior_Azito004,Yiga Footsoldier,Yiga Footsoldier,Yiga Clan Hideout,Infiltrating the Yiga Clan,Rupees,Yiga Footsoldier,Duplex Bow,88,1,Arrow x 10,35,4,,,,,,,,,,,,,,,,,,,,,,,,,,,,,,,,,,,,,,,,,,,,,,,,,,,,,,,,,,,,,,,,,,,,,,,,,,,,,,,,,,,,,,,,,,,,,,,,,,,,,,,,,,,,,,,,,,,,,,,,,,,,,,,,,,,,,,,,,,,,,,,,,,,,,,,,,,,,,,,,,,,,,,,,,,,,,,
-,Npc_Assassin_Junior_Azito005,Yiga Footsoldier,Yiga Footsoldier,Yiga Clan Hideout,Infiltrating the Yiga Clan,Rupees,Yiga Footsoldier,Mighty Bananas,20,6,,,,,,,,,,,,,,,,,,,,,,,,,,,,,,,,,,,,,,,,,,,,,,,,,,,,,,,,,,,,,,,,,,,,,,,,,,,,,,,,,,,,,,,,,,,,,,,,,,,,,,,,,,,,,,,,,,,,,,,,,,,,,,,,,,,,,,,,,,,,,,,,,,,,,,,,,,,,,,,,,,,,,,,,,,,,,,,,,
-,Npc_Assassin_003,Traveler,Traveler,Great Plateau / Gerudo Highlands,-,Rupees,Traveler,Roasted Mighty Bananas,129,99,,,,,,,,,,,,,,,,,,,,,,,,,,,,,,,,,,,,,,,,,,,,,,,,,,,,,,,,,,,,,,,,,,,,,,,,,,,,,,,,,,,,,,,,,,,,,,,,,,,,,,,,,,,,,,,,,,,,,,,,,,,,,,,,,,,,,,,,,,,,,,,,,,,,,,,,,,,,,,,,,,,,,,,,,,,,,,,,,
ShopGeneral_Uotori,Npc_SouthernVillage014,General Store,Garini,Lurelin Village,"A Way to Trade, Washed Away",Rupees,General Store,Arrow x 5,20 / 0,3,Mighty Porgy,40 / 0,1,Ironshell Crab,32 / 0,3,Octorok Eyeball,16 / 0,1,Octo Balloon,20 / 0,3,,,,,,,,,,,,,,,,,,,,,,,,,,,,,,,,,,,,,,,,,,,,,,,,,,,,,,,,,,,,,,,,,,,,,,,,,,,,,,,,,,,,,,,,,,,,,,,,,,,,,,,,,,,,,,,,,,,,,,,,,,,,,,,,,,,,,,,,,,,,,,,,,,,,,,,,,,,,,,,,,,,,,
ShopGeneral_Korok,Npc_kokiri003,General Shoppe,Daz,Korok Forest,-,Rupees,General Shoppe,Arrow x 5,20,3,Apple,12,1,Brightbloom Seed,8,6,Cane Sugar,12,3,Hylian Rice,12,3,Tabantha Wheat,12,2,,,,,,,,,,,,,,,,,,,,,,,,,,,,,,,,,,,,,,,,,,,,,,,,,,,,,,,,,,,,,,,,,,,,,,,,,,,,,,,,,,,,,,,,,,,,,,,,,,,,,,,,,,,,,,,,,,,,,,,,,,,,,,,,,,,,,,,,,,,,,,,,,,,,,,,,,,,,,,,,,,
-,Npc_kokiri004,Spore Store,Natie,Korok Forest,-,Rupees,Spore Store,Rushroom,12,4,Stamella Shroom,20,4,Razorshroom,20,4,Ironshroom,20,4,Brightcap,16,4,,,,,,,,,,,,,,,,,,,,,,,,,,,,,,,,,,,,,,,,,,,,,,,,,,,,,,,,,,,,,,,,,,,,,,,,,,,,,,,,,,,,,,,,,,,,,,,,,,,,,,,,,,,,,,,,,,,,,,,,,,,,,,,,,,,,,,,,,,,,,,,,,,,,,,,,,,,,,,,,,,,,,
-,Npc_Road_015_Road_Hateno,Chumin,Chumin,Hateno Village,-,Rupees,Chumin,Mighty Porgy,40,5,Armored Porgy,40,5,Razorclaw Crab,32,3,Ironshell Crab,32,3,Hateno Cheese,20,3,Brightbloom Seed,8,20,,,,,,,,,,,,,,,,,,,,,,,,,,,,,,,,,,,,,,,,,,,,,,,,,,,,,,,,,,,,,,,,,,,,,,,,,,,,,,,,,,,,,,,,,,,,,,,,,,,,,,,,,,,,,,,,,,,,,,,,,,,,,,,,,,,,,,,,,,,,,,,,,,,,,,,,,,,,,,,,,,
-,Npc_Road_015_Road,Chumin,Chumin,Mapla Point Cave,-,Rupees,Chumin,Mighty Porgy,40,5,Armored Porgy,40,5,Razorclaw Crab,32,3,Ironshell Crab,32,3,Hateno Cheese,20,3,Brightbloom Seed,8,20,,,,,,,,,,,,,,,,,,,,,,,,,,,,,,,,,,,,,,,,,,,,,,,,,,,,,,,,,,,,,,,,,,,,,,,,,,,,,,,,,,,,,,,,,,,,,,,,,,,,,,,,,,,,,,,,,,,,,,,,,,,,,,,,,,,,,,,,,,,,,,,,,,,,,,,,,,,,,,,,,,
-,Npc_HorseBuyer_03,Parga,Parga,Wandering Central Hyrule Field,-,Rupees,Parga,Fresh Milk,12,5,Goat Butter,12,5,Hateno Cheese,20,5,Bird Egg,12,3,Swift Carrot,16,5,Hylian Tomato,16,5,,,,,,,,,,,,,,,,,,,,,,,,,,,,,,,,,,,,,,,,,,,,,,,,,,,,,,,,,,,,,,,,,,,,,,,,,,,,,,,,,,,,,,,,,,,,,,,,,,,,,,,,,,,,,,,,,,,,,,,,,,,,,,,,,,,,,,,,,,,,,,,,,,,,,,,,,,,,,,,,,,
-,Npc_HorseBuyer_02,Cormus,Cormus,Wandering East Hyrule Field,-,Rupees,Cormus,Arrow x 5,20,2,Hylian Tomato,16,5,Spicy Pepper,12,5,Hylian Rice,12,5,Raw Meat,32,5,Rock Salt,12,5,Oil Jar,12,5,,,,,,,,,,,,,,,,,,,,,,,,,,,,,,,,,,,,,,,,,,,,,,,,,,,,,,,,,,,,,,,,,,,,,,,,,,,,,,,,,,,,,,,,,,,,,,,,,,,,,,,,,,,,,,,,,,,,,,,,,,,,,,,,,,,,,,,,,,,,,,,,,,,,,,,,,,,,,,,
-,Npc_Attacked_009_Road,Meghyn,Meghyn,Wandering between Lucky Clover Gazette and Tabantha Great Bridge,-,Rupees,Meghyn,Hylian Shroom,12,5,Rushroom,12,5,Razorshroom,20,5,Ironshroom,20,5,Brightcap,16,5,Chillshroom,16,5,Stamella Shroom,20,5,,,,,,,,,,,,,,,,,,,,,,,,,,,,,,,,,,,,,,,,,,,,,,,,,,,,,,,,,,,,,,,,,,,,,,,,,,,,,,,,,,,,,,,,,,,,,,,,,,,,,,,,,,,,,,,,,,,,,,,,,,,,,,,,,,,,,,,,,,,,,,,,,,,,,,,,,,,,,,,
-,Npc_HorseBuyer,Zyle,Zyle,Wandering between New Serenne Stable and Snowfield Stable,-,Rupees,Zyle,Arrow x 5,20,2,Hylian Tomato,16,5,Hateno Cheese,20,3,Spicy Pepper,12,5,Raw Meat,32,5,Raw Prime Meat,60,3,Staminoka Bass,72,5,Razorshroom,20,5,Oil Jar,12,5,,,,,,,,,,,,,,,,,,,,,,,,,,,,,,,,,,,,,,,,,,,,,,,,,,,,,,,,,,,,,,,,,,,,,,,,,,,,,,,,,,,,,,,,,,,,,,,,,,,,,,,,,,,,,,,,,,,,,,,,,,,,,,,,,,,,,,,,,,,,,,,,,,,,,,,,,
-,Npc_Road_046,Basel,Basel,Wandering between Jeddo Bridge and Dalite Forest,-,Rupees,Basel,Arrow x 5,20,2,Hylian Tomato,16,5,Hylian Rice,12,5,Restless Cricket,10,3,Raw Meat,32,5,,,,,,,,,,,,,,,,,,,,,,,,,,,,,,,,,,,,,,,,,,,,,,,,,,,,,,,,,,,,,,,,,,,,,,,,,,,,,,,,,,,,,,,,,,,,,,,,,,,,,,,,,,,,,,,,,,,,,,,,,,,,,,,,,,,,,,,,,,,,,,,,,,,,,,,,,,,,,,,,,,,,,
-,Npc_HorseBuyer_04,Doritt,Doritt,Wandering between Outpost Ruins and Dueling Peaks,-,Rupees,Doritt,Hylian Shroom,12,5,Stamella Shroom,20,5,Silent Shroom,12,5,Rushroom,12,5,Brightcap,16,5,Ironshroom,20,5,,,,,,,,,,,,,,,,,,,,,,,,,,,,,,,,,,,,,,,,,,,,,,,,,,,,,,,,,,,,,,,,,,,,,,,,,,,,,,,,,,,,,,,,,,,,,,,,,,,,,,,,,,,,,,,,,,,,,,,,,,,,,,,,,,,,,,,,,,,,,,,,,,,,,,,,,,,,,,,,,,
-,Npc_HorseBuyer_01,Nembis,Nembis,Wandering between Kakariko Village and Wetland Stable,-,Rupees,Nembis,Hylian Rice,12,5,Fresh Milk,12,5,Hateno Cheese,20,3,Hyrule Bass,24,3,Hearty Salmon,80,3,Chuchu Jelly,8,5,Spicy Pepper,12,5,Fireproof Lizard,25,3,,,,,,,,,,,,,,,,,,,,,,,,,,,,,,,,,,,,,,,,,,,,,,,,,,,,,,,,,,,,,,,,,,,,,,,,,,,,,,,,,,,,,,,,,,,,,,,,,,,,,,,,,,,,,,,,,,,,,,,,,,,,,,,,,,,,,,,,,,,,,,,,,,,,,,,,,,,,
-,Npc_HorseBuyer_01_01,Nembis,Nembis,Wandering Between Kakariko Village and Wetland Stable,-,Rupees,Nembis,Hylian Rice,12,5,Fresh Milk,12,5,Hateno Cheese,20,3,Hyrule Bass,24,3,Hearty Salmon,80,3,Chuchu Jelly,8,5,Spicy Pepper,12,5,Fireproof Lizard,25,3,,,,,,,,,,,,,,,,,,,,,,,,,,,,,,,,,,,,,,,,,,,,,,,,,,,,,,,,,,,,,,,,,,,,,,,,,,,,,,,,,,,,,,,,,,,,,,,,,,,,,,,,,,,,,,,,,,,,,,,,,,,,,,,,,,,,,,,,,,,,,,,,,,,,,,,,,,,,
-,Npc_RoadShop_01,Deenya,Deenya,Wandering between Woodland Stable and Foothill Stable,-,Rupees,Deenya,Arrow x 5,20,5,Arrow x 10,35,5,Splash Fruit,10,5,Bird Egg,12,5,Restless Cricket,10,5,Stambulb,16,5,Sticky Frog,40,5,,,,,,,,,,,,,,,,,,,,,,,,,,,,,,,,,,,,,,,,,,,,,,,,,,,,,,,,,,,,,,,,,,,,,,,,,,,,,,,,,,,,,,,,,,,,,,,,,,,,,,,,,,,,,,,,,,,,,,,,,,,,,,,,,,,,,,,,,,,,,,,,,,,,,,,,,,,,,,,
-,Npc_Road_031,Maypin,Maypin,Wandering between South Akkala Stable and East Akkala Stable,-,Rupees,Maypin,Arrow x 5,20,3,Arrow x 10,35,3,Apple,12,5,Golden Apple,32,5,Swift Carrot,16,5,Goron Spice,16,5,Fortified Pumpkin,20,5,,,,,,,,,,,,,,,,,,,,,,,,,,,,,,,,,,,,,,,,,,,,,,,,,,,,,,,,,,,,,,,,,,,,,,,,,,,,,,,,,,,,,,,,,,,,,,,,,,,,,,,,,,,,,,,,,,,,,,,,,,,,,,,,,,,,,,,,,,,,,,,,,,,,,,,,,,,,,,,
-,Npc_Lanayru004,Eryck,Eryck,Wandering between Highland Stable and Faron Woods,-,Rupees,Eryck,Sunset Firefly,10,5,Hylian Tomato,16,5,Hateno Cheese,20,3,Mighty Bananas,20,5,Sticky Frog,40,3,Tireless Frog,100,2,Energetic Rhino Beetle,150,1,,,,,,,,,,,,,,,,,,,,,,,,,,,,,,,,,,,,,,,,,,,,,,,,,,,,,,,,,,,,,,,,,,,,,,,,,,,,,,,,,,,,,,,,,,,,,,,,,,,,,,,,,,,,,,,,,,,,,,,,,,,,,,,,,,,,,,,,,,,,,,,,,,,,,,,,,,,,,,,
-,Npc_TripMaster_00,Beedle,Beedle,New Serenne Stable,-,Rupees,Beedle,Arrow,6,20,Arrow x 5,30,1,Fire Fruit,12,4,Warm Darner,10,4,Sunset Firefly,10,4,Tireless Frog,100,2,,,,,,,,,,,,,,,,,,,,,,,,,,,,,,,,,,,,,,,,,,,,,,,,,,,,,,,,,,,,,,,,,,,,,,,,,,,,,,,,,,,,,,,,,,,,,,,,,,,,,,,,,,,,,,,,,,,,,,,,,,,,,,,,,,,,,,,,,,,,,,,,,,,,,,,,,,,,,,,,,,
-,Npc_TripMaster_00,Beedle,Beedle,New Serenne Stable,-,Rupees,Beedle,Small Wheel,0,10,Arrow,6,20,Arrow x 5,30,1,Warm Darner,10,4,Sunset Firefly,10,4,Tireless Frog,100,2,,,,,,,,,,,,,,,,,,,,,,,,,,,,,,,,,,,,,,,,,,,,,,,,,,,,,,,,,,,,,,,,,,,,,,,,,,,,,,,,,,,,,,,,,,,,,,,,,,,,,,,,,,,,,,,,,,,,,,,,,,,,,,,,,,,,,,,,,,,,,,,,,,,,,,,,,,,,,,,,,,
-,Npc_TripMaster_01,Beedle,Beedle,Wetland Stable,-,Rupees,Beedle,Arrow,6,20,Arrow x 5,30,1,Splash Fruit,10,4,Hot-Footed Frog,10,3,Smotherwing Butterfly,10,3,Tireless Frog,100,2,,,,,,,,,,,,,,,,,,,,,,,,,,,,,,,,,,,,,,,,,,,,,,,,,,,,,,,,,,,,,,,,,,,,,,,,,,,,,,,,,,,,,,,,,,,,,,,,,,,,,,,,,,,,,,,,,,,,,,,,,,,,,,,,,,,,,,,,,,,,,,,,,,,,,,,,,,,,,,,,,,
-,Npc_TripMaster_01,Beedle,Beedle,Wetland Stable,-,Rupees,Beedle,Small Wheel,0,10,Arrow,6,20,Arrow x 5,30,1,Warm Darner,10,4,Sunset Firefly,10,4,Tireless Frog,100,2,,,,,,,,,,,,,,,,,,,,,,,,,,,,,,,,,,,,,,,,,,,,,,,,,,,,,,,,,,,,,,,,,,,,,,,,,,,,,,,,,,,,,,,,,,,,,,,,,,,,,,,,,,,,,,,,,,,,,,,,,,,,,,,,,,,,,,,,,,,,,,,,,,,,,,,,,,,,,,,,,,
-,Npc_TripMaster_02,Beedle,Beedle,Riverside Stable,-,Rupees,Beedle,Arrow,6,20,Arrow x 5,30,2,Hylian Rice,12,5,Thunderwing Butterfly,10,3,Electric Darner,10,3,Tireless Frog,100,2,,,,,,,,,,,,,,,,,,,,,,,,,,,,,,,,,,,,,,,,,,,,,,,,,,,,,,,,,,,,,,,,,,,,,,,,,,,,,,,,,,,,,,,,,,,,,,,,,,,,,,,,,,,,,,,,,,,,,,,,,,,,,,,,,,,,,,,,,,,,,,,,,,,,,,,,,,,,,,,,,,
-,Npc_TripMaster_02,Beedle,Beedle,Riverside Stable,-,Rupees,Beedle,Small Wheel,0,10,Arrow,6,20,Arrow x 5,30,1,Warm Darner,10,4,Sunset Firefly,10,4,Tireless Frog,100,2,,,,,,,,,,,,,,,,,,,,,,,,,,,,,,,,,,,,,,,,,,,,,,,,,,,,,,,,,,,,,,,,,,,,,,,,,,,,,,,,,,,,,,,,,,,,,,,,,,,,,,,,,,,,,,,,,,,,,,,,,,,,,,,,,,,,,,,,,,,,,,,,,,,,,,,,,,,,,,,,,,
-,Npc_TripMaster_03,Beedle,Beedle,Outskirt Stable,-,Rupees,Beedle,Arrow,6,20,Arrow x 5,30,2,Hylian Tomato,16,5,Hot-Footed Frog,10,3,Restless Cricket,10,5,Hearty Lizard,100,3,,,,,,,,,,,,,,,,,,,,,,,,,,,,,,,,,,,,,,,,,,,,,,,,,,,,,,,,,,,,,,,,,,,,,,,,,,,,,,,,,,,,,,,,,,,,,,,,,,,,,,,,,,,,,,,,,,,,,,,,,,,,,,,,,,,,,,,,,,,,,,,,,,,,,,,,,,,,,,,,,,
-,Npc_TripMaster_03,Beedle,Beedle,Outskirt Stable,-,Rupees,Beedle,Small Wheel,0,10,Arrow,6,20,Arrow x 5,30,1,Warm Darner,10,4,Sunset Firefly,10,4,Tireless Frog,100,2,,,,,,,,,,,,,,,,,,,,,,,,,,,,,,,,,,,,,,,,,,,,,,,,,,,,,,,,,,,,,,,,,,,,,,,,,,,,,,,,,,,,,,,,,,,,,,,,,,,,,,,,,,,,,,,,,,,,,,,,,,,,,,,,,,,,,,,,,,,,,,,,,,,,,,,,,,,,,,,,,,
-,Npc_TripMaster_04,Beedle,Beedle,Woodland Stable,-,Rupees,Beedle,Arrow,6,20,Arrow x 5,30,2,Brightbloom Seed,8,10,Cold Darner,10,3,Fireproof Lizard,25,3,Hearty Lizard,100,1,,,,,,,,,,,,,,,,,,,,,,,,,,,,,,,,,,,,,,,,,,,,,,,,,,,,,,,,,,,,,,,,,,,,,,,,,,,,,,,,,,,,,,,,,,,,,,,,,,,,,,,,,,,,,,,,,,,,,,,,,,,,,,,,,,,,,,,,,,,,,,,,,,,,,,,,,,,,,,,,,,
-,Npc_TripMaster_04,Beedle,Beedle,Woodland Stable,-,Rupees,Beedle,Small Wheel,0,10,Arrow,6,20,Arrow x 5,30,1,Warm Darner,10,4,Sunset Firefly,10,4,Tireless Frog,100,2,,,,,,,,,,,,,,,,,,,,,,,,,,,,,,,,,,,,,,,,,,,,,,,,,,,,,,,,,,,,,,,,,,,,,,,,,,,,,,,,,,,,,,,,,,,,,,,,,,,,,,,,,,,,,,,,,,,,,,,,,,,,,,,,,,,,,,,,,,,,,,,,,,,,,,,,,,,,,,,,,,
-,Npc_TripMaster_05,Beedle,Beedle,Foothill Stable,-,Rupees,Beedle,Arrow,6,20,Arrow x 5,30,1,Splash Fruit,10,4,Tireless Frog,100,5,Hearty Lizard,100,5,Thunderwing Butterfly,10,3,,,,,,,,,,,,,,,,,,,,,,,,,,,,,,,,,,,,,,,,,,,,,,,,,,,,,,,,,,,,,,,,,,,,,,,,,,,,,,,,,,,,,,,,,,,,,,,,,,,,,,,,,,,,,,,,,,,,,,,,,,,,,,,,,,,,,,,,,,,,,,,,,,,,,,,,,,,,,,,,,,
-,Npc_TripMaster_05,Beedle,Beedle,Foothill Stable,-,Rupees,Beedle,Small Wheel,0,10,Arrow,6,20,Arrow x 5,30,1,Warm Darner,10,4,Sunset Firefly,10,4,Tireless Frog,100,2,,,,,,,,,,,,,,,,,,,,,,,,,,,,,,,,,,,,,,,,,,,,,,,,,,,,,,,,,,,,,,,,,,,,,,,,,,,,,,,,,,,,,,,,,,,,,,,,,,,,,,,,,,,,,,,,,,,,,,,,,,,,,,,,,,,,,,,,,,,,,,,,,,,,,,,,,,,,,,,,,,
-,Npc_TripMaster_07,Beedle,Beedle,Dueling Peaks Stable,-,Rupees,Beedle,Arrow,6,20,Arrow x 5,30,2,Brightbloom Seed,8,10,Restless Cricket,10,5,Hot-Footed Frog,10,3,Octo Balloon,20,3,,,,,,,,,,,,,,,,,,,,,,,,,,,,,,,,,,,,,,,,,,,,,,,,,,,,,,,,,,,,,,,,,,,,,,,,,,,,,,,,,,,,,,,,,,,,,,,,,,,,,,,,,,,,,,,,,,,,,,,,,,,,,,,,,,,,,,,,,,,,,,,,,,,,,,,,,,,,,,,,,,
-,Npc_TripMaster_07,Beedle,Beedle,Dueling Peaks Stable,-,Rupees,Beedle,Small Wheel,0,10,Arrow,6,20,Arrow x 5,30,1,Warm Darner,10,4,Sunset Firefly,10,4,Tireless Frog,100,2,,,,,,,,,,,,,,,,,,,,,,,,,,,,,,,,,,,,,,,,,,,,,,,,,,,,,,,,,,,,,,,,,,,,,,,,,,,,,,,,,,,,,,,,,,,,,,,,,,,,,,,,,,,,,,,,,,,,,,,,,,,,,,,,,,,,,,,,,,,,,,,,,,,,,,,,,,,,,,,,,,
-,Npc_TripMaster_08,Beedle,Beedle,Tabantha Bridge Stable,-,Rupees,Beedle,Arrow,6,20,Arrow x 5,30,1,Fire Fruit,12,4,Summerwing Butterfly,10,3,Winterwing Butterfly,10,3,Thunderwing Butterfly,10,3,,,,,,,,,,,,,,,,,,,,,,,,,,,,,,,,,,,,,,,,,,,,,,,,,,,,,,,,,,,,,,,,,,,,,,,,,,,,,,,,,,,,,,,,,,,,,,,,,,,,,,,,,,,,,,,,,,,,,,,,,,,,,,,,,,,,,,,,,,,,,,,,,,,,,,,,,,,,,,,,,,
-,Npc_TripMaster_08,Beedle,Beedle,Tabantha Bridge Stable,-,Rupees,Beedle,Small Wheel,0,10,Arrow,6,20,Arrow x 5,30,1,Warm Darner,10,4,Sunset Firefly,10,4,Tireless Frog,100,2,,,,,,,,,,,,,,,,,,,,,,,,,,,,,,,,,,,,,,,,,,,,,,,,,,,,,,,,,,,,,,,,,,,,,,,,,,,,,,,,,,,,,,,,,,,,,,,,,,,,,,,,,,,,,,,,,,,,,,,,,,,,,,,,,,,,,,,,,,,,,,,,,,,,,,,,,,,,,,,,,,
-,Npc_TripMaster_09,Beedle,Beedle,Highland Stable,-,Rupees,Beedle,Arrow,6,20,Arrow x 5,30,1,Ice Fruit,12,4,Sunset Firefly,10,3,Hearty Lizard,100,1,Octo Balloon,20,5,,,,,,,,,,,,,,,,,,,,,,,,,,,,,,,,,,,,,,,,,,,,,,,,,,,,,,,,,,,,,,,,,,,,,,,,,,,,,,,,,,,,,,,,,,,,,,,,,,,,,,,,,,,,,,,,,,,,,,,,,,,,,,,,,,,,,,,,,,,,,,,,,,,,,,,,,,,,,,,,,,
-,Npc_TripMaster_09,Beedle,Beedle,Highland Stable,-,Rupees,Beedle,Small Wheel,0,10,Arrow,6,20,Arrow x 5,30,1,Warm Darner,10,4,Sunset Firefly,10,4,Tireless Frog,100,2,,,,,,,,,,,,,,,,,,,,,,,,,,,,,,,,,,,,,,,,,,,,,,,,,,,,,,,,,,,,,,,,,,,,,,,,,,,,,,,,,,,,,,,,,,,,,,,,,,,,,,,,,,,,,,,,,,,,,,,,,,,,,,,,,,,,,,,,,,,,,,,,,,,,,,,,,,,,,,,,,,
-,Npc_TripMaster_10,Beedle,Beedle,Lakeside Stable,-,Rupees,Beedle,Arrow,6,20,Arrow x 5,30,2,Shock Fruit,12,4,Sticky Frog,40,2,Thunderwing Butterfly,10,3,Hightail Lizard,10,2,,,,,,,,,,,,,,,,,,,,,,,,,,,,,,,,,,,,,,,,,,,,,,,,,,,,,,,,,,,,,,,,,,,,,,,,,,,,,,,,,,,,,,,,,,,,,,,,,,,,,,,,,,,,,,,,,,,,,,,,,,,,,,,,,,,,,,,,,,,,,,,,,,,,,,,,,,,,,,,,,,
-,Npc_TripMaster_10,Beedle,Beedle,Lakeside Stable,-,Rupees,Beedle,Small Wheel,0,10,Arrow,6,20,Arrow x 5,30,1,Warm Darner,10,4,Sunset Firefly,10,4,Tireless Frog,100,2,,,,,,,,,,,,,,,,,,,,,,,,,,,,,,,,,,,,,,,,,,,,,,,,,,,,,,,,,,,,,,,,,,,,,,,,,,,,,,,,,,,,,,,,,,,,,,,,,,,,,,,,,,,,,,,,,,,,,,,,,,,,,,,,,,,,,,,,,,,,,,,,,,,,,,,,,,,,,,,,,,
-,Npc_TripMaster_11,Beedle,Beedle,Snowfield Stable,-,Rupees,Beedle,Arrow,6,20,Arrow x 5,30,1,Ice Fruit,12,4,Summerwing Butterfly,10,3,Warm Darner,10,3,Tireless Frog,100,2,,,,,,,,,,,,,,,,,,,,,,,,,,,,,,,,,,,,,,,,,,,,,,,,,,,,,,,,,,,,,,,,,,,,,,,,,,,,,,,,,,,,,,,,,,,,,,,,,,,,,,,,,,,,,,,,,,,,,,,,,,,,,,,,,,,,,,,,,,,,,,,,,,,,,,,,,,,,,,,,,,
-,Npc_TripMaster_11,Beedle,Beedle,Snowfield Stable,-,Rupees,Beedle,Small Wheel,0,10,Arrow,6,20,Arrow x 5,30,1,Warm Darner,10,4,Sunset Firefly,10,4,Tireless Frog,100,2,,,,,,,,,,,,,,,,,,,,,,,,,,,,,,,,,,,,,,,,,,,,,,,,,,,,,,,,,,,,,,,,,,,,,,,,,,,,,,,,,,,,,,,,,,,,,,,,,,,,,,,,,,,,,,,,,,,,,,,,,,,,,,,,,,,,,,,,,,,,,,,,,,,,,,,,,,,,,,,,,,
-,Npc_TripMaster_12,Beedle,Beedle,South Akkala Stable,-,Rupees,Beedle,Arrow,6,20,Arrow x 5,30,2,Brightbloom Seed,8,10,Sticky Lizard,32,2,Hightail Lizard,10,3,Fireproof Lizard,25,2,,,,,,,,,,,,,,,,,,,,,,,,,,,,,,,,,,,,,,,,,,,,,,,,,,,,,,,,,,,,,,,,,,,,,,,,,,,,,,,,,,,,,,,,,,,,,,,,,,,,,,,,,,,,,,,,,,,,,,,,,,,,,,,,,,,,,,,,,,,,,,,,,,,,,,,,,,,,,,,,,,
-,Npc_TripMaster_12,Beedle,Beedle,South Akkala Stable,-,Rupees,Beedle,Small Wheel,0,10,Arrow,6,20,Arrow x 5,30,1,Warm Darner,10,4,Sunset Firefly,10,4,Tireless Frog,100,2,,,,,,,,,,,,,,,,,,,,,,,,,,,,,,,,,,,,,,,,,,,,,,,,,,,,,,,,,,,,,,,,,,,,,,,,,,,,,,,,,,,,,,,,,,,,,,,,,,,,,,,,,,,,,,,,,,,,,,,,,,,,,,,,,,,,,,,,,,,,,,,,,,,,,,,,,,,,,,,,,,
-,Npc_TripMaster_13,Beedle,Beedle,East Akkala Stable,-,Rupees,Beedle,Arrow,6,20,Arrow x 5,30,1,Brightbloom Seed,8,10,Sticky Frog,40,3,Swift Carrot,16,4,Smotherwing Butterfly,10,3,,,,,,,,,,,,,,,,,,,,,,,,,,,,,,,,,,,,,,,,,,,,,,,,,,,,,,,,,,,,,,,,,,,,,,,,,,,,,,,,,,,,,,,,,,,,,,,,,,,,,,,,,,,,,,,,,,,,,,,,,,,,,,,,,,,,,,,,,,,,,,,,,,,,,,,,,,,,,,,,,,
-,Npc_TripMaster_13,Beedle,Beedle,East Akkala Stable,-,Rupees,Beedle,Small Wheel,0,10,Arrow,6,20,Arrow x 5,30,1,Warm Darner,10,4,Sunset Firefly,10,4,Tireless Frog,100,2,,,,,,,,,,,,,,,,,,,,,,,,,,,,,,,,,,,,,,,,,,,,,,,,,,,,,,,,,,,,,,,,,,,,,,,,,,,,,,,,,,,,,,,,,,,,,,,,,,,,,,,,,,,,,,,,,,,,,,,,,,,,,,,,,,,,,,,,,,,,,,,,,,,,,,,,,,,,,,,,,,
-,Npc_TripMaster_14,Beedle,Beedle,Kara Kara Bazaar,-,Rupees,Beedle,Arrow,6,20,Arrow x 5,30,1,Shock Fruit,12,4,Summerwing Butterfly,10,5,Cold Darner,10,5,Tireless Frog,100,2,,,,,,,,,,,,,,,,,,,,,,,,,,,,,,,,,,,,,,,,,,,,,,,,,,,,,,,,,,,,,,,,,,,,,,,,,,,,,,,,,,,,,,,,,,,,,,,,,,,,,,,,,,,,,,,,,,,,,,,,,,,,,,,,,,,,,,,,,,,,,,,,,,,,,,,,,,,,,,,,,,
-,Npc_TripMaster_14,Beedle,Beedle,Kara Kara Bazaar,-,Rupees,Beedle,Small Wheel,0,10,Arrow,6,20,Arrow x 5,30,1,Warm Darner,10,4,Sunset Firefly,10,4,Tireless Frog,100,2,,,,,,,,,,,,,,,,,,,,,,,,,,,,,,,,,,,,,,,,,,,,,,,,,,,,,,,,,,,,,,,,,,,,,,,,,,,,,,,,,,,,,,,,,,,,,,,,,,,,,,,,,,,,,,,,,,,,,,,,,,,,,,,,,,,,,,,,,,,,,,,,,,,,,,,,,,,,,,,,,,
BatteryExchangeShop_01,Npc_Zonau_Golem_Servant_BaseCamp_01,Crystal Refinery,Steward Construct,Lookout Landing,-,Crystallized Charges,Crystal Refinery,Fan,3,10,Wing,3,10,Cart,3,10,Balloon,3,10,Rocket,3,10,Time Bomb,3,10,Portable Pot,3,10,Flame Emitter,3,10,Frost Emitter,3,10,Shock Emitter,3,10,Beam Emitter,3,10,Hydrant,3,10,Steering Stick,3,10,Big Wheel,3,10,Small Wheel,3,10,Sled,3,10,Battery,3,10,Spring,3,10,Cannon,3,10,Stabilizer,3,10,Hover Stone,3,10,Light,3,10,Stake,3,10,Mirror,3,10,Homing Cart,3,10,Construct Head,3,10,Big Battery,30,10,,,,,,,,,,,,,,,,,,,,,,,,,,,,,,,,,,,,,,,,,,,,,,,,,,,,,,,,,,,,,,,,,,,,,,,,,,,,,,,,,,,,,,,,,,,,,,,,,,,
BatteryExchangeShop_00,Npc_Zonau_Golem_Servant_FirstIsland_22,Crystal Refinery,Steward Construct,Great Sky Island,-,Crystallized Charges,Crystal Refinery,Fan,3,10,Wing,3,10,Cart,3,10,Balloon,3,10,Rocket,3,10,Time Bomb,3,10,Portable Pot,3,10,Flame Emitter,3,10,Frost Emitter,3,10,Shock Emitter,3,10,Beam Emitter,3,10,Hydrant,3,10,Steering Stick,3,10,Big Wheel,3,10,Small Wheel,3,10,Sled,3,10,Battery,3,10,Spring,3,10,Cannon,3,10,Stabilizer,3,10,Hover Stone,3,10,Light,3,10,Stake,3,10,Mirror,3,10,Homing Cart,3,10,Construct Head,3,10,Big Battery,30,10,,,,,,,,,,,,,,,,,,,,,,,,,,,,,,,,,,,,,,,,,,,,,,,,,,,,,,,,,,,,,,,,,,,,,,,,,,,,,,,,,,,,,,,,,,,,,,,,,,,
SmeltShopGolem_00,Npc_Zonau_Golem_Servant_FirstIsland_21,Forge Construct,Forge Construct,Great Sky Island (Mining Cave),-,Zonaite,Forge Construct,Zonai Charge,2,5,Crystallized Charge,3,10,,,,,,,,,,,,,,,,,,,,,,,,,,,,,,,,,,,,,,,,,,,,,,,,,,,,,,,,,,,,,,,,,,,,,,,,,,,,,,,,,,,,,,,,,,,,,,,,,,,,,,,,,,,,,,,,,,,,,,,,,,,,,,,,,,,,,,,,,,,,,,,,,,,,,,,,,,,,,,,,,,,,,,,,,,,,,,
SmeltShopGolem_10,Npc_Zonau_Golem_Servant_Minus0026,Forge Construct,Forge Construct,Great Abandoned Central Mine,-,Zonaite,Forge Construct,Zonai Charge,2,15,Large Zonai Charge,1,5,Crystallized Charge,3,30,Large Crystallized Charge,3,5,,,,,,,,,,,,,,,,,,,,,,,,,,,,,,,,,,,,,,,,,,,,,,,,,,,,,,,,,,,,,,,,,,,,,,,,,,,,,,,,,,,,,,,,,,,,,,,,,,,,,,,,,,,,,,,,,,,,,,,,,,,,,,,,,,,,,,,,,,,,,,,,,,,,,,,,,,,,,,,,,,,,,,,,
-,Npc_Zonau_Golem_Servant_Minus0002,Steward Construct,Steward Construct,Abandoned Gerudo Mine,-,Zonaite,Steward Construct,Zonai Charge,2,99,Large Zonai Charge,1,99,Crystallized Charge,3,99,Large Crystallized Charge,3,99,,,,,,,,,,,,,,,,,,,,,,,,,,,,,,,,,,,,,,,,,,,,,,,,,,,,,,,,,,,,,,,,,,,,,,,,,,,,,,,,,,,,,,,,,,,,,,,,,,,,,,,,,,,,,,,,,,,,,,,,,,,,,,,,,,,,,,,,,,,,,,,,,,,,,,,,,,,,,,,,,,,,,,,,
SmeltShopGolem_01,Npc_Zonau_Golem_Servant_Minus0012,Forge Construct,Forge Construct,Abandoned Gerudo Mine,-,Zonaite,Forge Construct,Zonai Charge,2,15,Large Zonai Charge,1,5,Crystallized Charge,3,30,Large Crystallized Charge,3,5,,,,,,,,,,,,,,,,,,,,,,,,,,,,,,,,,,,,,,,,,,,,,,,,,,,,,,,,,,,,,,,,,,,,,,,,,,,,,,,,,,,,,,,,,,,,,,,,,,,,,,,,,,,,,,,,,,,,,,,,,,,,,,,,,,,,,,,,,,,,,,,,,,,,,,,,,,,,,,,,,,,,,,,,
-,Npc_Zonau_Golem_Servant_Minus0022,Steward Construct,Steward Construct,Abandoned Gerudo Mine,-,Zonaite,Steward Construct,Zonai Charge,2,99,Large Zonai Charge,1,99,Crystallized Charge,3,99,Large Crystallized Charge,3,99,,,,,,,,,,,,,,,,,,,,,,,,,,,,,,,,,,,,,,,,,,,,,,,,,,,,,,,,,,,,,,,,,,,,,,,,,,,,,,,,,,,,,,,,,,,,,,,,,,,,,,,,,,,,,,,,,,,,,,,,,,,,,,,,,,,,,,,,,,,,,,,,,,,,,,,,,,,,,,,,,,,,,,,,
-,Npc_Zonau_Golem_Servant_Minus0003,Steward Construct,Steward Construct,Abandoned Kara Kara Mine,-,Zonaite,Steward Construct,Zonai Charge,2,99,Large Zonai Charge,1,99,Crystallized Charge,3,99,Large Crystallized Charge,3,99,,,,,,,,,,,,,,,,,,,,,,,,,,,,,,,,,,,,,,,,,,,,,,,,,,,,,,,,,,,,,,,,,,,,,,,,,,,,,,,,,,,,,,,,,,,,,,,,,,,,,,,,,,,,,,,,,,,,,,,,,,,,,,,,,,,,,,,,,,,,,,,,,,,,,,,,,,,,,,,,,,,,,,,,
SmeltShopGolem_02,Npc_Zonau_Golem_Servant_Minus0013,Forge Construct,Forge Construct,Abandoned Kara Kara Mine,-,Zonaite,Forge Construct,Zonai Charge,2,15,Large Zonai Charge,1,5,Crystallized Charge,3,30,Large Crystallized Charge,3,5,,,,,,,,,,,,,,,,,,,,,,,,,,,,,,,,,,,,,,,,,,,,,,,,,,,,,,,,,,,,,,,,,,,,,,,,,,,,,,,,,,,,,,,,,,,,,,,,,,,,,,,,,,,,,,,,,,,,,,,,,,,,,,,,,,,,,,,,,,,,,,,,,,,,,,,,,,,,,,,,,,,,,,,,
-,Npc_Zonau_Golem_Servant_Minus0004,Steward Construct,Steward Construct,Abandoned Lanayru Mine,-,Zonaite,Steward Construct,Zonai Charge,2,99,Large Zonai Charge,1,99,Crystallized Charge,3,99,Large Crystallized Charge,3,99,,,,,,,,,,,,,,,,,,,,,,,,,,,,,,,,,,,,,,,,,,,,,,,,,,,,,,,,,,,,,,,,,,,,,,,,,,,,,,,,,,,,,,,,,,,,,,,,,,,,,,,,,,,,,,,,,,,,,,,,,,,,,,,,,,,,,,,,,,,,,,,,,,,,,,,,,,,,,,,,,,,,,,,,
SmeltShopGolem_03,Npc_Zonau_Golem_Servant_Minus0014,Forge Construct,Forge Construct,Abandoned Lanayru Mine,-,Zonaite,Forge Construct,Zonai Charge,2,15,Large Zonai Charge,1,5,Crystallized Charge,3,30,Large Crystallized Charge,3,5,,,,,,,,,,,,,,,,,,,,,,,,,,,,,,,,,,,,,,,,,,,,,,,,,,,,,,,,,,,,,,,,,,,,,,,,,,,,,,,,,,,,,,,,,,,,,,,,,,,,,,,,,,,,,,,,,,,,,,,,,,,,,,,,,,,,,,,,,,,,,,,,,,,,,,,,,,,,,,,,,,,,,,,,
-,Npc_Zonau_Golem_Servant_Minus0024,Steward Construct,Steward Construct,Abandoned Lanayru Mine,-,Zonaite,Steward Construct,Zonai Charge,2,99,Large Zonai Charge,1,99,Crystallized Charge,3,99,Large Crystallized Charge,3,99,,,,,,,,,,,,,,,,,,,,,,,,,,,,,,,,,,,,,,,,,,,,,,,,,,,,,,,,,,,,,,,,,,,,,,,,,,,,,,,,,,,,,,,,,,,,,,,,,,,,,,,,,,,,,,,,,,,,,,,,,,,,,,,,,,,,,,,,,,,,,,,,,,,,,,,,,,,,,,,,,,,,,,,,
-,Npc_Zonau_Golem_Servant_Minus0005,Steward Construct,Steward Construct,Abandoned Hebra Mine,-,Zonaite,Steward Construct,Zonai Charge,2,99,Large Zonai Charge,1,99,Crystallized Charge,3,99,Large Crystallized Charge,3,99,,,,,,,,,,,,,,,,,,,,,,,,,,,,,,,,,,,,,,,,,,,,,,,,,,,,,,,,,,,,,,,,,,,,,,,,,,,,,,,,,,,,,,,,,,,,,,,,,,,,,,,,,,,,,,,,,,,,,,,,,,,,,,,,,,,,,,,,,,,,,,,,,,,,,,,,,,,,,,,,,,,,,,,,
SmeltShopGolem_04,Npc_Zonau_Golem_Servant_Minus0015,Forge Construct,Forge Construct,Abandoned Hebra Mine,-,Zonaite,Forge Construct,Zonai Charge,2,15,Large Zonai Charge,1,5,Crystallized Charge,3,30,Large Crystallized Charge,3,5,,,,,,,,,,,,,,,,,,,,,,,,,,,,,,,,,,,,,,,,,,,,,,,,,,,,,,,,,,,,,,,,,,,,,,,,,,,,,,,,,,,,,,,,,,,,,,,,,,,,,,,,,,,,,,,,,,,,,,,,,,,,,,,,,,,,,,,,,,,,,,,,,,,,,,,,,,,,,,,,,,,,,,,,
-,Npc_Zonau_Golem_Servant_Minus0025,Steward Construct,Steward Construct,Abandoned Hebra Mine,-,Zonaite,Steward Construct,Zonai Charge,2,99,Large Zonai Charge,1,99,Crystallized Charge,3,99,Large Crystallized Charge,3,99,,,,,,,,,,,,,,,,,,,,,,,,,,,,,,,,,,,,,,,,,,,,,,,,,,,,,,,,,,,,,,,,,,,,,,,,,,,,,,,,,,,,,,,,,,,,,,,,,,,,,,,,,,,,,,,,,,,,,,,,,,,,,,,,,,,,,,,,,,,,,,,,,,,,,,,,,,,,,,,,,,,,,,,,
-,Npc_Zonau_Golem_Servant_Minus0006,Steward Construct,Steward Construct,Abandoned Eldin Mine,-,Zonaite,Steward Construct,Zonai Charge,2,99,Large Zonai Charge,1,99,Crystallized Charge,3,99,Large Crystallized Charge,3,99,,,,,,,,,,,,,,,,,,,,,,,,,,,,,,,,,,,,,,,,,,,,,,,,,,,,,,,,,,,,,,,,,,,,,,,,,,,,,,,,,,,,,,,,,,,,,,,,,,,,,,,,,,,,,,,,,,,,,,,,,,,,,,,,,,,,,,,,,,,,,,,,,,,,,,,,,,,,,,,,,,,,,,,,
SmeltShopGolem_05,Npc_Zonau_Golem_Servant_Minus0016,Forge Construct,Forge Construct,Abandoned Eldin Mine,-,Zonaite,Forge Construct,Zonai Charge,2,15,Large Zonai Charge,1,5,Crystallized Charge,3,30,Large Crystallized Charge,3,5,,,,,,,,,,,,,,,,,,,,,,,,,,,,,,,,,,,,,,,,,,,,,,,,,,,,,,,,,,,,,,,,,,,,,,,,,,,,,,,,,,,,,,,,,,,,,,,,,,,,,,,,,,,,,,,,,,,,,,,,,,,,,,,,,,,,,,,,,,,,,,,,,,,,,,,,,,,,,,,,,,,,,,,,
-,Npc_Zonau_Golem_Servant_Minus0007,Steward Construct,Steward Construct,Abandoned Tarrey Mine,-,Zonaite,Steward Construct,Zonai Charge,2,99,Large Zonai Charge,1,99,Crystallized Charge,3,99,Large Crystallized Charge,3,99,,,,,,,,,,,,,,,,,,,,,,,,,,,,,,,,,,,,,,,,,,,,,,,,,,,,,,,,,,,,,,,,,,,,,,,,,,,,,,,,,,,,,,,,,,,,,,,,,,,,,,,,,,,,,,,,,,,,,,,,,,,,,,,,,,,,,,,,,,,,,,,,,,,,,,,,,,,,,,,,,,,,,,,,
SmeltShopGolem_06,Npc_Zonau_Golem_Servant_Minus0017,Forge Construct,Forge Construct,Abandoned Tarrey Mine,-,Zonaite,Forge Construct,Zonai Charge,2,15,Large Zonai Charge,1,5,Crystallized Charge,3,30,Large Crystallized Charge,3,5,,,,,,,,,,,,,,,,,,,,,,,,,,,,,,,,,,,,,,,,,,,,,,,,,,,,,,,,,,,,,,,,,,,,,,,,,,,,,,,,,,,,,,,,,,,,,,,,,,,,,,,,,,,,,,,,,,,,,,,,,,,,,,,,,,,,,,,,,,,,,,,,,,,,,,,,,,,,,,,,,,,,,,,,
-,Npc_Zonau_Golem_Servant_Minus0008,Steward Construct,Steward Construct,Abandoned Kakariko Mine,-,Zonaite,Steward Construct,Zonai Charge,2,99,Large Zonai Charge,1,99,Crystallized Charge,3,99,Large Crystallized Charge,3,99,,,,,,,,,,,,,,,,,,,,,,,,,,,,,,,,,,,,,,,,,,,,,,,,,,,,,,,,,,,,,,,,,,,,,,,,,,,,,,,,,,,,,,,,,,,,,,,,,,,,,,,,,,,,,,,,,,,,,,,,,,,,,,,,,,,,,,,,,,,,,,,,,,,,,,,,,,,,,,,,,,,,,,,,
SmeltShopGolem_07,Npc_Zonau_Golem_Servant_Minus0018,Forge Construct,Forge Construct,Abandoned Kakariko Mine,-,Zonaite,Forge Construct,Zonai Charge,2,15,Large Zonai Charge,1,5,Crystallized Charge,3,30,Large Crystallized Charge,3,5,,,,,,,,,,,,,,,,,,,,,,,,,,,,,,,,,,,,,,,,,,,,,,,,,,,,,,,,,,,,,,,,,,,,,,,,,,,,,,,,,,,,,,,,,,,,,,,,,,,,,,,,,,,,,,,,,,,,,,,,,,,,,,,,,,,,,,,,,,,,,,,,,,,,,,,,,,,,,,,,,,,,,,,,
-,Npc_Zonau_Golem_Servant_Minus0009,Steward Construct,Steward Construct,Abandoned Hateno Mine,-,Zonaite,Steward Construct,Zonai Charge,2,99,Large Zonai Charge,1,99,Crystallized Charge,3,99,Large Crystallized Charge,3,99,,,,,,,,,,,,,,,,,,,,,,,,,,,,,,,,,,,,,,,,,,,,,,,,,,,,,,,,,,,,,,,,,,,,,,,,,,,,,,,,,,,,,,,,,,,,,,,,,,,,,,,,,,,,,,,,,,,,,,,,,,,,,,,,,,,,,,,,,,,,,,,,,,,,,,,,,,,,,,,,,,,,,,,,
SmeltShopGolem_08,Npc_Zonau_Golem_Servant_Minus0019,Forge Construct,Forge Construct,Abandoned Hateno Mine,-,Zonaite,Forge Construct,Zonai Charge,2,15,Large Zonai Charge,1,5,Crystallized Charge,3,30,Large Crystallized Charge,3,5,,,,,,,,,,,,,,,,,,,,,,,,,,,,,,,,,,,,,,,,,,,,,,,,,,,,,,,,,,,,,,,,,,,,,,,,,,,,,,,,,,,,,,,,,,,,,,,,,,,,,,,,,,,,,,,,,,,,,,,,,,,,,,,,,,,,,,,,,,,,,,,,,,,,,,,,,,,,,,,,,,,,,,,,
-,Npc_Zonau_Golem_Servant_Minus0010,Steward Construct,Steward Construct,Abandoned Lurelin Mine,-,Zonaite,Steward Construct,Zonai Charge,2,99,Large Zonai Charge,1,99,Crystallized Charge,3,99,Large Crystallized Charge,3,99,,,,,,,,,,,,,,,,,,,,,,,,,,,,,,,,,,,,,,,,,,,,,,,,,,,,,,,,,,,,,,,,,,,,,,,,,,,,,,,,,,,,,,,,,,,,,,,,,,,,,,,,,,,,,,,,,,,,,,,,,,,,,,,,,,,,,,,,,,,,,,,,,,,,,,,,,,,,,,,,,,,,,,,,
SmeltShopGolem_09,Npc_Zonau_Golem_Servant_Minus0020,Forge Construct,Forge Construct,Abandoned Lurelin Mine,-,Zonaite,Forge Construct,Zonai Charge,2,15,Large Zonai Charge,1,5,Crystallized Charge,3,30,Large Crystallized Charge,3,5,,,,,,,,,,,,,,,,,,,,,,,,,,,,,,,,,,,,,,,,,,,,,,,,,,,,,,,,,,,,,,,,,,,,,,,,,,,,,,,,,,,,,,,,,,,,,,,,,,,,,,,,,,,,,,,,,,,,,,,,,,,,,,,,,,,,,,,,,,,,,,,,,,,,,,,,,,,,,,,,,,,,,,,,
ForgeShopGolem,Npc_Zonau_Golem_Servant_ZonauChallenge_01,Smithing Construct,Smithing Construct,Spirit Temple,-,Zonaite,Smithing Construct,Mighty Zonaite Sword,45,1,Mighty Zonaite Longsword,60,1,Mighty Zonaite Spear,30,1,Mighty Zonaite Shield,45,1,Zonaite Bow,60,1,,,,,,,,,,,,,,,,,,,,,,,,,,,,,,,,,,,,,,,,,,,,,,,,,,,,,,,,,,,,,,,,,,,,,,,,,,,,,,,,,,,,,,,,,,,,,,,,,,,,,,,,,,,,,,,,,,,,,,,,,,,,,,,,,,,,,,,,,,,,,,,,,,,,,,,,,,,,,,,,,,,,,
SmallDemonStatue,FldObj_AmosStatue_A_02,Bargainer Statue,-,Lookout Landing,-,Poes,Bargainer Statue,Dark Clump,10,10,Muddle Bud,16,99,Puffshroom,16,99,Bomb Flower,16,99,Dark Hood,300,1,Dark Tunic,150,1,Dark Trousers,200,1,Hood of the Depths,300,1,Tunic of the Depths,150,1,Gaiters of the Depths,200,1,Tunic of Memories,400,1,,,,,,,,,,,,,,,,,,,,,,,,,,,,,,,,,,,,,,,,,,,,,,,,,,,,,,,,,,,,,,,,,,,,,,,,,,,,,,,,,,,,,,,,,,,,,,,,,,,,,,,,,,,,,,,,,,,,,,,,,,,,,,,,,,,,,,,,,,,,,,,,,,,
DemonStatue_00,TwnObj_DemonStatue_C_01,Bargainer Statue,-,Great Abandoned Central Mine,-,Poes,Bargainer Statue,Dark Clump,10,10,Muddle Bud,16,99,Puffshroom,16,99,Bomb Flower,16,99,Dark Hood,300,1,Dark Tunic,150,1,Dark Trousers,200,1,Hood of the Depths,300,1,Tunic of the Depths,150,1,Gaiters of the Depths,200,1,Tunic of Memories,400,1,Cap of the Hero,400,1,Tunic of the Hero,400,1,Trousers of the Hero,400,1,Cap of Time,400,1,Tunic of Time,400,1,Trousers of Time,400,1,Cap of Twilight,400,1,Tunic of Twilight,400,1,Trousers of Twilight,400,1,Cap of the Wind,400,1,Tunic of the Wind,400,1,Trousers of the Wind,400,1,Cap of the Sky,400,1,Tunic of the Sky,400,1,Trousers of the Sky,400,1,Cap of the Wild,400,1,Tunic of the Wild,400,1,Trousers of the Wild,400,1,Mask of Awakening,400,1,Tunic of Awakening,400,1,Trousers of Awakening,400,1,Fierce Deity Mask,400,1,Fierce Deity Armor,400,1,Fierce Deity Boots,400,1,Phantom Helmet,400,1,Phantom Armor,400,1,Phantom Greaves,400,1,Evil Spirit Mask,400,1,Evil Spirit Armor,400,1,Evil Spirit Greaves,400,1,Tingle's Hood,400,1,Tingle's Shirt,400,1,Tingle's Tights,400,1,Island Lobster Shirt,400,1,Sheik's Mask,400,1,Majora's Mask,400,1,Midna's Helmet,400,1,Zant's Helmet,400,1,Ravio's Hood,400,1,Korok Mask,400,1,Magic Rod,100,1,Magic Scepter,100,1,Magic Staff,100,1,Sword of the Hero,100,1,Biggoron's Sword,150,1,Dusk Claymore,140,1,Fierce Deity Sword,160,1,Sea-Breeze Boomerang,100,1,Sea-Breeze Shield,120,1
DemonStatue_01,TwnObj_DemonStatue_C_02,Bargainer Statue,-,Plains Bargainer Statue,-,Poes,Bargainer Statue,Dark Clump,10,10,Muddle Bud,16,99,Puffshroom,16,99,Bomb Flower,16,99,Dark Hood,300,1,Dark Tunic,150,1,Dark Trousers,200,1,Hood of the Depths,300,1,Tunic of the Depths,150,1,Gaiters of the Depths,200,1,Tunic of Memories,400,1,Cap of the Hero,400,1,Tunic of the Hero,400,1,Trousers of the Hero,400,1,Cap of Time,400,1,Tunic of Time,400,1,Trousers of Time,400,1,Cap of Twilight,400,1,Tunic of Twilight,400,1,Trousers of Twilight,400,1,Cap of the Wind,400,1,Tunic of the Wind,400,1,Trousers of the Wind,400,1,Cap of the Sky,400,1,Tunic of the Sky,400,1,Trousers of the Sky,400,1,Cap of the Wild,400,1,Tunic of the Wild,400,1,Trousers of the Wild,400,1,Mask of Awakening,400,1,Tunic of Awakening,400,1,Trousers of Awakening,400,1,Fierce Deity Mask,400,1,Fierce Deity Armor,400,1,Fierce Deity Boots,400,1,Phantom Helmet,400,1,Phantom Armor,400,1,Phantom Greaves,400,1,Evil Spirit Mask,400,1,Evil Spirit Armor,400,1,Evil Spirit Greaves,400,1,Tingle's Hood,400,1,Tingle's Shirt,400,1,Tingle's Tights,400,1,Island Lobster Shirt,400,1,Sheik's Mask,400,1,Majora's Mask,400,1,Midna's Helmet,400,1,Zant's Helmet,400,1,Ravio's Hood,400,1,Korok Mask,400,1,Magic Rod,100,1,Magic Scepter,100,1,Magic Staff,100,1,Sword of the Hero,100,1,Biggoron's Sword,150,1,Dusk Claymore,140,1,Fierce Deity Sword,160,1,Sea-Breeze Boomerang,100,1,Sea-Breeze Shield,120,1
DemonStatue_02,TwnObj_DemonStatue_C_03,Bargainer Statue,-,Cliff Bargainer Statue,-,Poes,Bargainer Statue,Dark Clump,10,10,Muddle Bud,16,99,Puffshroom,16,99,Bomb Flower,16,99,Dark Hood,300,1,Dark Tunic,150,1,Dark Trousers,200,1,Hood of the Depths,300,1,Tunic of the Depths,150,1,Gaiters of the Depths,200,1,Tunic of Memories,400,1,Cap of the Hero,400,1,Tunic of the Hero,400,1,Trousers of the Hero,400,1,Cap of Time,400,1,Tunic of Time,400,1,Trousers of Time,400,1,Cap of Twilight,400,1,Tunic of Twilight,400,1,Trousers of Twilight,400,1,Cap of the Wind,400,1,Tunic of the Wind,400,1,Trousers of the Wind,400,1,Cap of the Sky,400,1,Tunic of the Sky,400,1,Trousers of the Sky,400,1,Cap of the Wild,400,1,Tunic of the Wild,400,1,Trousers of the Wild,400,1,Mask of Awakening,400,1,Tunic of Awakening,400,1,Trousers of Awakening,400,1,Fierce Deity Mask,400,1,Fierce Deity Armor,400,1,Fierce Deity Boots,400,1,Phantom Helmet,400,1,Phantom Armor,400,1,Phantom Greaves,400,1,Evil Spirit Mask,400,1,Evil Spirit Armor,400,1,Evil Spirit Greaves,400,1,Tingle's Hood,400,1,Tingle's Shirt,400,1,Tingle's Tights,400,1,Island Lobster Shirt,400,1,Sheik's Mask,400,1,Majora's Mask,400,1,Midna's Helmet,400,1,Zant's Helmet,400,1,Ravio's Hood,400,1,Korok Mask,400,1,Magic Rod,100,1,Magic Scepter,100,1,Magic Staff,100,1,Sword of the Hero,100,1,Biggoron's Sword,150,1,Dusk Claymore,140,1,Fierce Deity Sword,160,1,Sea-Breeze Boomerang,100,1,Sea-Breeze Shield,120,1
DemonStatue_03,TwnObj_DemonStatue_C_04,Bargainer Statue,-,Wellspring of Wisdom,-,Poes,Bargainer Statue,Dark Clump,10,10,Muddle Bud,16,99,Puffshroom,16,99,Bomb Flower,16,99,Dark Hood,300,1,Dark Tunic,150,1,Dark Trousers,200,1,Hood of the Depths,300,1,Tunic of the Depths,150,1,Gaiters of the Depths,200,1,Tunic of Memories,400,1,Cap of the Hero,400,1,Tunic of the Hero,400,1,Trousers of the Hero,400,1,Cap of Time,400,1,Tunic of Time,400,1,Trousers of Time,400,1,Cap of Twilight,400,1,Tunic of Twilight,400,1,Trousers of Twilight,400,1,Cap of the Wind,400,1,Tunic of the Wind,400,1,Trousers of the Wind,400,1,Cap of the Sky,400,1,Tunic of the Sky,400,1,Trousers of the Sky,400,1,Cap of the Wild,400,1,Tunic of the Wild,400,1,Trousers of the Wild,400,1,Mask of Awakening,400,1,Tunic of Awakening,400,1,Trousers of Awakening,400,1,Fierce Deity Mask,400,1,Fierce Deity Armor,400,1,Fierce Deity Boots,400,1,Phantom Helmet,400,1,Phantom Armor,400,1,Phantom Greaves,400,1,Evil Spirit Mask,400,1,Evil Spirit Armor,400,1,Evil Spirit Greaves,400,1,Tingle's Hood,400,1,Tingle's Shirt,400,1,Tingle's Tights,400,1,Island Lobster Shirt,400,1,Sheik's Mask,400,1,Majora's Mask,400,1,Midna's Helmet,400,1,Zant's Helmet,400,1,Ravio's Hood,400,1,Korok Mask,400,1,Magic Rod,100,1,Magic Scepter,100,1,Magic Staff,100,1,Sword of the Hero,100,1,Biggoron's Sword,150,1,Dusk Claymore,140,1,Fierce Deity Sword,160,1,Sea-Breeze Boomerang,100,1,Sea-Breeze Shield,120,1
DemonStatue_04,TwnObj_DemonStatue_C_05,Bargainer Statue,-,Wellspring of Courage,-,Poes,Bargainer Statue,Dark Clump,10,10,Muddle Bud,16,99,Puffshroom,16,99,Bomb Flower,16,99,Dark Hood,300,1,Dark Tunic,150,1,Dark Trousers,200,1,Hood of the Depths,300,1,Tunic of the Depths,150,1,Gaiters of the Depths,200,1,Tunic of Memories,400,1,Cap of the Hero,400,1,Tunic of the Hero,400,1,Trousers of the Hero,400,1,Cap of Time,400,1,Tunic of Time,400,1,Trousers of Time,400,1,Cap of Twilight,400,1,Tunic of Twilight,400,1,Trousers of Twilight,400,1,Cap of the Wind,400,1,Tunic of the Wind,400,1,Trousers of the Wind,400,1,Cap of the Sky,400,1,Tunic of the Sky,400,1,Trousers of the Sky,400,1,Cap of the Wild,400,1,Tunic of the Wild,400,1,Trousers of the Wild,400,1,Mask of Awakening,400,1,Tunic of Awakening,400,1,Trousers of Awakening,400,1,Fierce Deity Mask,400,1,Fierce Deity Armor,400,1,Fierce Deity Boots,400,1,Phantom Helmet,400,1,Phantom Armor,400,1,Phantom Greaves,400,1,Evil Spirit Mask,400,1,Evil Spirit Armor,400,1,Evil Spirit Greaves,400,1,Tingle's Hood,400,1,Tingle's Shirt,400,1,Tingle's Tights,400,1,Island Lobster Shirt,400,1,Sheik's Mask,400,1,Majora's Mask,400,1,Midna's Helmet,400,1,Zant's Helmet,400,1,Ravio's Hood,400,1,Korok Mask,400,1,Magic Rod,100,1,Magic Scepter,100,1,Magic Staff,100,1,Sword of the Hero,100,1,Biggoron's Sword,150,1,Dusk Claymore,140,1,Fierce Deity Sword,160,1,Sea-Breeze Boomerang,100,1,Sea-Breeze Shield,120,1
DemonStatue_05,TwnObj_DemonStatue_C_06,Bargainer Statue,-,Wellspring of Power,-,Poes,Bargainer Statue,Dark Clump,10,10,Muddle Bud,16,99,Puffshroom,16,99,Bomb Flower,16,99,Dark Hood,300,1,Dark Tunic,150,1,Dark Trousers,200,1,Hood of the Depths,300,1,Tunic of the Depths,150,1,Gaiters of the Depths,200,1,Tunic of Memories,400,1,Cap of the Hero,400,1,Tunic of the Hero,400,1,Trousers of the Hero,400,1,Cap of Time,400,1,Tunic of Time,400,1,Trousers of Time,400,1,Cap of Twilight,400,1,Tunic of Twilight,400,1,Trousers of Twilight,400,1,Cap of the Wind,400,1,Tunic of the Wind,400,1,Trousers of the Wind,400,1,Cap of the Sky,400,1,Tunic of the Sky,400,1,Trousers of the Sky,400,1,Cap of the Wild,400,1,Tunic of the Wild,400,1,Trousers of the Wild,400,1,Mask of Awakening,400,1,Tunic of Awakening,400,1,Trousers of Awakening,400,1,Fierce Deity Mask,400,1,Fierce Deity Armor,400,1,Fierce Deity Boots,400,1,Phantom Helmet,400,1,Phantom Armor,400,1,Phantom Greaves,400,1,Evil Spirit Mask,400,1,Evil Spirit Armor,400,1,Evil Spirit Greaves,400,1,Tingle's Hood,400,1,Tingle's Shirt,400,1,Tingle's Tights,400,1,Island Lobster Shirt,400,1,Sheik's Mask,400,1,Majora's Mask,400,1,Midna's Helmet,400,1,Zant's Helmet,400,1,Ravio's Hood,400,1,Korok Mask,400,1,Magic Rod,100,1,Magic Scepter,100,1,Magic Staff,100,1,Sword of the Hero,100,1,Biggoron's Sword,150,1,Dusk Claymore,140,1,Fierce Deity Sword,160,1,Sea-Breeze Boomerang,100,1,Sea-Breeze Shield,120,1